name,benchmark_track,benchmark_type,type_sample_index,split,orientation,width,height,frames,fps,duration_sec,overlay_count,primary_language,subtitle_text,audio_present,known_train_overlap,ocr_status
standard_subtitle__000_001__clean_0000_000000000_000009000,vlm_multitype,standard_subtitle,0,synthetic,portrait,404,720,81,25.0,3.24,2,zh,雨夜桥头，她独自伫立。 | 桥上三人，静默对望。,True,False,clean
standard_subtitle__002_item61_v0d00fg10000d753rffog65qe6mv4oh0__clean_0000_000058000_000063500,vlm_multitype,standard_subtitle,2,synthetic,landscape,720,404,81,25.0,3.24,2,zh,竹林深处，静谧如初 | 竹林幽深，光线穿透林间,True,False,clean
standard_subtitle__003_item32_v0200fg10000d7ku4ofog65vkqvn6d6g__clean_0000_000000000_000007000,vlm_multitype,standard_subtitle,3,synthetic,portrait,540,960,81,25.0,3.24,2,zh,他轻声问她想吃什么。 | 她低头笑，没说话。,True,False,clean
standard_subtitle__004_item37_v0d00fg10000d72aujfog65iud0m6l80__clean_0001_000101000_000107000,vlm_multitype,standard_subtitle,4,synthetic,portrait,540,960,81,25.0,3.24,2,zh,香炉轻烟袅袅升起 | 少年凝神注视炉中烟雾,True,False,clean
standard_subtitle__005_052__clean_0000_000052000_000058000,vlm_multitype,standard_subtitle,5,synthetic,portrait,540,960,81,25.0,3.24,2,zh,她轻啜热饮，望向窗外。 | 他缓步走近，目光沉静。,True,False,clean
standard_subtitle__007_item49_v0300fg10000d7a80mvog65p3mfr41i0__clean_0000_000024000_000030000,vlm_multitype,standard_subtitle,7,synthetic,landscape,1280,720,81,25.0,3.24,2,zh,你可别后悔 | 我答应你,True,False,clean
standard_subtitle__008_014__clean_0001_000026000_000032000,vlm_multitype,standard_subtitle,8,synthetic,portrait,720,960,81,25.0,3.24,2,en,"Her breathing is weak, eyes closed under oxygen mask. | Doctor leans forward, serious, hand hovering before her.",True,False,clean
standard_subtitle__009_item70_v0200fg10000d621qbnog65q2gpcf43g__clean_0000_000000000_000009000,vlm_multitype,standard_subtitle,9,synthetic,landscape,1280,720,81,24.0,3.375,2,en,"The desert sun burns low, casting long shadows. | He lights the lighter, the flame flickers against the heat.",True,False,clean
standard_subtitle__010_062__clean_0001_000070000_000075000,vlm_multitype,standard_subtitle,10,synthetic,portrait,404,720,81,25.0,3.24,2,en,"Man sits on floor, gesturing as if explaining something. | Man opens red envelope, reads contents with focused expression.",True,False,clean
standard_subtitle__011_item63_v0d00fg10000d4f7d87og65p6l5hsoeg__clean_0000_000036000_000045000,vlm_multitype,standard_subtitle,11,synthetic,landscape,720,404,81,25.0,3.24,2,en,"The bird's magic beam strikes the man in red robes. | The man in white robes points, channeling energy with his finger.",True,False,clean
standard_subtitle__012_item40_v0300fg10000d6sdvqnog65k38lqgsag__clean_0002_000034000_000039000,vlm_multitype,standard_subtitle,12,synthetic,landscape,720,404,81,25.0,3.24,2,en,"He clenches his fist, pain etched on his face. | His breath hitches as he closes his eyes.",True,False,clean
standard_subtitle__014_item28_v0200fg10000d6r6dvvog65sjr67f4rg__clean_0000_000038000_000044000,vlm_multitype,standard_subtitle,14,synthetic,portrait,540,960,81,25.0,3.24,2,ja,鍋をかき混ぜる。 | 木の火をそっと添える。,True,False,clean
standard_subtitle__015_0004_v0300fg10000ct7cr47og65rdkouoj7g__clean_0004_000097000_000102000,vlm_multitype,standard_subtitle,15,synthetic,portrait,540,960,81,25.0,3.24,2,ja,君の笑顔が好き | これからもずっと,True,False,clean
standard_subtitle__018_0053_v0300fg10000cuna4pvog65jt9bf07j0__clean_0000_000002000_000014000,vlm_multitype,standard_subtitle,18,synthetic,portrait,720,1280,81,25.0,3.24,2,ko,무대 조명이 번쩍이며 그는 눈을 감고 생각한다. | 그녀가 약간의 목소리로 노래를 시작한다.,True,False,clean
standard_subtitle__019_0014_v0300fg10000culgsfvog65jt9ajm690__clean_0001_000071000_000076000,vlm_multitype,standard_subtitle,19,synthetic,portrait,720,1280,81,25.0,3.24,2,th,เอา | ให้ฉันดู,True,False,clean
standard_subtitle__020_item2_v0300fg10000d7h21fnog65vue1sh42g__clean_0002_000051000_000056000,vlm_multitype,standard_subtitle,20,synthetic,portrait,404,720,81,24.0,3.375,2,zh,你别动，我来帮你。 | 快跑，别让他们追上。,True,False,clean
standard_subtitle__021_item38_v0d00fg10000d847hpfog65hur8n99j0__clean_0000_000082000_000093000,vlm_multitype,standard_subtitle,21,synthetic,landscape,720,404,81,25.0,3.24,2,zh,石碑裂开，我已无路可退。 | 少年面对裂开的石碑，陷入困境。,True,False,clean
standard_subtitle__022_item16_v0300fg10000d679av7og65k2telddg0__clean_0000_000075000_000084000,vlm_multitype,standard_subtitle,22,synthetic,landscape,720,404,81,25.0,3.24,2,zh,门把手被轻轻转动。 | 走廊尽头传来脚步声。,True,False,clean
standard_subtitle__023_item27_v0200fg10000d7pc5enog65s7t0u63tg__clean_0001_000102000_000108000,vlm_multitype,standard_subtitle,23,synthetic,portrait,540,960,81,25.0,3.24,2,zh,老汉指了指山头 | 媳妇握着锄头站稳,True,False,clean
standard_subtitle__025_077__clean_0000_000001000_000006000,vlm_multitype,standard_subtitle,25,synthetic,portrait,540,960,81,20.0,4.05,2,zh,你别动，我给你个机会。 | 我认输，你赢了。,True,False,clean
standard_subtitle__027_item22_v0200fg10000d7ma9s7og65qc6e4m270__clean_0000_000000000_000007000,vlm_multitype,standard_subtitle,27,synthetic,portrait,720,1280,81,24.0,3.375,2,zh,刀光一闪，血染衣襟。 | 黑衣人立于光中，静待时机。,True,False,clean
standard_subtitle__028_item36_v0300fg10000d3s82mvog65n3mebhog0__clean_0001_000055000_000063000,vlm_multitype,standard_subtitle,28,synthetic,landscape,1280,720,81,25.0,3.24,2,en,"Thunder looms, sky dims. | Golden light pierces clouds, storm nears.",True,False,clean
standard_subtitle__029_015__clean_0000_000024000_000029000,vlm_multitype,standard_subtitle,29,synthetic,portrait,720,1280,81,25.0,3.24,2,en,"He gently holds her hand, voice low and tender. | She closes her eyes, breathing softly as he strokes her wrist.",True,False,clean
standard_subtitle__030_055__clean_0000_000079000_000087067,vlm_multitype,standard_subtitle,30,synthetic,portrait,404,720,81,25.0,3.24,2,en,"Applause rings out, atmosphere lively. | She smiles gently, gaze tender.",True,False,clean
standard_subtitle__031_050__clean_0000_000000000_000006000,vlm_multitype,standard_subtitle,31,synthetic,portrait,404,720,81,25.0,3.24,2,en,"Gently pluck a leaf, feel nature's gift. | Finger traces vein, savor quiet moment.",True,False,clean
standard_subtitle__032_item47_v0200fg10000d7aahc7og65updhvhq3g__clean_0000_000015000_000028000,vlm_multitype,standard_subtitle,32,synthetic,landscape,720,404,81,25.0,3.24,2,en,"The celestial hand descends, summoning the golden dragon's power. | The monk raises his staff as the dragon coils around him",True,False,clean
standard_subtitle__033_0068_v0d00fg10000culgvmfog65nq6sevvo0__clean_0000_000064000_000074000,vlm_multitype,standard_subtitle,33,synthetic,portrait,540,960,81,25.0,3.24,2,ja,目を閉じて、そっと唇を触れる。 | 彼女の髪をそっと撫でる。,True,False,clean
standard_subtitle__034_item49_v0300fg10000d6vq4c7og65l0a0aast0__clean_0001_000016000_000022000,vlm_multitype,standard_subtitle,34,synthetic,landscape,960,540,81,25.0,3.24,2,ja,母艦のエンジンが点灯した | 静寂に包まれた基地,True,False,clean
standard_subtitle__035_item44_v0300fg10000d7vhbbfog65m6ov6mth0__clean_0000_000061000_000066000,vlm_multitype,standard_subtitle,35,synthetic,portrait,552,960,81,25.0,3.24,2,ja,工事の進捗を確認します。 | このひびは深刻ですね。,True,False,clean
standard_subtitle__036_item1_v0d00fg10000d75mkfvog65g2judv1s0__clean_0000_000041000_000052000,vlm_multitype,standard_subtitle,36,synthetic,portrait,540,960,81,25.0,3.24,2,ko,비가 내리고 있어요 | 비가 내리는 도시의 거리,True,False,clean
standard_subtitle__037_039__clean_0001_000097000_000104000,vlm_multitype,standard_subtitle,37,synthetic,portrait,720,1280,81,25.0,3.24,2,ko,눈에 붕대를 끼고 누워 있음 | 환자 상태를 보여주는 장면,True,False,clean
standard_subtitle__040_item63_v0d00fg10000d7g9opnog65g2jq1j380__clean_0001_000024000_000029000,vlm_multitype,standard_subtitle,40,synthetic,landscape,720,308,81,25.0,3.24,2,zh,士兵们静立雪原守尸 | 雪地战场，士兵守尸,True,False,clean
standard_subtitle__041_item16_v0300fg10000d7r1ba7og65jmm1am590__clean_0000_000000000_000005000,vlm_multitype,standard_subtitle,41,synthetic,portrait,404,720,81,25.0,3.24,2,zh,车停了，人出来了。 | 跟上，别掉队。,True,False,clean
standard_subtitle__042_0006_v0300fg10000cqho98fog65m3i86eppg__clean_0000_000100000_000107000,vlm_multitype,standard_subtitle,42,synthetic,portrait,404,720,81,25.0,3.24,2,zh,我错了，你别生气。 | 你先别走，我还有话。,True,False,clean
standard_subtitle__043_028__clean_0001_000076000_000084000,vlm_multitype,standard_subtitle,43,synthetic,portrait,540,960,81,25.0,3.24,2,zh,他轻抚她发丝 | 她低头轻咬金饰,True,False,clean
standard_subtitle__044_038__clean_0000_000002000_000007000,vlm_multitype,standard_subtitle,44,synthetic,portrait,540,960,81,25.0,3.24,2,zh,她低头看着手中的手机。 | 他脚步沉重地走过蓝色地板。,True,False,clean
standard_subtitle__046_008__clean_0002_000061000_000066000,vlm_multitype,standard_subtitle,46,synthetic,portrait,540,960,81,25.0,3.24,2,zh,你今天真好看。 | 我等你很久了。,True,False,clean
standard_subtitle__047_item67_v0d00fg10000d51qfdvog65vdokaigl0__clean_0000_000053000_000059000,vlm_multitype,standard_subtitle,47,synthetic,landscape,1280,720,81,25.0,3.24,2,zh,刘兄 | 这队人马真多,True,False,clean
standard_subtitle__050_item44_v0200fg10000d7jp6mvog65updjpif2g__clean_0000_000010000_000026000,vlm_multitype,standard_subtitle,50,synthetic,portrait,404,720,81,24.0,3.375,2,en,"The phone screen lights up, she frowns at the text. | Child's small hand reaches out, she smiles softly.",True,False,clean
standard_subtitle__051_item77_v0300fg10000d7gdm6nog65s0uj7r5g0__clean_0001_000066000_000071000,vlm_multitype,standard_subtitle,51,synthetic,portrait,404,720,81,24.0,3.375,2,en,"He sighed softly, eyes calm as still water. | Would you listen to my explanation?",True,False,clean
standard_subtitle__052_item15_v0300fg10000d679atnog65jte87aci0__clean_0000_000000000_000008000,vlm_multitype,standard_subtitle,52,synthetic,landscape,720,404,81,25.0,3.24,2,en,"She closes her eyes, focusing on inner peace. | A purple glow erupts from her pupils, awakening latent power.",True,False,clean
standard_subtitle__053_item26_v0300fg10000d7h3dtnog65vue1vh1r0__clean_0000_000017000_000022000,vlm_multitype,standard_subtitle,53,synthetic,portrait,540,960,81,25.0,3.24,2,ja,静かに眠る。 | 目を覚ましたか？,True,False,clean
standard_subtitle__054_item107_v0300fg10000d7g9p6vog65ouqnhpk60__clean_0000_000000000_000008000,vlm_multitype,standard_subtitle,54,synthetic,portrait,540,960,81,25.0,3.24,2,ja,お前、何を食べたの？ | もう、食べないで,True,False,clean
standard_subtitle__057_item7_v0d00fg10000d6uckivog65suge1krv0__clean_0000_000054000_000062000,vlm_multitype,standard_subtitle,57,synthetic,landscape,1280,720,81,25.0,3.24,2,ko,그녀의 손을 향해 레이저를 쏘다 | 그녀가 손을 뻗어 레이저를 받는다,True,False,clean
standard_subtitle__058_item27_v0300fg10000d7o73inog65hnehp31s0__clean_0000_000003000_000013000,vlm_multitype,standard_subtitle,58,synthetic,portrait,720,1280,81,25.0,3.24,2,ko,그녀가 눈물을 흘리며 말했다. | 그녀의 손을 잡아주었다.,True,False,clean
standard_subtitle__059_068__clean_0000_000010000_000018000,vlm_multitype,standard_subtitle,59,synthetic,portrait,720,1280,81,25.0,3.24,2,th,คุณครับ ขออนุญาตเข้ามาพูดคุยเพิ่มเติม | ขอบคุณครับ ที่มาปรึกษาเรื่องนี้,True,False,clean
standard_subtitle__060_002__clean_0000_000027000_000032000,vlm_multitype,standard_subtitle,60,synthetic,portrait,404,720,81,25.0,3.24,2,zh,雨夜伞下，他轻声问她冷不冷。 | 她低头浅笑，没答话。,True,False,clean
standard_subtitle__061_item22_v0d00fg10000d7g90hvog65q72skqegg__clean_0000_000008000_000014000,vlm_multitype,standard_subtitle,61,synthetic,portrait,404,720,81,25.0,3.24,2,zh,老两口正择菜 | 院里人陆续来了,True,False,clean
standard_subtitle__062_item6_v0d00fg10000cpsgjfnog65ig588h9q0__clean_0000_000039000_000044000,vlm_multitype,standard_subtitle,62,synthetic,landscape,720,404,81,25.0,3.24,2,zh,手机里有你的照片。 | 他追着狗跑过来了。,True,False,clean
standard_subtitle__063_item47_v0d00fg10000d7joggfog65mjt50l5bg__clean_0000_000045000_000050000,vlm_multitype,standard_subtitle,63,synthetic,portrait,540,960,81,25.0,3.24,2,zh,门开，他转身离去。 | 男子推开房门离开。,True,False,clean
standard_subtitle__066_0028_v0300fg10000cqkc687og65r4ig7drs0__clean_0000_000003000_000011000,vlm_multitype,standard_subtitle,66,synthetic,portrait,540,960,81,25.0,3.24,2,zh,哎呀，这饭真香！ | 来，尝尝这个！,True,False,clean
standard_subtitle__067_item66_v0200fg10000d57p4t7og65sk0d2ibp0__clean_0000_000055000_000060000,vlm_multitype,standard_subtitle,67,synthetic,landscape,1280,720,81,25.0,3.24,2,zh,剑光斩落，金羽纷飞。 | 神殿开启，万道金光。,True,False,clean
standard_subtitle__070_item92_v0200fg10000d8aop5fog65vplg3rs1g__clean_0000_000011000_000017000,vlm_multitype,standard_subtitle,70,synthetic,landscape,720,404,81,25.0,3.24,2,en,"He snapped his sleeve, robes flared like wind. | The youth turned, eyes sharp as blade.",True,False,clean
standard_subtitle__071_item15_v0200fg10000d6ukis7og65qd2v2cqu0__clean_0000_000013000_000019000,vlm_multitype,standard_subtitle,71,synthetic,landscape,720,404,81,25.0,3.24,2,en,"Guard stands at gate, blade pointing forward. | General steps out, troops align in formation.",True,False,clean
standard_subtitle__072_item57_v0300fg10000d7av0h7og65l0a0nn32g__clean_0000_000023000_000033000,vlm_multitype,standard_subtitle,72,synthetic,portrait,404,720,81,25.0,3.24,2,en,"Gunfire erupts as men rush toward the car. | The driver stands tall, weapon drawn, as dust settles.",True,False,clean
standard_subtitle__073_015__clean_0001_000066000_000072000,vlm_multitype,standard_subtitle,73,synthetic,portrait,540,960,81,25.0,3.24,2,ja,君の目が、私を待っている。 | この部屋は、静かに眠る。,True,False,clean
standard_subtitle__075_0008_v0200fg10000ct9i637og65jk4si7qkg__clean_0000_000022000_000027000,vlm_multitype,standard_subtitle,75,synthetic,portrait,540,960,81,25.0,3.24,2,ja,エレベーターで、ちょっと待って。 | 紙を手に、少し驚いた。,True,False,clean
standard_subtitle__076_0022_v0200fg10000cujk0p7og65sngd2n6q0__clean_0000_000054000_000059000,vlm_multitype,standard_subtitle,76,synthetic,portrait,540,960,81,25.0,3.24,2,ko,아빠 | 어른이 애정 어린 소리로 부르는 장면,True,False,clean
standard_subtitle__077_item17_v0300fg10000d7h3df7og65gk7vie3f0__clean_0001_000030000_000036000,vlm_multitype,standard_subtitle,77,synthetic,portrait,720,1280,81,25.0,3.24,2,ko,"차가 멈춰서는 순간, 그는 뛰어나왔다. | 그가 땅에 몸을 뒤집어 떨어뜨렸다.",True,False,clean
standard_subtitle__078_004_v0300fg10000d0lf0a7og65t9uegh510__clean_0002_000132000_000139000,vlm_multitype,standard_subtitle,78,synthetic,portrait,720,1280,81,25.0,3.24,2,ko,그리고 그 뒤로는 무한한 하늘이 펼쳐져 있었다. | 바람이 나뭇잎을 흔들며 고요한 조용함을 더했다.,True,False,clean
standard_subtitle__080_item100_v0200fg10000d8aopm7og65kkkcaudf0__clean_0000_000040000_000047000,vlm_multitype,standard_subtitle,80,synthetic,landscape,720,404,81,25.0,3.24,2,zh,山雾缭绕，鸟群掠过林梢。 | 村人聚于道旁，静待吩咐。,True,False,clean
standard_subtitle__081_item12_v0200fg10000d7q8eqnog65kljpi3fm0__clean_0000_000017000_000022000,vlm_multitype,standard_subtitle,81,synthetic,portrait,404,720,81,25.0,3.24,2,zh,他轻声说，别急。 | 门开了，他走进来。,True,False,clean
standard_subtitle__082_item22_v0200fg10000ctlugu7og65k39faout0__clean_0000_000000000_000005000,vlm_multitype,standard_subtitle,82,synthetic,landscape,720,404,81,24.0,3.375,2,zh,雨势倾盆，我冲向山崖。 | 主角在暴雨中奔向山崖,True,False,clean
standard_subtitle__083_0067_v0300fg10000cqhsccnog65kv0j2svd0__clean_0000_000089997_000096997,vlm_multitype,standard_subtitle,83,synthetic,portrait,540,960,81,25.0,3.24,2,zh,书记在看文件，手边有手机。 | 书记在桌前查阅文件，手边有手机。,True,False,clean
standard_subtitle__084_item8_v0300fg10000d7qp17vog65n1ualpc00__clean_0001_000009000_000014000,vlm_multitype,standard_subtitle,84,synthetic,portrait,540,960,81,25.0,3.24,2,zh,喂食时间到，狗狗们围拢。 | 狗狗们争抢食物，场面热闹。,True,False,clean
standard_subtitle__085_045__clean_0000_000098000_000108000,vlm_multitype,standard_subtitle,85,synthetic,portrait,540,960,81,25.0,3.24,2,zh,她轻启唇角，似在低语。 | 他凝视前方，神情专注。,True,False,clean
standard_subtitle__086_item59_v0300fg10000d3s8327og65v4j9ha040__clean_0001_000058000_000065000,vlm_multitype,standard_subtitle,86,synthetic,landscape,960,540,81,25.0,3.24,2,zh,长生殿前，仙鹤与龟共舞。 | 仙人立于莲花前，两侧有神兽相伴。,True,False,clean
standard_subtitle__088_item31_v0d00fg10000d7cfv4nog65qe6hgltv0__clean_0000_000059000_000070000,vlm_multitype,standard_subtitle,88,synthetic,portrait,720,1280,81,25.0,3.24,2,en,"The hooves light tap, he walks through the cobblestone alley. | She looks down, fingers gently tracing the letter.",True,False,clean
standard_subtitle__090_item17_v0300fg10000d7fnft7og65gk7t3aj50__clean_0002_000109000_000114000,vlm_multitype,standard_subtitle,90,synthetic,landscape,720,306,81,25.0,3.24,2,en,You're not the man I thought you were. | I've got something to show you.,True,False,clean
standard_subtitle__093_0038_v0300fg10000culgsrvog65t20l71oo0__clean_0000_000075000_000080000,vlm_multitype,standard_subtitle,93,synthetic,portrait,540,960,81,25.0,3.24,2,ja,「待ってて。」 | 「はい。」,True,False,clean
standard_subtitle__095_item24_v0d00fg10000d7mbpqnog65maecntfig__clean_0000_000091000_000097000,vlm_multitype,standard_subtitle,95,synthetic,portrait,540,960,81,25.0,3.24,2,ja,彼は静かに微笑んだ。 | 手に銃を構えた。,True,False,clean
standard_subtitle__096_item39_v0300fg10000d7hf6snog65un02j63t0__clean_0000_000000000_000008000,vlm_multitype,standard_subtitle,96,synthetic,portrait,540,960,81,25.0,3.24,2,ko,아침이 왔군. | 잠들어 있네.,True,False,clean
standard_subtitle__097_item24_v0300fg10000d7hho9vog65l0a3chaf0__clean_0001_000034000_000040000,vlm_multitype,standard_subtitle,97,synthetic,portrait,720,1280,81,25.0,3.24,2,ko,그녀가 눈을 감았다. | 그가 놀라서 뒤로 물러섰다.,True,False,clean
standard_subtitle__098_item40_v0200fg10000cuumo9nog65t8219eus0__clean_0000_000094000_000099000,vlm_multitype,standard_subtitle,98,synthetic,landscape,1280,718,81,24.0,3.375,2,ko,하늘은 햇빛으로 밝혀졌다 | 바람이 언덕을 스쳐 지나갔다,True,False,clean
standard_subtitle__099_item26_v0200fg10000d7pi59vog65p10f9lto0__clean_0000_000000000_000010000,vlm_multitype,standard_subtitle,99,synthetic,portrait,720,1280,81,25.0,3.24,2,th,เขาอ่านจดหมายอย่างตั้งใจ | เธอจ้องมองเขาด้วยสายตาที่สงสัย,True,False,clean
standard_subtitle__101_item60_v0200fg10000d76ttavog65lnl7tdnp0__clean_0002_000076000_000081000,vlm_multitype,standard_subtitle,101,synthetic,portrait,404,720,81,25.0,3.24,2,zh,鬼影涌来，我握紧银镯。 | 主角在鬼影围攻中紧握银镯。,True,False,clean
standard_subtitle__102_item66_v0200fg10000d8050kfog65go97q08pg__clean_0000_000007000_000013000,vlm_multitype,standard_subtitle,102,synthetic,portrait,404,720,81,25.0,3.24,2,zh,手机显示数据，众人抬头看。 | 团队在办公室查看手机数据,True,False,clean
standard_subtitle__103_item55_v0300fg10000d7a810nog65vue6q3gp0__clean_0000_000072000_000079500,vlm_multitype,standard_subtitle,103,synthetic,landscape,960,540,81,25.0,3.24,2,zh,掌心的光球微微发烫。 | 他凝视着光球，神情专注。,True,False,clean
standard_subtitle__104_item40_v0d00fg10000d72auo7og65kl21063mg__clean_0000_000000000_000009000,vlm_multitype,standard_subtitle,104,synthetic,portrait,540,960,81,25.0,3.24,2,zh,她被藤蔓缠住倒悬空中 | 少年凝神准备破除困局,True,False,clean
standard_subtitle__105_002__clean_0001_000046000_000051000,vlm_multitype,standard_subtitle,105,synthetic,portrait,540,960,81,25.0,3.24,2,zh,小少爷，别动。 | 女士，您看这边。,True,False,clean
standard_subtitle__107_item52_v0300fg10000d2b5ekvog65spp7l0mu0__clean_0000_000035000_000060000,vlm_multitype,standard_subtitle,107,synthetic,landscape,1280,720,81,25.0,3.24,2,zh,河畔古刹，风起云涌。 | 金光洞中，圣人静坐。,True,False,clean
standard_subtitle__109_004__clean_0000_000022000_000029000,vlm_multitype,standard_subtitle,109,synthetic,portrait,720,1280,81,25.0,3.24,2,en,"Doctor walks down hall, holding file. | Woman sits on bench, head bowed, crying.",True,False,clean
standard_subtitle__110_item31_v0300fg10000d7llhevog65jh06jucn0__clean_0000_000087000_000095000,vlm_multitype,standard_subtitle,110,synthetic,portrait,404,720,81,24.0,3.375,2,en,"She stares at the document, furrowing her brows, as if thinking. | Her colleague stands and leaves; she doesn't look up, continuing to work.",True,False,clean
standard_subtitle__111_item28_v0300fg10000d3uv21fog65talntlq9g__clean_0000_000064000_000070000,vlm_multitype,standard_subtitle,111,synthetic,landscape,720,404,81,24.0,3.375,2,en,"Smoke-filled streets, red taillights flash among ruins. | Cloaked figure stands on rubble, overlooking burning city wreckage.",True,False,clean
standard_subtitle__114_062__clean_0001_000088000_000093000,vlm_multitype,standard_subtitle,114,synthetic,portrait,540,960,81,25.0,3.24,2,ja,君の言葉、心に響く。 | 静かに、胸を撫でる。,True,False,clean
standard_subtitle__118_item41_v0200fg10000d6ukk3nog65kh8a8bmd0__clean_0000_000005000_000010000,vlm_multitype,standard_subtitle,118,synthetic,landscape,1280,720,81,25.0,3.24,2,ko,왕자는 눈을 뜨고 미소를 지었다 | 왕자가 황금 휠체어에 앉아 미소 짓는 장면,True,False,clean
standard_subtitle__119_item11_v0d00fg10000d7ln5pnog65tndv22srg__clean_0000_000046000_000051000,vlm_multitype,standard_subtitle,119,synthetic,portrait,720,1280,81,25.0,3.24,2,th,เขาจับกุญแจเข้าไปในประตู | เขาจับกุญแจแล้วหมุนให้เปิดประตู,True,False,clean
standard_subtitle__121_025__clean_0001_000013000_000018000,vlm_multitype,standard_subtitle,121,synthetic,portrait,404,720,81,25.0,3.24,2,zh,夫人，这茶凉了。 | 您瞧这花，开得正好。,True,False,clean
standard_subtitle__123_021__clean_0002_000065000_000070000,vlm_multitype,standard_subtitle,123,synthetic,portrait,540,960,81,25.0,3.24,2,zh,姑娘，茶已备好。 | 请慢用，暖胃。,True,False,clean
standard_subtitle__124_item43_v0300fg10000d679c8vog65usuv71c6g__clean_0002_000045000_000050000,vlm_multitype,standard_subtitle,124,synthetic,landscape,960,540,81,25.0,3.24,2,zh,黑云压境，风声呼啸。 | 校花凝望，红翼飞掠。,True,False,clean
standard_subtitle__125_001__clean_0007_000250000_000255000,vlm_multitype,standard_subtitle,125,synthetic,portrait,540,960,81,25.0,3.24,2,zh,她轻抚衣襟，指尖微颤。 | 掌心浮起光晕，静待回应。,True,False,clean
standard_subtitle__127_029__clean_0000_000000000_000010000,vlm_multitype,standard_subtitle,127,synthetic,portrait,720,1280,81,25.0,3.24,2,zh,她轻抚发丝，目光低垂。 | 他凝视她，神情专注。,True,False,clean
standard_subtitle__128_item25_v0200fg10000d841rp7og65up372bbf0__clean_0001_000025000_000030000,vlm_multitype,standard_subtitle,128,synthetic,landscape,1280,720,81,25.0,3.24,2,en,"Phone lights up, he stares at screen, brow furrowed. | He turns over, pulls coat tight, drowsy.",True,False,clean
standard_subtitle__129_item8_v0300fg10000d679aivog65gi3n6gjgg__clean_0003_000116000_000121000,vlm_multitype,standard_subtitle,129,synthetic,landscape,1280,720,81,25.0,3.24,2,en,"The mosquito buzzes in the tray. | She reads quietly, ignoring the insect.",True,False,clean
standard_subtitle__130_0002_v0300fg10000cq7jtbvog65r1dvups0g__clean_0000_000152000_000158000,vlm_multitype,standard_subtitle,130,synthetic,portrait,404,720,81,25.0,3.24,2,en,"Don't go, I still have something to show you. | I've left it for you, you must come back.",True,False,clean
standard_subtitle__131_item10_v0200fg10000d7ktmcvog65nn8jmt8n0__clean_0000_000000000_000007000,vlm_multitype,standard_subtitle,131,synthetic,portrait,404,720,81,24.0,3.375,2,en,"People lift box together, wait in courtyard. | Box filled with treasures, everyone focused.",True,False,clean
standard_subtitle__132_item25_v0d00fg10000d6entsvog65soagt0pd0__clean_0000_000042000_000048000,vlm_multitype,standard_subtitle,132,synthetic,landscape,720,404,81,25.0,3.24,2,en,"Mam, this teacup is broken, shall I be punished? | Look at this teacup, it’s ruined.",True,False,clean
standard_subtitle__134_item60_v0d00fg10000d7mbrjnog65qe6kphle0__clean_0000_000000000_000008000,vlm_multitype,standard_subtitle,134,synthetic,portrait,540,960,81,25.0,3.24,2,ja,水に沈む。 | 笑いながら刃を差す。,True,False,clean
standard_subtitle__135_item49_v0d00fg10000d4f7d1fog65lvuoaftng__clean_0000_000036000_000041000,vlm_multitype,standard_subtitle,135,synthetic,landscape,960,542,81,25.0,3.24,2,ja,光が降り注ぐ洞窟へ | 守り抜く覚悟を示す,True,False,clean
standard_subtitle__137_item64_v0300fg10000d7i7qtfog65vue3f0hqg__clean_0001_000052000_000060000,vlm_multitype,standard_subtitle,137,synthetic,portrait,720,1280,81,24.0,3.375,2,ko,눈 덮인 산길에서 빠르게 달려나다 | 검을 휘두르며 공중을 향해 날아가다,True,False,clean
standard_subtitle__138_item6_v0d00fg10000d7st24nog65s79uf9hfg__clean_0000_000000000_000012000,vlm_multitype,standard_subtitle,138,synthetic,portrait,720,1280,81,25.0,3.24,2,ko,망치를 내려놓고 숨을 들이마시다 | 바다 위에선 빛이 떨어진다,True,False,clean
standard_subtitle__140_013__clean_0000_000122000_000127000,vlm_multitype,standard_subtitle,140,synthetic,portrait,404,720,81,25.0,3.24,2,zh,厨师长，这道菜要加点火候。 | 厨房内厨师长指导厨师调整菜品火候。,True,False,clean
standard_subtitle__141_item39_v0d00fg10000d5d7i2fog65nt8dvce6g__clean_0000_000000000_000011000,vlm_multitype,standard_subtitle,141,synthetic,portrait,404,720,81,25.0,3.24,2,zh,紫藤花下静心参禅 | 僧人合十默念经文,True,False,clean
standard_subtitle__142_item10_v0300fg10000d7h3d47og65pn0g6k340__clean_0000_000000000_000006000,vlm_multitype,standard_subtitle,142,synthetic,portrait,404,720,81,25.0,3.24,2,zh,她看着对方，语气平静。 | 笑容里藏着一丝不易察觉的疲惫。,True,False,clean
standard_subtitle__143_item55_v0d00fg10000d32i6hnog65l20l7n260__clean_0002_000034000_000039000,vlm_multitype,standard_subtitle,143,synthetic,landscape,960,540,81,25.0,3.24,2,zh,这是什么力量？ | 我觉醒了十凶,True,False,clean
standard_subtitle__144_043__clean_0000_000007000_000017000,vlm_multitype,standard_subtitle,144,synthetic,portrait,540,960,81,25.0,3.24,2,zh,先生，您等我一下。 | 车里有位女士在笑。,True,False,clean
standard_subtitle__145_item29_v0200fg10000d4s54pvog65j58odetjg__clean_0000_000000000_000006000,vlm_multitype,standard_subtitle,145,synthetic,landscape,960,540,81,25.0,3.24,2,zh,火光冲天，谁在操控？ | 地面裂开，她倒下。,True,False,clean
standard_subtitle__148_item43_v0300fg10000d7kubenog65phqu1p3jg__clean_0001_000064000_000071000,vlm_multitype,standard_subtitle,148,synthetic,portrait,720,1280,81,24.0,3.375,2,en,"The door opens, he enters the meeting room, steps steadily. | Everyone looks up, focuses on him.",True,False,clean
standard_subtitle__149_item12_v0200fg10000d76bminog65hkajoutng__clean_0000_000021000_000037000,vlm_multitype,standard_subtitle,149,synthetic,portrait,720,1280,81,25.0,3.24,2,en,"Snowy night, pursuers arrive; woman inside looks startled. | Two women lean against doorframe, holding breath in cold wind.",True,False,clean
standard_subtitle__151_item1_v0300fg10000d33q9a7og65l0a14dc30__clean_0000_000027000_000032000,vlm_multitype,standard_subtitle,151,synthetic,landscape,720,404,81,25.0,3.24,2,en,"Blood fog erupts in the desert; he falls silent. | Roars echo through the fog, shaking the heavens.",True,False,clean
standard_subtitle__152_item74_v0300fg10000d6se1fnog65gk7o0e0ng__clean_0002_000072000_000077000,vlm_multitype,standard_subtitle,152,synthetic,landscape,720,404,81,25.0,3.24,2,en,"The ancient artifact pulses with fiery energy. | A colossal hammer rises from the ground, glowing with power.",True,False,clean
standard_subtitle__153_046__clean_0000_000034000_000039000,vlm_multitype,standard_subtitle,153,synthetic,portrait,540,960,81,25.0,3.24,2,ja,彼氏の腕時計を覗き見ている。 | 彼の視線がこちらに向けられている。,True,False,clean
standard_subtitle__154_017__clean_0000_000084000_000091833,vlm_multitype,standard_subtitle,154,synthetic,portrait,540,960,81,25.0,3.24,2,ja,賭場の賭けは始まった。 | 次の手を待つ。,True,False,clean
standard_subtitle__155_item20_v0200fg10000d76bmunog65kfhuqq2mg__clean_0000_000002000_000008000,vlm_multitype,standard_subtitle,155,synthetic,portrait,540,960,81,25.0,3.24,2,zh,雪落无声，他凝视前方。 | 她转身，眸光如霜。,True,False,clean
standard_subtitle__156_item38_v0200fg10000d7mvmffog65rhmb11l00__clean_0000_000110000_000115000,vlm_multitype,standard_subtitle,156,synthetic,portrait,540,960,81,25.0,3.24,2,ko,그녀는 햇살을 따라 걸어가고 있었다. | 그녀의 발걸음은 햇살을 따라 흘러가던 길을 따라갔다.,True,False,clean
standard_subtitle__157_005__clean_0002_000063062_000071072,vlm_multitype,standard_subtitle,157,synthetic,portrait,720,1280,81,25.0,3.24,2,ko,손을 뻗어 마법을 쏘는다 | 손을 펴며 마법을 조율한다,True,False,clean
standard_subtitle__158_item27_v0200fg10000d6sba57og65n5noulb3g__clean_0000_000000000_000005000,vlm_multitype,standard_subtitle,158,synthetic,portrait,720,1280,81,24.0,3.375,2,ko,비가 내리고 나무가 흔들린다 | 숲 속에서 고양이가 땅을 쓰다듬는다,True,False,clean
standard_subtitle__159_033__clean_0000_000024000_000034000,vlm_multitype,standard_subtitle,159,synthetic,portrait,720,1280,81,25.0,3.24,2,th,เธอจ้องมองเขาอย่างสงสัย ขณะเขาถือกล่องสีแดง | เขาส่งกล่องให้เธอ พร้อมรอยยิ้มที่ดูไม่แน่ใจ,True,False,clean
standard_subtitle__160_item11_v0d00fg10000d83jmd7og65hur8erf70__clean_0000_000037000_000043533,vlm_multitype,standard_subtitle,160,synthetic,landscape,720,404,81,25.0,3.24,2,zh,她痛得跪地求饶 | 他却步步紧逼,True,False,clean
standard_subtitle__161_item21_v0d00fg10000d7cful7og65uugkc644g__clean_0000_000003000_000008000,vlm_multitype,standard_subtitle,161,synthetic,portrait,404,720,81,25.0,3.24,2,zh,姑娘，马车已备好。 | 您慢走，我送您。,True,False,clean
standard_subtitle__162_item4_v0d00fg10000d776puvog65g2jv11on0__clean_0000_000086000_000091000,vlm_multitype,standard_subtitle,162,synthetic,portrait,404,720,81,25.0,3.24,2,zh,递过红包，微笑致意。 | 接过红包，轻笑点头。,True,False,clean
standard_subtitle__163_item30_v0300fg10000d71t2mfog65t9i83l0bg__clean_0000_000066000_000073000,vlm_multitype,standard_subtitle,163,synthetic,landscape,960,540,81,25.0,3.24,2,zh,陛下抱着婴儿，神情温和。 | 婴儿睡得香甜，面颊微红。,True,False,clean
standard_subtitle__164_item8_v0300fg10000d7h1nrfog65gk7vem3u0__clean_0000_000029000_000034000,vlm_multitype,standard_subtitle,164,synthetic,portrait,540,960,81,25.0,3.24,2,zh,香火缭绕，静待神明降临。 | 雷动殿宇，石像轰然碎裂。,True,False,clean
standard_subtitle__167_item41_v0300fg10000d841smvog65jircrp1og__clean_0000_000015000_000023000,vlm_multitype,standard_subtitle,167,synthetic,landscape,1280,720,81,25.0,3.24,2,zh,床上人翻身，手摸床沿。 | 破旧房间内，人从床上起身。,True,False,clean
standard_subtitle__168_002__clean_0000_000067000_000079000,vlm_multitype,standard_subtitle,168,synthetic,portrait,720,1280,81,25.0,3.24,2,en,"She looks down, holding her umbrella. | He glances at her, then answers the phone.",True,False,clean
standard_subtitle__169_item53_v0300fg10000d7h262vog65jh06ebmd0__clean_0001_000046000_000057000,vlm_multitype,standard_subtitle,169,synthetic,portrait,720,1280,81,25.0,3.24,2,en,"Snowy night alone, biting wind, I must find that car. | Headlights pierce fog, I hear it calling me.",True,False,clean
standard_subtitle__171_item35_v0d00fg10000d7fgrtnog65g2jpp398g__clean_0000_000036000_000042000,vlm_multitype,standard_subtitle,171,synthetic,landscape,720,404,81,25.0,3.24,2,en,"Hey, what's up? | Let's start with the basics.",True,False,clean
standard_subtitle__172_item2_v0300fg10000d4up9mfog65hol2656mg__clean_0000_000206000_000211000,vlm_multitype,standard_subtitle,172,synthetic,landscape,720,404,81,25.0,3.24,2,en,"A sword flash, enemy falls. | Opponent retreats, my side holds position.",True,False,clean
standard_subtitle__173_item37_v0300fg10000d5mp73vog65hmobknb70__clean_0003_000073000_000078000,vlm_multitype,standard_subtitle,173,synthetic,landscape,960,540,81,25.0,3.24,2,zh,雷光炸裂，巨兽咆哮。 | 火海中，它怒目圆睁。,True,False,clean
standard_subtitle__174_item8_v0300fg10000d7h1t7fog65l0a2n6gd0__clean_0000_000051000_000066000,vlm_multitype,standard_subtitle,174,synthetic,portrait,540,960,81,25.0,3.24,2,ja,誰かが入って来た | 怖い,True,False,clean
standard_subtitle__175_item24_v0d00fg10000d7ku9qfog65g2jrj80eg__clean_0000_000013000_000019000,vlm_multitype,standard_subtitle,175,synthetic,portrait,540,960,81,25.0,3.24,2,ja,料理が全部散らばった。 | 怒りで鍋を投げた。,True,False,clean
standard_subtitle__177_item17_v0300fg10000d74i5nfog65k1lff3s50__clean_0001_000088000_000094000,vlm_multitype,standard_subtitle,177,synthetic,portrait,720,1280,81,24.0,3.375,2,ko,악기들 사이에서 조용히 움직인다 | 악기 둘러보며 조용히 움직이는 장면,True,False,clean
standard_subtitle__180_item12_v0200fg10000d7h1ipnog65kfhqine40__clean_0000_000000000_000005000,vlm_multitype,standard_subtitle,180,synthetic,portrait,404,720,81,25.0,3.24,2,zh,把碗放好，别弄脏了。 | 厨房里，我来洗碗。,True,False,clean
standard_subtitle__181_001__clean_0000_000028000_000040000,vlm_multitype,standard_subtitle,181,synthetic,portrait,406,720,81,20.0,4.05,2,zh,窗外雨滴轻敲玻璃 | 她抬头望向远方,True,False,clean
standard_subtitle__182_item24_v0200fg10000d6sg5tfog65i4q3gj6fg__clean_0000_000090000_000095000,vlm_multitype,standard_subtitle,182,synthetic,landscape,720,308,81,25.0,3.24,2,zh,天师，这风水有异象。 | 快看，江面浮起红光。,True,False,clean
standard_subtitle__184_003__clean_0000_000117000_000122000,vlm_multitype,standard_subtitle,184,synthetic,portrait,540,960,81,25.0,3.24,2,zh,快进来 | 你是,True,False,clean
standard_subtitle__185_item7_v0200fg10000d57ovifog65hsr6nofu0__clean_0001_000038000_000043000,vlm_multitype,standard_subtitle,185,synthetic,landscape,960,540,81,25.0,3.24,2,zh,老者轻叹，神威已散。 | 殿内静默，天机难测。,True,False,clean
standard_subtitle__188_item49_v0200fg10000d7pi6cnog65h7fjnaia0__clean_0001_000063000_000069000,vlm_multitype,standard_subtitle,188,synthetic,portrait,720,1280,81,25.0,3.24,2,en,"Fireworks illuminate eaves, snow reflects warm lantern glow. | Children hold firecrackers, laughter echoes in night sky.",True,False,clean
standard_subtitle__190_item4_v0300fg10000d79sam7og65ouqlkbd30__clean_0000_000014000_000021000,vlm_multitype,standard_subtitle,190,synthetic,portrait,404,720,81,25.0,3.24,2,en,"The door opened, he turned and left. | In the dorm, she stood by the door, silent.",True,False,clean
standard_subtitle__191_020__clean_0000_000023000_000029000,vlm_multitype,standard_subtitle,191,synthetic,portrait,404,720,81,25.0,3.24,2,en,"He looks down, troubled by the silence. | She smiles softly, watching him.",True,False,clean
standard_subtitle__192_item76_v0300fg10000d7g9nlfog65s0uiujdr0__clean_0000_000000000_000007000,vlm_multitype,standard_subtitle,192,synthetic,portrait,404,720,81,25.0,3.24,2,en,"He looks at the paper, then at her, voice low. | She holds the paper, waiting for his answer.",True,False,clean
standard_subtitle__194_0007_v0d00fg10000cqjikunog65mv979gb60__clean_0001_000089000_000096000,vlm_multitype,standard_subtitle,194,synthetic,portrait,540,960,81,25.0,3.24,2,ja,彼女は顔を隠したまま見つめた。 | 男は笑いながら近づいた。,True,False,clean
standard_subtitle__195_030__clean_0000_000002000_000007000,vlm_multitype,standard_subtitle,195,synthetic,portrait,540,960,81,25.0,3.24,2,ja,鍵を入力して開けた。 | 中身を確認する,True,False,clean
standard_subtitle__197_item69_v0d00fg10000d7a6lrfog65mjt1op2r0__clean_0001_000049000_000058000,vlm_multitype,standard_subtitle,197,synthetic,portrait,720,1280,81,25.0,3.24,2,ko,그녀가 붓을 들고 글을 썼다. | 손끝에 붉은 빛이 떨어졌다.,True,False,clean
standard_subtitle__198_001-神隐__clean_0000_000000000_000005000,vlm_multitype,standard_subtitle,198,synthetic,portrait,720,1280,81,25.0,3.24,2,ko,발걸음이 조용히 움직인다 | 하늘빛이 빛나는 별처럼,True,False,clean
standard_subtitle__200_item83_v0300fg10000d2b5f3fog65o12ucmb50__clean_0002_000063000_000069000,vlm_multitype,standard_subtitle,200,synthetic,landscape,720,404,81,25.0,3.24,2,zh,天劫降临，山河震动。 | 圣人降临，神光万丈。,True,False,clean
standard_subtitle__201_item31_v0300fg10000d87bs47og65n1u82kfq0__clean_0001_000051000_000056000,vlm_multitype,standard_subtitle,201,synthetic,portrait,404,720,81,25.0,3.24,2,zh,手心微凉，心却沉甸甸 | 她低头，不语也心碎,True,False,clean
standard_subtitle__202_item89_v0d00fg10000d5mpdkvog65k0qv3bmig__clean_0000_000000000_000036000,vlm_multitype,standard_subtitle,202,synthetic,landscape,720,404,81,25.0,3.24,2,zh,龙王怒吼震碎冰晶 | 紫电劈落城市上空,True,False,clean
standard_subtitle__203_item30_v0300fg10000d7nhfbnog65k1ldvv4u0__clean_0000_000000000_000019000,vlm_multitype,standard_subtitle,203,synthetic,portrait,540,960,81,25.0,3.24,2,zh,她低头，手机在手。 | 身后有人，她没回头。,True,False,clean
standard_subtitle__204_item66_v0300fg10000d7b11j7og65ouqn5v050__clean_0000_000033000_000040000,vlm_multitype,standard_subtitle,204,synthetic,landscape,960,540,81,25.0,3.24,2,zh,她指尖微颤，泪珠滑落。 | 纸页上字迹，她不敢再看。,True,False,clean
standard_subtitle__205_item36_v0300fg10000d6lpg67og65p3maksnh0__clean_0000_000115000_000125417,vlm_multitype,standard_subtitle,205,synthetic,landscape,960,540,81,24.0,3.375,2,zh,你这招太狠了 | 我早该料到,True,False,clean
standard_subtitle__206_009__clean_0000_000000000_000005000,vlm_multitype,standard_subtitle,206,synthetic,portrait,540,960,81,25.0,3.24,2,zh,她轻抚发丝，眼神迷离。 | 他微笑望向她，似有心事。,True,False,clean
standard_subtitle__207_item70_v0d00fg10000d824gfnog65hurfoiq40__clean_0000_000046000_000051100,vlm_multitype,standard_subtitle,207,synthetic,portrait,720,1280,81,25.0,3.24,2,zh,车轮碾过土路，阳光洒落 | 她笑着望向远方,True,False,clean
standard_subtitle__208_036__clean_0000_000058000_000064000,vlm_multitype,standard_subtitle,208,synthetic,portrait,720,1280,81,25.0,3.24,2,en,"He swings his blade, swiftly splitting stone. | Woman sighs, man looks solemn, waiting for result.",True,False,clean
standard_subtitle__209_item80_v0200fg10000d7m9m2vog65updiifbs0__clean_0000_000012000_000021000,vlm_multitype,standard_subtitle,209,synthetic,portrait,720,1280,81,25.0,3.24,2,en,"She holds his hand, voice trembling with worry. | He watches her being wheeled away, expression frozen in shock.",True,False,clean
standard_subtitle__210_item24_v0200fg10000d841rnfog65t7gtqa4og__clean_0000_000041000_000046000,vlm_multitype,standard_subtitle,210,synthetic,landscape,720,404,81,25.0,3.24,2,en,"Man on scooter glances ahead, wet road ahead. | Woman hangs coat, looks up at house window.",True,False,clean
standard_subtitle__211_019__clean_0002_000105000_000110080,vlm_multitype,standard_subtitle,211,synthetic,portrait,404,720,81,25.0,3.24,2,en,"She rests her head on his shoulder, eyes closed. | He touches his temple, looking troubled.",True,False,clean
standard_subtitle__212_051__clean_0000_000031000_000037000,vlm_multitype,standard_subtitle,212,synthetic,portrait,404,720,81,25.0,3.24,2,en,"He stepped forward, his foot brushing the floor. | The blood splattered on the tile as he moved.",True,False,clean
standard_subtitle__213_item14_v0200fg10000d3bk7u7og65qaas3kku0__clean_0000_000054000_000059000,vlm_multitype,standard_subtitle,213,synthetic,landscape,960,540,81,25.0,3.24,2,ja,光がまた来る | 光が届く,True,False,clean
standard_subtitle__214_item38_v0300fg10000d679c17og65sae535a1g__clean_0003_000110000_000115000,vlm_multitype,standard_subtitle,214,synthetic,landscape,960,528,81,25.0,3.24,2,ja,1500を吸った | 蚊が熱を浴びる,True,False,clean
standard_subtitle__215_item28_v0d00fg10000d7nnhcvog65g2jsl3ta0__clean_0000_000014000_000023000,vlm_multitype,standard_subtitle,215,synthetic,portrait,540,960,81,25.0,3.24,2,ja,拳を振るう。 | 勝ちを決めた。,True,False,clean
standard_subtitle__216_item2_v0200fg10000d6uki8nog65itg848ka0__clean_0000_000031000_000040000,vlm_multitype,standard_subtitle,216,synthetic,landscape,960,540,81,25.0,3.24,2,ko,물로 얼굴을 닦아줍니다 | 혈흔을 닦아내는 손길,True,False,clean
standard_subtitle__217_item48_v0300fg10000d74i77vog65k1lff5m00__clean_0000_000011000_000018000,vlm_multitype,standard_subtitle,217,synthetic,portrait,720,1280,81,24.0,3.375,2,ko,숲속에서 숨을 쉬며 뛰고 있다 | 여성이 숲 속을 뛰며 달리는 장면,True,False,clean
standard_subtitle__218_item59_v0300fg10000d3uv2g7og65tn3vtv3lg__clean_0000_000074000_000079000,vlm_multitype,standard_subtitle,218,synthetic,landscape,1280,724,81,25.0,3.24,2,ko,검은 군대가 문을 열었다 | 검은 군대가 대문을 열고 들어오는 장면,True,False,clean
standard_subtitle__219_item6_v0300fg10000d7f0jjfog65k1lf0sr3g__clean_0001_000077000_000082875,vlm_multitype,standard_subtitle,219,synthetic,portrait,720,1280,81,24.0,3.375,2,th,เธอพยักหน้าเบาๆ แล้วมองไปที่เขา | เขาสังเกตเห็นเธอ แล้วจ้องมองอย่างตั้งใจ,True,False,clean
standard_subtitle__220_0008__clean_0000_000091000_000100000,vlm_multitype,standard_subtitle,220,synthetic,portrait,404,720,81,25.0,3.24,2,zh,雨落无声，心事难言。 | 你可知我等你多久？,True,False,clean
standard_subtitle__221_item45_v0200fg10000d7mvmq7og65jhh7uqfjg__clean_0000_000030000_000036000,vlm_multitype,standard_subtitle,221,synthetic,portrait,404,720,81,25.0,3.24,2,zh,老者凝视前方，神色肃穆。 | 少女轻抚衣袖，目光沉静。,True,False,clean
standard_subtitle__222_item25_v0d00fg10000d7d3g1vog65qe6hmlbdg__clean_0002_000059000_000064000,vlm_multitype,standard_subtitle,222,synthetic,portrait,404,720,81,24.0,3.375,2,zh,雷光闪烁，老者凝视前方 | 青年抱婴，手中光柱微颤,True,False,clean
standard_subtitle__223_060__clean_0000_000162000_000167000,vlm_multitype,standard_subtitle,223,synthetic,portrait,540,960,81,25.0,3.24,2,zh,你别躲，我等你很久了。 | 吻你，是我想你的方式。,True,False,clean
standard_subtitle__224_item21_v0200fg10000d7u4anfog65nvrknsldg__clean_0001_000084000_000090000,vlm_multitype,standard_subtitle,224,synthetic,portrait,540,960,81,25.0,3.24,2,zh,她轻抚他额角，柔声细语。 | 他闭目听她，心神俱醉。,True,False,clean
standard_subtitle__225_item4_v0300fg10000d7nhe2fog65k38giddpg__clean_0001_000052000_000061000,vlm_multitype,standard_subtitle,225,synthetic,portrait,540,960,81,25.0,3.24,2,zh,照片碎了，我却笑了。 | 收拾东西，别回头。,True,False,clean
standard_subtitle__226_item11_v0200fg10000d57ovofog65v0f5s7r30__clean_0000_000012000_000018000,vlm_multitype,standard_subtitle,226,synthetic,landscape,960,540,81,25.0,3.24,2,zh,光芒刺穿山崖，他凝神静气。 | 主角在山崖间释放强光法术,True,False,clean
standard_subtitle__229_052__clean_0000_000089000_000094120,vlm_multitype,standard_subtitle,229,synthetic,portrait,720,1280,81,25.0,3.24,2,en,"He looks down, then turns to face the other person. | The man holds a pen, waiting for a response.",True,False,clean
standard_subtitle__230_item66_v0d00fg10000d7a8kt7og65hq8c2kb3g__clean_0002_000090000_000095000,vlm_multitype,standard_subtitle,230,synthetic,portrait,404,720,81,25.0,3.24,2,en,"The beast roars as soldiers flee in terror. | A child watches, serene, as chaos unfolds.",True,False,clean
standard_subtitle__231_item31_v0300fg10000d679bmnog65gqogssacg__clean_0000_000078000_000087000,vlm_multitype,standard_subtitle,231,synthetic,landscape,720,404,81,25.0,3.24,2,en,The referee watches intently as the match begins. | The crowd cheers as the players take their positions.,True,False,clean
standard_subtitle__232_017__clean_0000_000024000_000030000,vlm_multitype,standard_subtitle,232,synthetic,portrait,404,720,81,25.0,3.24,2,en,He looks out the window as rain falls. | The car moves slowly through the night.,True,False,clean
standard_subtitle__233_item52_v0d00fg10000d7mbr77og65g2js2oj3g__clean_0000_000010000_000015000,vlm_multitype,standard_subtitle,233,synthetic,portrait,540,960,81,25.0,3.24,2,ja,「待ってて。」 | 「大丈夫。」,True,False,clean
standard_subtitle__234_item15_v0200fg10000d7ad41vog65vkqrb2o4g__clean_0000_000039000_000045000,vlm_multitype,standard_subtitle,234,synthetic,portrait,540,960,81,25.0,3.24,2,ja,星の下で、静かに待つ。 | 門の向こうから、目を合わせる。,True,False,clean
standard_subtitle__237_0047_v0300fg10000cqm4r2vog65p5u66nak0__clean_0000_000062000_000068000,vlm_multitype,standard_subtitle,237,synthetic,portrait,720,1280,81,25.0,3.24,2,ko,술을 쏟아내는 손이 보인다 | 남자는 눈을 감고 있다,True,False,clean
standard_subtitle__239_item87_v0d00fg10000d5mpdhnog65vg98k2sg0__clean_0004_000077000_000084000,vlm_multitype,standard_subtitle,239,synthetic,landscape,1280,720,81,25.0,3.24,2,th,พวกเขากำลังเตรียมตัวรับมือกับยักษ์ที่กำลังเข้ามา | กลุ่มทหารกำลังเตรียมตัวรับมือกับยักษ์ขนาดใหญ่ในเมืองที่ถูกทำลาย,True,False,clean
standard_subtitle__240_item55_v0200fg10000d621pl7og65k78kvl510__clean_0001_000043000_000052000,vlm_multitype,standard_subtitle,240,synthetic,landscape,720,404,81,24.0,3.375,2,zh,沙尘暴前，我们得快点出发。 | 太阳落山，帐篷里泡壶茶。,True,False,clean
standard_subtitle__241_035__clean_0000_000000000_000005000,vlm_multitype,standard_subtitle,241,synthetic,portrait,404,720,81,25.0,3.24,2,zh,女士轻抚茶杯，静待片刻。 | 男士低头翻阅文件，神情专注。,True,False,clean
standard_subtitle__242_001__clean_0003_000064000_000069000,vlm_multitype,standard_subtitle,242,synthetic,portrait,404,720,81,25.0,3.24,2,zh,他轻声说，别怕。 | 她低头，泪落无声。,True,False,clean
standard_subtitle__243_0000_v0d00fg10000ct8h147og65qiotfj6hg__clean_0003_000100000_000105000,vlm_multitype,standard_subtitle,243,synthetic,portrait,540,960,81,25.0,3.24,2,zh,士兵：别动，交出东西。 | 女子：我已无物可交。,True,False,clean
standard_subtitle__244_item57_v0300fg10000d7obirvog65jirae17m0__clean_0005_000127000_000132000,vlm_multitype,standard_subtitle,244,synthetic,portrait,540,960,81,25.0,3.24,2,zh,小丫头，别怕，姐姐在。 | 走，去院子里玩。,True,False,clean
standard_subtitle__245_item9_v0200fg10000d6voks7og65vkqocqirg__clean_0001_000019000_000027000,vlm_multitype,standard_subtitle,245,synthetic,landscape,960,540,81,25.0,3.24,2,zh,铁匠锤打铁器，女子轻声读经。 | 铁匠在院中打铁，女子在旁读书。,True,False,clean
standard_subtitle__247_item3_v0200fg10000ctlugknog65h6bj00odg__clean_0000_000022000_000027000,vlm_multitype,standard_subtitle,247,synthetic,landscape,1280,720,81,24.0,3.375,2,zh,我得赶紧逃出去。 | 天塌了，别管我了。,True,False,clean
standard_subtitle__248_item44_v0200fg10000d7lmbrnog65hkahib7ag__clean_0002_000098000_000103000,vlm_multitype,standard_subtitle,248,synthetic,portrait,720,1280,81,25.0,3.24,2,en,"The machine hums as the electrodes connect. | He watches the screen, pulse steady.",True,False,clean
standard_subtitle__249_item63_v0300fg10000d7h1l9nog65jtl9ooc3g__clean_0000_000000000_000005000,vlm_multitype,standard_subtitle,249,synthetic,portrait,720,1280,81,25.0,3.24,2,en,"He places his hand on the document, ready to sign. | The group watches him intently as he prepares to sign.",True,False,clean
standard_subtitle__250_item24_v0200fg10000d7aut4fog65ukovqfo6g__clean_0003_000093000_000099000,vlm_multitype,standard_subtitle,250,synthetic,portrait,404,720,81,25.0,3.24,2,en,"Keep moving, the path is clear ahead. | The corridor is empty, no one follows us.",True,False,clean
standard_subtitle__251_item45_v0d00fg10000d7a8id7og65hq8c2j9t0__clean_0004_000063000_000069000,vlm_multitype,standard_subtitle,251,synthetic,portrait,404,720,81,25.0,3.24,2,en,"He grips her tightly, eyes fierce as the storm clouds loom. | The child stares up, silent as the mountain wind whispers past.",True,False,clean
standard_subtitle__253_item59_v0300fg10000d75msanog65gnpa33i7g__clean_0000_000012000_000022000,vlm_multitype,standard_subtitle,253,synthetic,portrait,540,960,81,25.0,3.24,2,ja,お茶を飲んだら、壊れた。 | 壊れた茶碗を、見つめて。,True,False,clean
standard_subtitle__254_0006_v0d00fg10000ctaeigvog65o8snslnkg__clean_0000_000013000_000020000,vlm_multitype,standard_subtitle,254,synthetic,portrait,540,960,81,25.0,3.24,2,ja,空が裂けたかのように風が吹く。 | 剣の光が山を照らす。,True,False,clean
standard_subtitle__255_047__clean_0000_000030000_000038000,vlm_multitype,standard_subtitle,255,synthetic,portrait,540,960,81,25.0,3.24,2,ja,彼女は静かに目を合わせた。 | 会議室の空気は緊張していた。,True,False,clean
standard_subtitle__256_item24_v0d00fg10000d83jn3nog65s79ovnbl0__clean_0000_000000000_000007000,vlm_multitype,standard_subtitle,256,synthetic,landscape,960,540,81,25.0,3.24,2,ko,그녀의 눈이 빛났다. | 그녀의 손가락에 녹색 반지가 빛났다.,True,False,clean
standard_subtitle__258_007__clean_0000_000055000_000071000,vlm_multitype,standard_subtitle,258,synthetic,portrait,720,1280,81,25.0,3.24,2,ko,"안녕하세요, 이곳은 편안한 공간입니다. | 휴식을 취하며 마음을 정리해보세요.",True,False,clean
standard_subtitle__259_0003_v0d00fg10000cqkt7hfog65phq4qpu40__clean_0001_000128000_000136000,vlm_multitype,standard_subtitle,259,synthetic,portrait,720,1280,81,25.0,3.24,2,th,เธอจ้องมองเขาอย่างสงสัย พร้อมกับสั่นสะเทือนในใจ | เขาหันมาดูเธอพร้อมกับยิ้มเบาๆ แล้วพูดเบาๆ ว่า 'ฉันไม่ได้ทำผิด,True,False,clean
standard_subtitle__260_item2_v0200fg10000d559effog65shq4goh6g__clean_0001_000050000_000056000,vlm_multitype,standard_subtitle,260,synthetic,landscape,720,404,81,25.0,3.24,2,zh,符纸燃尽，烟雾弥漫。 | 烟尘散去，我站原地。,True,False,clean
standard_subtitle__262_026__clean_0000_000063000_000069000,vlm_multitype,standard_subtitle,262,synthetic,portrait,404,720,81,25.0,3.24,2,zh,姑娘跪地请罪，众人神色各异。 | 女子跪地请罪，旁人围观,True,False,clean
standard_subtitle__265_item92_v0d00fg10000d7avo97og65o4ithos4g__clean_0000_000049000_000055000,vlm_multitype,standard_subtitle,265,synthetic,portrait,540,960,81,25.0,3.24,2,zh,掌柜：这画值三万两。 | 女子：我只出两万。,True,False,clean
standard_subtitle__266_item23_v0300fg10000d621nn7og65q4orn3tpg__clean_0001_000056000_000063000,vlm_multitype,standard_subtitle,266,synthetic,landscape,960,540,81,24.0,3.375,2,zh,还有好多吃的 | 快拿起来，别等没光了！ 这可比帐篷里的干粮香多了。,True,False,clean
standard_subtitle__267_item69_v0d00fg10000d7ea2ovog65mjt35jc6g__clean_0000_000061000_000068000,vlm_multitype,standard_subtitle,267,synthetic,portrait,720,1280,81,25.0,3.24,2,zh,他跪地求饶 | 将军拔剑欲斩,True,False,clean
standard_subtitle__268_item2_v0300fg10000d7ebc1vog65jfqefu5p0__clean_0003_000157000_000162000,vlm_multitype,standard_subtitle,268,synthetic,portrait,720,1280,81,25.0,3.24,2,en,"He turned, eyes wide with shock. | She leaned against him, breathing heavily.",True,False,clean
standard_subtitle__269_item43_v0d00fg10000d7a6kivog65mae8kgl40__clean_0001_000056000_000061000,vlm_multitype,standard_subtitle,269,synthetic,portrait,720,1280,81,25.0,3.24,2,en,"She turns her head, eyes wide with surprise. | Her gaze softens as she looks down, then up again.",True,False,clean
standard_subtitle__270_055__clean_0001_000066000_000077000,vlm_multitype,standard_subtitle,270,synthetic,portrait,404,720,81,25.0,3.24,2,en,"She looks down, holding papers with a quiet expression. | The woman in blue watches him, her gaze thoughtful.",True,False,clean
standard_subtitle__271_item39_v0d00fg10000d711uenog65qkgo5a5ig__clean_0000_000047000_000052000,vlm_multitype,standard_subtitle,271,synthetic,portrait,404,720,81,25.0,3.24,2,en,"She sips tea, her gaze steady as the court murmurs around her. | The air hums with quiet anticipation as she lifts her cup to her lips.",True,False,clean
standard_subtitle__272_item32_v0200fg10000d731snfog65ukopve0l0__clean_0001_000058000_000063000,vlm_multitype,standard_subtitle,272,synthetic,portrait,404,720,81,25.0,3.24,2,en,The tower glows as the man raises his hand. | The crowd watches in awe as light beams descend.,True,False,clean
standard_subtitle__273_item21_v0d00fg10000d75oo7vog65maef415og__clean_0001_000020000_000029000,vlm_multitype,standard_subtitle,273,synthetic,landscape,960,540,81,25.0,3.24,2,ja,刀を引き抜く。 | 刃の模様を観察する。,True,False,clean
standard_subtitle__274_item18_v0200fg10000d68pitfog65nktjm5rog__clean_0001_000102000_000107000,vlm_multitype,standard_subtitle,274,synthetic,landscape,960,540,81,24.0,3.375,2,ja,「待って！」「待って！」 | 三人急速移动，紧急呼喊,True,False,clean
standard_subtitle__275_050__clean_0000_000012000_000024000,vlm_multitype,standard_subtitle,275,synthetic,portrait,540,960,81,25.0,3.24,2,ja,彼は手に赤い物を持ちます。 | 彼女は口を開けて驚きます。,True,False,clean
standard_subtitle__276_item1_v0d00fg10000d6r69enog65mmbs58clg__clean_0000_000013000_000022000,vlm_multitype,standard_subtitle,276,synthetic,portrait,540,960,81,25.0,3.24,2,ko,"아, 뭘 하려는 거야? | 그냥 빗물이 떨어지지 않아",True,False,clean
standard_subtitle__277_item80_v0d00fg10000d4f7dgvog65lvuoag2h0__clean_0002_000041000_000047000,vlm_multitype,standard_subtitle,277,synthetic,landscape,1280,724,81,25.0,3.24,2,ko,검은 거대한 존재가 공격한다 | 청색 전기 공격이 퍼진다,True,False,clean
standard_subtitle__278_078__clean_0000_000019000_000027000,vlm_multitype,standard_subtitle,278,synthetic,portrait,720,1280,81,25.0,3.24,2,ko,그녀가 눈물을 흘리며 말했다. | 그녀가 손을 뻗어 그를 바라보았다.,True,False,clean
standard_subtitle__279_item66_v0300fg10000d7ph6hnog65qupbb10p0__clean_0000_000013000_000018000,vlm_multitype,standard_subtitle,279,synthetic,portrait,720,1280,81,25.0,3.24,2,th,ผู้ชายคนหนึ่งกำลังอ่านหนังสืออย่างตั้งใจ | ชายคนหนึ่งกำลังอ่านหนังสือในห้องที่มีบรรยากาศสงบ,True,False,clean
standard_subtitle__280_014__clean_0000_000007000_000012000,vlm_multitype,standard_subtitle,280,synthetic,portrait,404,720,81,25.0,3.24,2,zh,笑得前仰后合 | 低头掩面偷笑,True,False,clean
standard_subtitle__281_035__clean_0000_000050000_000055000,vlm_multitype,standard_subtitle,281,synthetic,portrait,404,720,81,25.0,3.24,2,zh,他突然开口，语气急促。 | 她转身，目光锐利。,True,False,clean
standard_subtitle__282_item6_v0300fg10000d3uv1nfog65s0uj5k260__clean_0000_000000000_000007000,vlm_multitype,standard_subtitle,282,synthetic,landscape,720,408,81,24.0,3.375,2,zh,老人牵着小女孩散步。 | 小女孩抬头望向老人。,True,False,clean
standard_subtitle__283_item43_v0d00fg10000d70m3snog65qkgo3nnc0__clean_0000_000042000_000048000,vlm_multitype,standard_subtitle,283,synthetic,landscape,960,540,81,25.0,3.24,2,zh,剑光斩断枯枝血溅泥泞 | 身后蛇影突现惊退半步,True,False,clean
standard_subtitle__284_item49_v0300fg10000d7h23pfog65pn0g3r8vg__clean_0000_000053000_000063000,vlm_multitype,standard_subtitle,284,synthetic,portrait,540,960,81,24.0,3.375,2,zh,火光亮了，大家围拢过来。 | 夜色中众人点燃篝火取暖。,True,False,clean
standard_subtitle__285_item55_v0300fg10000d7evpffog65jh02lb7k0__clean_0001_000028000_000036000,vlm_multitype,standard_subtitle,285,synthetic,portrait,540,960,81,24.0,3.375,2,zh,血染战袍，谁主沉浮？ | 月照尸山，静默如铁。,True,False,clean
standard_subtitle__286_item20_v0d00fg10000d7q5q3vog65p573l8ku0__clean_0000_000004000_000009000,vlm_multitype,standard_subtitle,286,synthetic,portrait,540,960,81,25.0,3.24,2,zh,掌心光球，你可愿接？ | 光球碎裂，血染衣襟。,True,False,clean
standard_subtitle__288_item49_v0200fg10000d76bolnog65lnl6l74dg__clean_0000_000037000_000042000,vlm_multitype,standard_subtitle,288,synthetic,portrait,720,1280,81,25.0,3.24,2,en,"The man in gray fur coat watches the cart with concern. | The man in gray robe leans forward, gesturing to the sacks.",True,False,clean
standard_subtitle__290_item52_v0300fg10000d7qacgnog65hnelnmgs0__clean_0000_000094000_000099000,vlm_multitype,standard_subtitle,290,synthetic,portrait,404,720,81,25.0,3.24,2,en,"She looks up with a gentle smile, resting in the hospital bed. | The man in the suit pauses, observing the room attentively.",True,False,clean
standard_subtitle__291_item49_v0300fg10000d7snrofog65qpbcri860__clean_0000_000140000_000151300,vlm_multitype,standard_subtitle,291,synthetic,portrait,404,720,81,25.0,3.24,2,en,"The dragon horn glows under the moonlight. | Everyone watches the screen, silent and still.",True,False,clean
standard_subtitle__292_0000_v0300fg10000ct7cjg7og65vl1fk9ev0__clean_0000_000024000_000029000,vlm_multitype,standard_subtitle,292,synthetic,portrait,404,720,81,25.0,3.24,2,en,We have three people. | Let's start with the cake.,True,False,clean
standard_subtitle__293_item17_v0300fg10000d621ndnog65qk1rlftg0__clean_0000_000021000_000027000,vlm_multitype,standard_subtitle,293,synthetic,landscape,960,540,81,24.0,3.375,2,ja,「これ、美味しそうだね」 | 「じゃあ、みんなで食べよう」,True,False,clean
standard_subtitle__294_item19_v0200fg10000d7c8v97og65t38grsah0__clean_0000_000036000_000042000,vlm_multitype,standard_subtitle,294,synthetic,portrait,540,960,81,25.0,3.24,2,ja,涙がこぼれる。 | お茶を差し上げる。,True,False,clean
standard_subtitle__295_item32_v0300fg10000d7f0ks7og65k38hji4j0__clean_0000_000081000_000095250,vlm_multitype,standard_subtitle,295,synthetic,portrait,540,960,81,24.0,3.375,2,ja,ドアを開ける。 | 彼女は見つめて笑う。,True,False,clean
standard_subtitle__296_item9_v0d00fg10000d6t734fog65g2jrla9dg__clean_0001_000079000_000084000,vlm_multitype,standard_subtitle,296,synthetic,landscape,960,408,81,25.0,3.24,2,ko,햇빛이 나뭇잎을 비추고 있다 | 나무 위에 앉아서 뭔가를 찾는다,True,False,clean
standard_subtitle__297_039__clean_0000_000036000_000044000,vlm_multitype,standard_subtitle,297,synthetic,portrait,720,1280,81,25.0,3.24,2,ko,어느 곳으로 가는지 모른다 | 가족이 문 앞에 서서 앞을 바라보고 있다,True,False,clean
standard_subtitle__298_038__clean_0000_000029000_000034000,vlm_multitype,standard_subtitle,298,synthetic,portrait,720,1280,81,25.0,3.24,2,ko,잠들어 있네. | 남자가 침대에 누워 잠들어 있는 모습,True,False,clean
standard_subtitle__299_item16_v0d00fg10000d6entf7og65rpr67j4b0__clean_0001_000031000_000036000,vlm_multitype,standard_subtitle,299,synthetic,landscape,1280,720,81,25.0,3.24,2,th,ชายในชุดสีน้ำเงินถือเงินสดให้หญิงในชุดสีน้ำเงิน | ชายและหญิงในชุดโบราณกำลังแลกเปลี่ยนเงินสดในห้องที่ตกแต่งด้วยไม้,True,False,clean
artistic_title__000_item47_v0300fg10000d72ftcnog65otvqu9h3g__clean_0000_000026000_000032000,vlm_multitype,artistic_title,0,synthetic,portrait,404,720,81,25.0,3.24,1,zh,夜骑追影,True,False,clean
artistic_title__001_item33_v0d00fg10000d711u5nog65kl20ic8rg__clean_0000_000035000_000042000,vlm_multitype,artistic_title,1,synthetic,portrait,404,720,81,25.0,3.24,1,zh,月下赏月,True,False,clean
artistic_title__002_item69_v0200fg10000d7gdv57og65ukoqe9qqg__clean_0000_000028000_000033000,vlm_multitype,artistic_title,2,synthetic,portrait,404,720,81,25.0,3.24,1,zh,面馆风波,True,False,clean
artistic_title__003_item107_v0200fg10000d7h3i4fog65jhh1k31f0__clean_0000_000035000_000046000,vlm_multitype,artistic_title,3,synthetic,portrait,540,960,81,25.0,3.24,1,zh,车影入巷,True,False,clean
artistic_title__005_009__clean_0000_000057000_000062000,vlm_multitype,artistic_title,5,synthetic,portrait,540,960,81,25.0,3.24,1,zh,西装男凝视,True,False,clean
artistic_title__006_060__clean_0001_000061000_000066000,vlm_multitype,artistic_title,6,synthetic,portrait,540,960,81,25.0,3.24,1,zh,对峙现场,True,False,clean
artistic_title__008_item49_v0300fg10000d7d6j3nog65k38mvbok0__clean_0000_000035000_000042000,vlm_multitype,artistic_title,8,synthetic,landscape,1280,548,81,25.0,3.24,1,zh,雪夜赴约,True,False,clean
artistic_title__009_item66_v0200fg10000d7ffuq7og65updjii5tg__clean_0000_000034000_000040000,vlm_multitype,artistic_title,9,synthetic,portrait,720,1280,81,25.0,3.24,1,zh,继子藏身,True,False,clean
artistic_title__010_item42_v0d00fg10000d7jk5kfog65g2jr57jm0__clean_0000_000024000_000029000,vlm_multitype,artistic_title,10,synthetic,portrait,404,720,81,25.0,3.24,1,zh,红衣母子,True,False,clean
artistic_title__011_item4_v0200fg10000d66ntg7og65kr9nt5g80__clean_0000_000062000_000073000,vlm_multitype,artistic_title,11,synthetic,landscape,720,404,81,25.0,3.24,1,zh,天光乍现,True,False,clean
artistic_title__012_item63_v0200fg10000d7ah767og65hp2ksjjhg__clean_0001_000027000_000034000,vlm_multitype,artistic_title,12,synthetic,portrait,404,720,81,25.0,3.24,1,zh,雷龍現世,True,False,clean
artistic_title__013_item9_v0d00fg10000d7i6nenog65g2jqma7lg__clean_0000_000011000_000018000,vlm_multitype,artistic_title,13,synthetic,portrait,540,960,81,25.0,3.24,1,zh,血染枯草,True,False,clean
artistic_title__014_038__clean_0002_000050000_000056000,vlm_multitype,artistic_title,14,synthetic,portrait,540,960,81,25.0,3.24,1,ja,夜の階段,True,False,clean
artistic_title__016_item38_v0300fg10000d7jkee7og65jfqeta64g__clean_0002_000071000_000079067,vlm_multitype,artistic_title,16,synthetic,portrait,540,960,81,25.0,3.24,1,ko,왕실의 고요,True,False,clean
artistic_title__019_item6_v0300fg10000d7fko1fog65k38imspdg__clean_0001_000017000_000022000,vlm_multitype,artistic_title,19,synthetic,landscape,1280,548,81,25.0,3.24,1,en,Skull in Snow,True,False,clean
artistic_title__022_item81_v0300fg10000d5mpbo7og65ld3592rjg__clean_0002_000110000_000115500,vlm_multitype,artistic_title,22,synthetic,landscape,720,404,81,25.0,3.24,1,zh,龙临城市,True,False,clean
artistic_title__023_047__clean_0000_000054000_000062000,vlm_multitype,artistic_title,23,synthetic,portrait,540,960,81,25.0,3.24,1,zh,餐桌对视,True,False,clean
artistic_title__024_item27_v0200fg10000d849r87og65ro3c14jng__clean_0000_000009000_000014000,vlm_multitype,artistic_title,24,synthetic,portrait,540,960,81,25.0,3.24,1,zh,电话惊变,True,False,clean
artistic_title__025_item60_v0200fg10000d7o864fog65q2jm0rth0__clean_0001_000022000_000028000,vlm_multitype,artistic_title,25,synthetic,portrait,540,960,81,25.0,3.24,1,zh,食堂散伙,True,False,clean
artistic_title__026_052__clean_0000_000059000_000064000,vlm_multitype,artistic_title,26,synthetic,portrait,540,960,81,25.0,3.24,1,zh,神情凝重,True,False,clean
artistic_title__027_0002_v0300fg10000cuo0ot7og65l4bmjh80g__clean_0002_000065000_000071000,vlm_multitype,artistic_title,27,synthetic,portrait,720,1280,81,25.0,3.24,1,zh,擦鞋匠的光,True,False,clean
artistic_title__029_item43_v0d00fg10000d72b027og65qe6m13000__clean_0000_000015000_000020000,vlm_multitype,artistic_title,29,synthetic,portrait,720,1280,81,25.0,3.24,1,zh,石门之后,True,False,clean
artistic_title__030_0032_v0d00fg10000cp71qqfog65unenke1m0__clean_0000_000068067_000078079,vlm_multitype,artistic_title,30,synthetic,portrait,404,720,81,25.0,3.24,1,zh,孩子受伤,True,False,clean
artistic_title__033_item21_v0300fg10000d6jcgofog65rrsfq7c1g__clean_0000_000062000_000070360,vlm_multitype,artistic_title,33,synthetic,landscape,960,540,81,25.0,3.24,1,zh,紅葉下臥,True,False,clean
artistic_title__034_066__clean_0000_000056000_000063000,vlm_multitype,artistic_title,34,synthetic,portrait,540,960,81,25.0,3.24,1,ja,扉を開ける,True,False,clean
artistic_title__035_048__clean_0000_000086000_000092000,vlm_multitype,artistic_title,35,synthetic,portrait,540,960,81,25.0,3.24,1,ja,食事の瞬間,True,False,clean
artistic_title__036_item20_v0300fg10000d7u6n9nog65t0silpopg__clean_0000_000000000_000007000,vlm_multitype,artistic_title,36,synthetic,portrait,540,960,81,25.0,3.24,1,ko,해변에서 휴식,True,False,clean
artistic_title__037_item57_v0300fg10000d5mpahnog65r8n26q6o0__clean_0000_000078000_000084000,vlm_multitype,artistic_title,37,synthetic,landscape,1280,720,81,25.0,3.24,1,ko,화염의 공격,True,False,clean
artistic_title__040_item60_v0d00fg10000d6sg84nog65maec32mgg__clean_0000_000057000_000062000,vlm_multitype,artistic_title,40,synthetic,landscape,720,308,81,25.0,3.24,1,zh,血溅山阶,True,False,clean
artistic_title__041_item36_v0300fg10000d5ae5vnog65q4ovoeemg__clean_0000_000069000_000079000,vlm_multitype,artistic_title,41,synthetic,landscape,720,404,81,25.0,3.24,1,zh,夜袭豪宅,True,False,clean
artistic_title__043_item69_v0300fg10000d7av1hfog65mcridr26g__clean_0000_000010000_000015000,vlm_multitype,artistic_title,43,synthetic,portrait,540,960,81,25.0,3.24,1,zh,斧头战士,True,False,clean
artistic_title__044_item49_v0200fg10000d804hhvog65ro38b4i10__clean_0000_000053000_000076000,vlm_multitype,artistic_title,44,synthetic,portrait,540,960,81,25.0,3.24,1,zh,刀逼人,True,False,clean
artistic_title__045_020__clean_0000_000060000_000069600,vlm_multitype,artistic_title,45,synthetic,portrait,540,960,81,25.0,3.24,1,zh,舞动瞬间,True,False,clean
artistic_title__046_item6_v0300fg10000d75on1vog65pkehfgh20__clean_0000_000000000_000017000,vlm_multitype,artistic_title,46,synthetic,landscape,960,540,81,25.0,3.24,1,zh,静卧院中,True,False,clean
artistic_title__047_000026__clean_0001_000041000_000046000,vlm_multitype,artistic_title,47,synthetic,portrait,720,1280,81,25.0,3.24,1,zh,举杯共饮,True,False,clean
artistic_title__048_0004__clean_0000_000082000_000089000,vlm_multitype,artistic_title,48,synthetic,portrait,720,1280,81,25.0,3.24,1,zh,门内门外,True,False,clean
artistic_title__049_item24_v0200fg10000d7c8vgnog65sofc3ipt0__clean_0000_000047000_000053000,vlm_multitype,artistic_title,49,synthetic,portrait,720,1280,81,25.0,3.24,1,zh,茶香静语,True,False,clean
artistic_title__050_029__clean_0000_000095000_000105200,vlm_multitype,artistic_title,50,synthetic,portrait,404,720,81,25.0,3.24,1,zh,掌声响起,True,False,clean
artistic_title__051_021__clean_0001_000054000_000067000,vlm_multitype,artistic_title,51,synthetic,portrait,404,720,81,25.0,3.24,1,zh,凝视与紧握,True,False,clean
artistic_title__052_048__clean_0000_000086000_000092000,vlm_multitype,artistic_title,52,synthetic,portrait,404,720,81,25.0,3.24,1,ja,食事の瞬間,True,False,clean
artistic_title__053_item55_v0200fg10000d7hl1bnog65n0ficc2v0__clean_0001_000022000_000028000,vlm_multitype,artistic_title,53,synthetic,portrait,540,960,81,25.0,3.24,1,ja,門を開ける,True,False,clean
artistic_title__054_item9_v0200fg10000d7jh7cnog65t26n24is0__clean_0000_000057000_000065000,vlm_multitype,artistic_title,54,synthetic,landscape,960,540,81,25.0,3.24,1,zh,金瓦飞鸟,True,False,clean
artistic_title__055_021__clean_0000_000055000_000060000,vlm_multitype,artistic_title,55,synthetic,portrait,540,960,81,25.0,3.24,1,ja,目を向ける,True,False,clean
artistic_title__056_item14_v0300fg10000d7tm5jvog65ipvu19mhg__clean_0000_000044000_000050033,vlm_multitype,artistic_title,56,synthetic,portrait,540,960,81,25.0,3.24,1,ko,결혼을 선택,True,False,clean
artistic_title__057_item38_v0200fg10000d7jp6dnog65ng6ot92ag__clean_0003_000179000_000184900,vlm_multitype,artistic_title,57,synthetic,portrait,720,1280,81,25.0,3.24,1,ko,엄마의 눈빛,True,False,clean
artistic_title__058_item60_v0d00fg10000d6lpn4vog65qkguf4nag__clean_0000_000060000_000067000,vlm_multitype,artistic_title,58,synthetic,landscape,1280,720,81,24.0,3.375,1,ko,청색 불꽃,True,False,clean
artistic_title__059_item77_v0d00fg10000d7d7dhfog65mae9mie0g__clean_0000_000043000_000050000,vlm_multitype,artistic_title,59,synthetic,landscape,1280,720,81,25.0,3.24,1,en,Market Dispute,True,False,clean
artistic_title__060_item34_v0300fg10000d7o6cgfog65jmm1o9lh0__clean_0000_000043000_000066000,vlm_multitype,artistic_title,60,synthetic,portrait,404,720,81,25.0,3.24,1,zh,血迹斑斑,True,False,clean
artistic_title__061_item21_v0d00fg10000d7h22gvog65maeavfagg__clean_0000_000006000_000015000,vlm_multitype,artistic_title,61,synthetic,portrait,404,720,81,25.0,3.24,1,zh,火候掌控,True,False,clean
artistic_title__063_item12_v0300fg10000d7te69vog65lbagt5osg__clean_0000_000016000_000022000,vlm_multitype,artistic_title,63,synthetic,portrait,540,960,81,25.0,3.24,1,zh,战神护崽,True,False,clean
artistic_title__064_005__clean_0000_000077000_000083500,vlm_multitype,artistic_title,64,synthetic,portrait,540,960,81,25.0,3.24,1,zh,黑衣人行,True,False,clean
artistic_title__066_item56_v0d00fg10000d7mbrdfog65mjt5s6fp0__clean_0000_000048000_000053000,vlm_multitype,artistic_title,66,synthetic,portrait,540,960,81,25.0,3.24,1,zh,保安救女,True,False,clean
artistic_title__067_item26_v0300fg10000d710jkfog65hmoedn860__clean_0000_000008000_000013000,vlm_multitype,artistic_title,67,synthetic,portrait,720,1280,81,25.0,3.24,1,zh,茶香宴上,True,False,clean
artistic_title__071_item21_v0d00fg10000d7pj3jfog65hepula7pg__clean_0000_000078000_000086700,vlm_multitype,artistic_title,71,synthetic,portrait,404,720,81,25.0,3.24,1,zh,蛇影突现,True,False,clean
artistic_title__072_item38_v0300fg10000d7pcacvog65jmm4n09n0__clean_0000_000000000_000007000,vlm_multitype,artistic_title,72,synthetic,portrait,404,720,81,25.0,3.24,1,ja,静謐の朝,True,False,clean
artistic_title__073_item44_v0d00fg10000d7oc79fog65k1ml71510__clean_0000_000034000_000043000,vlm_multitype,artistic_title,73,synthetic,portrait,540,960,81,25.0,3.24,1,ja,黒いドレス,True,False,clean
artistic_title__075_item52_v0200fg10000d7mvn4vog65kfhvb9pog__clean_0003_000086000_000092000,vlm_multitype,artistic_title,75,synthetic,portrait,540,960,81,25.0,3.24,1,ja,戦いの跡,True,False,clean
artistic_title__076_item85_v0300fg10000d6tvqlfog65pkem3fncg__clean_0003_000130000_000136000,vlm_multitype,artistic_title,76,synthetic,portrait,540,960,81,24.0,3.375,1,ko,눈 덮인 산속,True,False,clean
artistic_title__077_041__clean_0000_000061000_000076000,vlm_multitype,artistic_title,77,synthetic,portrait,720,1280,81,25.0,3.24,1,ko,공식적 발표,True,False,clean
artistic_title__078_item2_v0300fg10000d3uv1lvog65k31nic570__clean_0000_000085000_000090292,vlm_multitype,artistic_title,78,synthetic,landscape,1280,720,81,24.0,3.375,1,ko,붉은 달의 충격,True,False,clean
artistic_title__079_item20_v0300fg10000d7llgtfog65jh06jsmm0__clean_0000_000102000_000113750,vlm_multitype,artistic_title,79,synthetic,portrait,720,1280,81,24.0,3.375,1,en,Stairway to Fear,True,False,clean
artistic_title__080_item15_v0d00fg10000d7h1elnog65ukkqm3id0__clean_0000_000048000_000053000,vlm_multitype,artistic_title,80,synthetic,portrait,404,720,81,25.0,3.24,1,zh,月给五百,True,False,clean
artistic_title__082_item37_v0d00fg10000d753q9vog65mjt01pac0__clean_0000_000068000_000073033,vlm_multitype,artistic_title,82,synthetic,landscape,720,404,81,25.0,3.24,1,zh,蛇王登场,True,False,clean
artistic_title__085_020__clean_0001_000053000_000058000,vlm_multitype,artistic_title,85,synthetic,portrait,540,960,81,25.0,3.24,1,zh,跪地请罪,True,False,clean
artistic_title__086_item12_v0200fg10000d559eufog65n9jgkm97g__clean_0000_000011000_000019000,vlm_multitype,artistic_title,86,synthetic,landscape,960,540,81,25.0,3.24,1,zh,雷电交加,True,False,clean
artistic_title__088_item24_v0300fg10000d7jobbfog65pn0k00e5g__clean_0000_000033000_000049000,vlm_multitype,artistic_title,88,synthetic,portrait,720,1280,81,25.0,3.24,1,zh,会议中,True,False,clean
artistic_title__092_item15_v0d00fg10000d79nddfog65ph0f859cg__clean_0000_000080000_000085000,vlm_multitype,artistic_title,92,synthetic,portrait,404,720,81,25.0,3.24,1,ja,伝承の光,True,False,clean
artistic_title__093_item63_v0300fg10000d7f0md7og65jfqfjicvg__clean_0000_000051000_000057000,vlm_multitype,artistic_title,93,synthetic,portrait,540,960,81,24.0,3.375,1,zh,笑颜转瞬,True,False,clean
artistic_title__094_item8_v0300fg10000d3s829nog65i2rlh74e0__clean_0000_000027000_000038000,vlm_multitype,artistic_title,94,synthetic,landscape,960,540,81,25.0,3.24,1,ja,雷鳴の鐘,True,False,clean
artistic_title__096_005__clean_0000_000000000_000005000,vlm_multitype,artistic_title,96,synthetic,portrait,540,960,81,25.0,3.24,1,ko,붉은 연기,True,False,clean
artistic_title__097_item24_v0d00fg10000d753plvog65g2ju8bshg__clean_0000_000038000_000046000,vlm_multitype,artistic_title,97,synthetic,landscape,1280,720,81,25.0,3.24,1,ko,화염과 물의 파워,True,False,clean
artistic_title__098_002__clean_0000_000011000_000018000,vlm_multitype,artistic_title,98,synthetic,portrait,720,1280,81,25.0,3.24,1,ko,술을 마시는 순간,True,False,clean
artistic_title__100_063__clean_0000_000072000_000077320,vlm_multitype,artistic_title,100,synthetic,portrait,404,720,81,25.0,3.24,1,zh,庭院闲谈,True,False,clean
artistic_title__101_item66_v0200fg10000d3or2dnog65vklgv12mg__clean_0000_000023000_000031000,vlm_multitype,artistic_title,101,synthetic,landscape,720,404,81,25.0,3.24,1,zh,卖妻起始,True,False,clean
artistic_title__103_item31_v0d00fg10000d83jnfnog65rns0qtiv0__clean_0000_000000000_000010000,vlm_multitype,artistic_title,103,synthetic,landscape,960,540,81,25.0,3.24,1,zh,列阵待命,True,False,clean
artistic_title__105_007-小白脸的反转之贴脸秘书__clean_0000_000080000_000089000,vlm_multitype,artistic_title,105,synthetic,portrait,540,960,81,25.0,3.24,1,zh,贴脸秘书,True,False,clean
artistic_title__106_item11_v0d00fg10000d7jnarnog65g0n00ljog__clean_0000_000027000_000033000,vlm_multitype,artistic_title,106,synthetic,portrait,540,960,81,25.0,3.24,1,zh,神农妙手,True,False,clean
artistic_title__107_item81_v0d00fg10000d7eud4vog65q72s6c5b0__clean_0002_000117000_000122167,vlm_multitype,artistic_title,107,synthetic,landscape,1280,548,81,25.0,3.24,1,zh,雪林追骑,True,False,clean
artistic_title__108_item18_v0d00fg10000d7aha1nog65ph0fgvb7g__clean_0000_000017000_000029000,vlm_multitype,artistic_title,108,synthetic,landscape,1280,720,81,25.0,3.24,1,zh,地堡决战,True,False,clean
artistic_title__109_item6_v0d00fg10000d7uahv7og65hepvk2pfg__clean_0000_000026000_000034000,vlm_multitype,artistic_title,109,synthetic,portrait,720,1280,81,25.0,3.24,1,zh,静默守候,True,False,clean
artistic_title__111_0005_v0d00fg10000ct8g5bnog65o8snb3270__clean_0000_000014000_000020000,vlm_multitype,artistic_title,111,synthetic,portrait,404,720,81,25.0,3.24,1,zh,夜色相随,True,False,clean
artistic_title__112_item65_v0300fg10000d7e8rjnog65hmoabfe30__clean_0000_000031000_000036000,vlm_multitype,artistic_title,112,synthetic,portrait,404,720,81,25.0,3.24,1,ja,黒いスーツの男,True,False,clean
artistic_title__113_item70_v0d00fg10000d7i8jrfog65q72tahq10__clean_0000_000012000_000017000,vlm_multitype,artistic_title,113,synthetic,portrait,540,960,81,24.0,3.375,1,ja,男の目が鋭く,True,False,clean
artistic_title__114_item51_v0d00fg10000d7o926vog65u4mplu700__clean_0002_000069000_000074000,vlm_multitype,artistic_title,114,synthetic,portrait,540,960,81,24.0,3.375,1,zh,下山後,True,False,clean
artistic_title__115_item40_v0200fg10000d80nk7fog65vplilbsjg__clean_0001_000053000_000058000,vlm_multitype,artistic_title,115,synthetic,portrait,540,960,81,25.0,3.24,1,ja,氷の下で,True,False,clean
artistic_title__120_item4_v0200fg10000d72as1vog65uk4g1jir0__clean_0001_000049000_000054000,vlm_multitype,artistic_title,120,synthetic,portrait,404,720,81,25.0,3.24,1,zh,破庙寻书,True,False,clean
artistic_title__121_004-仙医的躲艳日常__clean_0000_000040000_000046000,vlm_multitype,artistic_title,121,synthetic,portrait,404,720,81,25.0,3.24,1,zh,唇齿相依,True,False,clean
artistic_title__122_item5_v0300fg10000d7upbbnog65hnejl975g__clean_0000_000060000_000067000,vlm_multitype,artistic_title,122,synthetic,portrait,404,720,81,25.0,3.24,1,zh,鉴宝现场,True,False,clean
artistic_title__123_0001__clean_0002_000071000_000076000,vlm_multitype,artistic_title,123,synthetic,portrait,540,960,81,25.0,3.24,1,zh,雪夜箭雨,True,False,clean
artistic_title__124_item32_v0200fg10000d7ah5n7og65gem16c4eg__clean_0000_000026000_000033000,vlm_multitype,artistic_title,124,synthetic,portrait,540,960,81,25.0,3.24,1,zh,师徒相赠,True,False,clean
artistic_title__125_item71_v0200fg10000d68pmgfog65hutp51ls0__clean_0000_000033000_000040000,vlm_multitype,artistic_title,125,synthetic,landscape,960,540,81,24.0,3.375,1,zh,机械突袭,True,False,clean
artistic_title__126_item57_v0200fg10000cpsid07og65t02gi6j3g__clean_0000_000076000_000082000,vlm_multitype,artistic_title,126,synthetic,landscape,960,540,81,25.0,3.24,1,zh,盒中之物,True,False,clean
artistic_title__127_001__clean_0000_000024000_000030000,vlm_multitype,artistic_title,127,synthetic,portrait,720,1280,81,25.0,3.24,1,zh,雪中舞影,True,False,clean
artistic_title__128_item79_v0300fg10000d33qac7og65l0a14e3ag__clean_0000_000041000_000046000,vlm_multitype,artistic_title,128,synthetic,landscape,1280,720,81,25.0,3.24,1,zh,魏叔家,True,False,clean
artistic_title__130_item62_v0300fg10000d7g9lavog65ouqnhferg__clean_0001_000026000_000031000,vlm_multitype,artistic_title,130,synthetic,portrait,404,720,81,25.0,3.24,1,zh,沉思片刻,True,False,clean
artistic_title__131_item33_v0d00fg10000d7i7p97og65q72ta88k0__clean_0000_000078000_000084042,vlm_multitype,artistic_title,131,synthetic,portrait,404,720,81,24.0,3.375,1,zh,雪林议事,True,False,clean
artistic_title__132_item21_v0d00fg10000d7mbplvog65uugnl1140__clean_0000_000057000_000077000,vlm_multitype,artistic_title,132,synthetic,portrait,404,720,81,25.0,3.24,1,zh,救世主降临,True,False,clean
artistic_title__133_item39_v0d00fg10000d7sr71vog65s79uebs30__clean_0000_000015000_000020000,vlm_multitype,artistic_title,133,synthetic,portrait,540,960,81,25.0,3.24,1,zh,月光下埋物,True,False,clean
artistic_title__134_item54_v0200fg10000d7stebvog65vr3sh4lk0__clean_0000_000000000_000008000,vlm_multitype,artistic_title,134,synthetic,portrait,540,960,81,25.0,3.24,1,ja,巨大蛇の襲来,True,False,clean
artistic_title__135_item62_v0200fg10000d7ffuk7og65lseobmuog__clean_0000_000037000_000042000,vlm_multitype,artistic_title,135,synthetic,portrait,540,960,81,25.0,3.24,1,ja,涙の対決,True,False,clean
artistic_title__136_item33_v0300fg10000d7qsn0fog65jirefkkig__clean_0000_000025000_000030000,vlm_multitype,artistic_title,136,synthetic,portrait,540,960,81,25.0,3.24,1,ko,전달,True,False,clean
artistic_title__137_item51_v0d00fg10000d7d3hafog65i33kjr2k0__clean_0000_000042000_000047000,vlm_multitype,artistic_title,137,synthetic,portrait,720,1280,81,25.0,3.24,1,ko,철벽의 눈,True,False,clean
artistic_title__138_000079__clean_0000_000036000_000041000,vlm_multitype,artistic_title,138,synthetic,portrait,720,1280,81,25.0,3.24,1,ko,남편을 버린다,True,False,clean
artistic_title__139_item21_v0d00fg10000d7aha6fog65ph0fgvcog__clean_0000_000031000_000061567,vlm_multitype,artistic_title,139,synthetic,landscape,1280,720,81,25.0,3.24,1,en,Giant Descends,True,False,clean
artistic_title__140_item62_v0d00fg10000d7i8jenog65g0n7gss00__clean_0000_000003000_000008000,vlm_multitype,artistic_title,140,synthetic,portrait,404,720,81,25.0,3.24,1,zh,盒中藏宝,True,False,clean
artistic_title__141_item45_v0200fg10000d8aol2vog65jnvmhttng__clean_0000_000054000_000060000,vlm_multitype,artistic_title,141,synthetic,landscape,720,404,81,25.0,3.24,1,zh,村口送物,True,False,clean
artistic_title__142_item78_v0d00fg10000d7jnel7og65mjt507ttg__clean_0000_000002000_000007000,vlm_multitype,artistic_title,142,synthetic,portrait,404,720,81,25.0,3.24,1,zh,神农献礼,True,False,clean
artistic_title__143_item16_v0d00fg10000d7b0g5nog65g0n529skg__clean_0000_000048000_000064933,vlm_multitype,artistic_title,143,synthetic,portrait,540,960,81,25.0,3.24,1,zh,血染石阶,True,False,clean
artistic_title__144_009__clean_0000_000110000_000119467,vlm_multitype,artistic_title,144,synthetic,portrait,540,960,81,25.0,3.24,1,zh,街头对峙,True,False,clean
artistic_title__145_item43_v0200fg10000d7lmbq7og65updh4n72g__clean_0000_000000000_000007000,vlm_multitype,artistic_title,145,synthetic,portrait,540,960,81,25.0,3.24,1,zh,婆婆施压,True,False,clean
artistic_title__146_item8_v0d00fg10000d7k5uk7og65qkgrdffkg__clean_0000_000000000_000005000,vlm_multitype,artistic_title,146,synthetic,landscape,960,540,81,25.0,3.24,1,zh,石阶前,True,False,clean
artistic_title__147_item26_v0d00fg10000d72au2fog65maedvftpg__clean_0000_000018000_000026000,vlm_multitype,artistic_title,147,synthetic,portrait,720,1280,81,25.0,3.24,1,zh,月夜启灵,True,False,clean
artistic_title__149_item16_v0200fg10000d7s4b0nog65vr3q0idgg__clean_0000_000022000_000027000,vlm_multitype,artistic_title,149,synthetic,portrait,720,1280,81,25.0,3.24,1,zh,惊魂夜,True,False,clean
artistic_title__151_item4_v0d00fg10000d7jk3ofog65qkgran8sg__clean_0000_000076000_000085667,vlm_multitype,artistic_title,151,synthetic,portrait,404,720,81,25.0,3.24,1,zh,饭桌惊变,True,False,clean
artistic_title__152_023__clean_0001_000078000_000083000,vlm_multitype,artistic_title,152,synthetic,portrait,404,720,81,25.0,3.24,1,zh,結婚式,True,False,clean
artistic_title__153_item52_v0d00fg10000d7h1genog65q72stjfa0__clean_0000_000025000_000032000,vlm_multitype,artistic_title,153,synthetic,portrait,540,960,81,25.0,3.24,1,ja,荷物を運ぶ,True,False,clean
artistic_title__154_0000_v0200fg10000ctb8ppnog65jk4tljq4g__clean_0000_000037000_000042000,vlm_multitype,artistic_title,154,synthetic,portrait,540,960,81,25.0,3.24,1,ja,スーツ姿,True,False,clean
artistic_title__155_item10_v0d00fg10000d7mbp47og65q72um9k00__clean_0000_000087000_000114000,vlm_multitype,artistic_title,155,synthetic,portrait,540,960,81,25.0,3.24,1,zh,救出溺水者,True,False,clean
artistic_title__156_item47_v0200fg10000d68pk8nog65rf26epf00__clean_0000_000038000_000043000,vlm_multitype,artistic_title,156,synthetic,landscape,960,540,81,24.0,3.375,1,ko,트리오의 선택,True,False,clean
artistic_title__157_item26_v0300fg10000d7g5jlvog65l0a0ugirg__clean_0001_000028000_000042000,vlm_multitype,artistic_title,157,synthetic,portrait,720,1280,81,25.0,3.24,1,ko,달빛 속의 약속,True,False,clean
artistic_title__158_008__clean_0000_000106000_000111000,vlm_multitype,artistic_title,158,synthetic,portrait,720,1280,81,25.0,3.24,1,ko,녹색 반지,True,False,clean
artistic_title__159_item5_v0d00fg10000cuuloevog65ib9hkcusg__clean_0000_000061000_000068000,vlm_multitype,artistic_title,159,synthetic,landscape,1280,718,81,24.0,3.375,1,en,Cracked Glass,True,False,clean
artistic_title__160_item76_v0200fg10000d6jclofog65mco375hdg__clean_0001_000143000_000149000,vlm_multitype,artistic_title,160,synthetic,landscape,720,404,81,25.0,3.24,1,zh,命由我定,True,False,clean
artistic_title__164_item364_v0200fg10000d4vednfog65i424ekum0__clean_0001_000044000_000053000,vlm_multitype,artistic_title,164,synthetic,landscape,960,540,81,25.0,3.24,1,zh,血焰三重,True,False,clean
artistic_title__168_046__clean_0000_000053000_000058000,vlm_multitype,artistic_title,168,synthetic,portrait,720,1280,81,25.0,3.24,1,zh,物美价优,True,False,clean
artistic_title__169_item32_v0d00fg10000d7ks10vog65uugn4dim0__clean_0000_000010000_000015000,vlm_multitype,artistic_title,169,synthetic,portrait,720,1280,81,25.0,3.24,1,zh,侯府议事,True,False,clean
artistic_title__170_item70_v0d00fg10000cuunm6vog65ib9hl8lb0__clean_0002_000065000_000072000,vlm_multitype,artistic_title,170,synthetic,landscape,720,404,81,24.0,3.375,1,zh,神王降临,True,False,clean
artistic_title__171_item32_v0300fg10000d83gupvog65jirbtm69g__clean_0000_000045000_000056000,vlm_multitype,artistic_title,171,synthetic,portrait,404,720,81,25.0,3.24,1,zh,龙在井中,True,False,clean
artistic_title__173_item59_v0300fg10000d7jkffvog65tv2b28dv0__clean_0000_000011000_000017000,vlm_multitype,artistic_title,173,synthetic,portrait,540,960,81,25.0,3.24,1,zh,帝座受礼,True,False,clean
artistic_title__174_item8_v0d00fg10000d6vpvb7og65kl2065kd0__clean_0001_000060000_000067000,vlm_multitype,artistic_title,174,synthetic,landscape,960,540,81,25.0,3.24,1,zh,機甲降下,True,False,clean
artistic_title__176_item36_v0300fg10000d5mp72fog65seo3okgag__clean_0000_000051000_000059000,vlm_multitype,artistic_title,176,synthetic,landscape,960,540,81,25.0,3.24,1,ko,도시의 눈,True,False,clean
artistic_title__178_003__clean_0002_000057000_000062000,vlm_multitype,artistic_title,178,synthetic,portrait,720,1280,81,25.0,3.24,1,ko,손끝이 만난다,True,False,clean
artistic_title__179_0014__clean_0000_000000000_000010000,vlm_multitype,artistic_title,179,synthetic,portrait,720,1280,81,25.0,3.24,1,en,Silent Resolve,True,False,clean
artistic_title__180_008__clean_0001_000041000_000046000,vlm_multitype,artistic_title,180,synthetic,portrait,404,720,81,25.0,3.24,1,zh,镜中人,True,False,clean
artistic_title__183_item5_v0d00fg10000d7h1e67og65uugls9k9g__clean_0000_000037000_000043000,vlm_multitype,artistic_title,183,synthetic,portrait,540,960,81,25.0,3.24,1,zh,她起身离开,True,False,clean
artistic_title__185_item5_v0200fg10000d7c8ukfog65kfhp39l90__clean_0000_000036000_000042000,vlm_multitype,artistic_title,185,synthetic,portrait,540,960,81,25.0,3.24,1,zh,静安廊下,True,False,clean
artistic_title__187_item62_v0d00fg10000cuunm2vog65rmg7e3650__clean_0001_000060000_000067000,vlm_multitype,artistic_title,187,synthetic,landscape,1280,718,81,24.0,3.375,1,zh,紫焰龙现,True,False,clean
artistic_title__188_item18_v0300fg10000d7h228nog65un02ammq0__clean_0001_000068000_000073000,vlm_multitype,artistic_title,188,synthetic,portrait,720,1280,81,24.0,3.375,1,zh,高原征途,True,False,clean
artistic_title__190_item97_v0300fg10000d6se2jnog65hmofrskg0__clean_0003_000115000_000120000,vlm_multitype,artistic_title,190,synthetic,landscape,720,404,81,25.0,3.24,1,zh,仙盆炼灵,True,False,clean
artistic_title__191_item38_v0200fg10000d8aokivog65libtk0kt0__clean_0000_000007000_000012000,vlm_multitype,artistic_title,191,synthetic,landscape,720,404,81,25.0,3.24,1,zh,城楼运砖,True,False,clean
artistic_title__194_item21_v0300fg10000d7qm0qnog65hc27d4i80__clean_0000_000025000_000031000,vlm_multitype,artistic_title,194,synthetic,portrait,540,960,81,25.0,3.24,1,zh,雪中追獵,True,False,clean
artistic_title__195_item18_v0300fg10000d7nheonog65gk7qo94gg__clean_0002_000078000_000085000,vlm_multitype,artistic_title,195,synthetic,portrait,540,960,81,25.0,3.24,1,zh,給我錢,True,False,clean
artistic_title__197_item23_v0300fg10000d5do4efog65qhmpg2ttg__clean_0000_000000000_000014000,vlm_multitype,artistic_title,197,synthetic,landscape,1280,720,81,25.0,3.24,1,ko,불꽃 폭발,True,False,clean
artistic_title__198_026__clean_0000_000026000_000031000,vlm_multitype,artistic_title,198,synthetic,portrait,720,1280,81,25.0,3.24,1,ko,손끝에 떨어진 공,True,False,clean
artistic_title__199_item4_v0300fg10000d7itj0fog65gk7psjecg__clean_0002_000173000_000178000,vlm_multitype,artistic_title,199,synthetic,portrait,720,1280,81,24.0,3.375,1,en,Water Splash,True,False,clean
artistic_title__200_item41_v0300fg10000d6sdvs7og65gk7o0ba7g__clean_0002_000125000_000133000,vlm_multitype,artistic_title,200,synthetic,landscape,720,404,81,25.0,3.24,1,zh,金光护体,True,False,clean
artistic_title__201_012__clean_0001_000177000_000183000,vlm_multitype,artistic_title,201,synthetic,portrait,404,720,81,25.0,3.24,1,zh,镜头聚焦,True,False,clean
artistic_title__203_021__clean_0000_000000000_000010000,vlm_multitype,artistic_title,203,synthetic,portrait,540,960,81,25.0,3.24,1,zh,蓝花厅惊变,True,False,clean
artistic_title__207_item5_v0300fg10000d1uur7fog65npt81rfig__clean_0000_000014000_000020000,vlm_multitype,artistic_title,207,synthetic,landscape,1280,720,81,25.0,3.24,1,zh,林间小径,True,False,clean
artistic_title__208_item40_v0d00fg10000d7ebdu7og65g0n66nad0__clean_0000_000045000_000052000,vlm_multitype,artistic_title,208,synthetic,portrait,720,1280,81,25.0,3.24,1,zh,花影闲庭,True,False,clean
artistic_title__209_item38_v0200fg10000d7ktnonog65qc6a1buvg__clean_0000_000000000_000005000,vlm_multitype,artistic_title,209,synthetic,portrait,720,1280,81,24.0,3.375,1,zh,宫宴对峙,True,False,clean
artistic_title__210_item40_v0200fg10000d559g9vog65jvunt4100__clean_0000_000043000_000052000,vlm_multitype,artistic_title,210,synthetic,landscape,720,404,81,25.0,3.24,1,zh,符咒觉醒,True,False,clean
artistic_title__211_item3_v0300fg10000d7ktlivog65gk7tlbr20__clean_0000_000091000_000097000,vlm_multitype,artistic_title,211,synthetic,portrait,404,720,81,24.0,3.375,1,zh,换亲现场,True,False,clean
artistic_title__212_item47_v0200fg10000d6ukkcnog65vkqusffp0__clean_0000_000033000_000038000,vlm_multitype,artistic_title,212,synthetic,landscape,720,404,81,25.0,3.24,1,ja,王座の威圧,True,False,clean
artistic_title__213_item15_v0300fg10000d5mp617og65k38hhej7g__clean_0000_000014000_000023000,vlm_multitype,artistic_title,213,synthetic,landscape,960,540,81,25.0,3.24,1,ja,蛇の目覚め,True,False,clean
artistic_title__215_item1_v0d00fg10000d5csejvog65h1d6ptpc0__clean_0000_000049000_000057000,vlm_multitype,artistic_title,215,synthetic,landscape,960,540,81,25.0,3.24,1,ja,符の力,True,False,clean
artistic_title__219_item93_v0300fg10000d7pnukvog65ps1l4nc10__clean_0000_000089000_000097000,vlm_multitype,artistic_title,219,synthetic,portrait,720,1280,81,25.0,3.24,1,en,Kite Flight,True,False,clean
artistic_title__220_item35_v0300fg10000d7evt4nog65vue647va0__clean_0000_000003000_000010000,vlm_multitype,artistic_title,220,synthetic,portrait,404,720,81,25.0,3.24,1,zh,地下车库,True,False,clean
artistic_title__223_024__clean_0000_000043000_000048000,vlm_multitype,artistic_title,223,synthetic,portrait,540,960,81,25.0,3.24,1,zh,严肃对谈,True,False,clean
artistic_title__224_item4_v0200fg10000ctlugl7og65oggngvtg0__clean_0001_000087000_000092000,vlm_multitype,artistic_title,224,synthetic,landscape,960,540,81,24.0,3.375,1,zh,末日降临,True,False,clean
artistic_title__225_item22_v0300fg10000d7qp1t7og65qp48u320g__clean_0000_000026000_000033000,vlm_multitype,artistic_title,225,synthetic,portrait,540,960,81,25.0,3.24,1,zh,神犬护农,True,False,clean
artistic_title__226_item74_v0300fg10000d7gdm1vog65p3m9nlnqg__clean_0002_000035000_000040000,vlm_multitype,artistic_title,226,synthetic,portrait,540,960,81,24.0,3.375,1,zh,帝尊凝视,True,False,clean
artistic_title__227_item7_v0300fg10000d3s8297og65te47kr7hg__clean_0000_000076000_000081000,vlm_multitype,artistic_title,227,synthetic,landscape,1280,720,81,25.0,3.24,1,zh,火凤现世,True,False,clean
artistic_title__228_0083_v0d00fg10000culgvu7og65jj7ti8kgg__clean_0000_000062000_000067000,vlm_multitype,artistic_title,228,synthetic,portrait,720,1280,81,25.0,3.24,1,zh,斜阳如画,True,False,clean
artistic_title__229_item57_v0200fg10000d7s4cufog65uqk24qqg0__clean_0000_000030000_000035000,vlm_multitype,artistic_title,229,synthetic,portrait,720,1280,81,25.0,3.24,1,zh,惊变宫闱,True,False,clean
artistic_title__230_item21_v0300fg10000d3uv1u7og65i2rnv1utg__clean_0001_000051000_000056000,vlm_multitype,artistic_title,230,synthetic,landscape,720,406,81,25.0,3.24,1,zh,空货架夜行,True,False,clean
artistic_title__231_item52_v0d00fg10000d733kfnog65maee8snhg__clean_0000_000017000_000028000,vlm_multitype,artistic_title,231,synthetic,landscape,720,404,81,25.0,3.24,1,zh,紫光破冰,True,False,clean
artistic_title__232_item16_v0200fg10000d7hk38nog65kh8cituv0__clean_0000_000029000_000034000,vlm_multitype,artistic_title,232,synthetic,portrait,404,720,81,25.0,3.24,1,ja,心が痛む時,True,False,clean
artistic_title__234_item35_v0300fg10000d7h4menog65vue212f50__clean_0000_000000000_000006000,vlm_multitype,artistic_title,234,synthetic,landscape,960,540,81,25.0,3.24,1,zh,山中射箭,True,False,clean
artistic_title__235_item25_v0300fg10000d7kai4fog65kgo2dc6sg__clean_0000_000022000_000028000,vlm_multitype,artistic_title,235,synthetic,portrait,540,960,81,25.0,3.24,1,ja,驚きの瞬間,True,False,clean
artistic_title__236_0004_v0300fg10000csi3mbvog65kbes48sg0__clean_0000_000127000_000132840,vlm_multitype,artistic_title,236,synthetic,portrait,540,960,81,25.0,3.24,1,ko,눈물 흘림,True,False,clean
artistic_title__237_item30_v0300fg10000d621o27og65ni1stf09g__clean_0000_000046000_000057000,vlm_multitype,artistic_title,237,synthetic,landscape,1280,720,81,24.0,3.375,1,ko,모래사막의 여정,True,False,clean
artistic_title__238_item1_v0300fg10000d6jcfp7og65jfqfu4ovg__clean_0005_000150000_000155000,vlm_multitype,artistic_title,238,synthetic,landscape,1280,720,81,25.0,3.24,1,ko,천명을 맡은 자,True,False,clean
artistic_title__239_item57_v0200fg10000d7pm5svog65povue0ko0__clean_0000_000091000_000096767,vlm_multitype,artistic_title,239,synthetic,portrait,720,1280,81,25.0,3.24,1,en,Resting in bed,True,False,clean
artistic_title__240_item39_v0200fg10000d4o53fvog65lu0dt0k6g__clean_0000_000048000_000055000,vlm_multitype,artistic_title,240,synthetic,landscape,720,404,81,25.0,3.24,1,zh,恶魔现身,True,False,clean
artistic_title__241_item22_v0300fg10000d7jkdknog65k1lear1lg__clean_0002_000058000_000064000,vlm_multitype,artistic_title,241,synthetic,portrait,404,720,81,25.0,3.24,1,zh,锦帐春深,True,False,clean
artistic_title__242_009__clean_0001_000062000_000068000,vlm_multitype,artistic_title,242,synthetic,portrait,404,720,81,25.0,3.24,1,zh,跪地谢罪,True,False,clean
artistic_title__244_021__clean_0001_000017000_000022000,vlm_multitype,artistic_title,244,synthetic,portrait,540,960,81,25.0,3.24,1,zh,宴会现场,True,False,clean
artistic_title__245_item3_v0200fg10000d4r9e6fog65pqt2mnrh0__clean_0000_000000000_000006000,vlm_multitype,artistic_title,245,synthetic,landscape,960,544,81,25.0,3.24,1,zh,机场告别,True,False,clean
artistic_title__246_018__clean_0001_000057000_000062000,vlm_multitype,artistic_title,246,synthetic,portrait,540,960,81,25.0,3.24,1,zh,诊脉问诊,True,False,clean
artistic_title__247_034__clean_0001_000043000_000048000,vlm_multitype,artistic_title,247,synthetic,portrait,720,1280,81,25.0,3.24,1,zh,床边对峙,True,False,clean
artistic_title__248_010__clean_0003_000081000_000086000,vlm_multitype,artistic_title,248,synthetic,portrait,720,1280,81,25.0,3.24,1,zh,院中相望,True,False,clean
artistic_title__249_item10_v0d00fg10000d7i6ngfog65g0n7g7cfg__clean_0000_000047000_000059000,vlm_multitype,artistic_title,249,synthetic,portrait,720,1280,81,25.0,3.24,1,zh,船边对峙,True,False,clean
artistic_title__251_item32_v0d00fg10000d7fgrovog65ukkq55k80__clean_0000_000038000_000043000,vlm_multitype,artistic_title,251,synthetic,landscape,720,404,81,25.0,3.24,1,zh,敲门来啦,True,False,clean
artistic_title__252_item2_v0200fg10000d76tq5fog65o65joc750__clean_0000_000000000_000006000,vlm_multitype,artistic_title,252,synthetic,portrait,404,720,81,25.0,3.24,1,ja,血痕の手紙,True,False,clean
artistic_title__253_item6_v0300fg10000d74i567og65gk7s7g4j0__clean_0000_000060000_000066000,vlm_multitype,artistic_title,253,synthetic,portrait,540,960,81,24.0,3.375,1,ja,ギター奏者,True,False,clean
artistic_title__254_item25_v0d00fg10000d7umre7og65s79v26obg__clean_0000_000026000_000034000,vlm_multitype,artistic_title,254,synthetic,portrait,540,960,81,25.0,3.24,1,ja,水に沈む,True,False,clean
artistic_title__255_032__clean_0001_000115000_000127440,vlm_multitype,artistic_title,255,synthetic,portrait,540,960,81,25.0,3.24,1,ja,龍紋の男,True,False,clean
artistic_title__256_item38_v0d00fg10000d733jpvog65kl219jfig__clean_0000_000000000_000007000,vlm_multitype,artistic_title,256,synthetic,landscape,960,540,81,25.0,3.24,1,ko,혈기 터뜨림,True,False,clean
artistic_title__257_item24_v0d00fg10000d733j4fog65r93aih9vg__clean_0001_000053000_000060033,vlm_multitype,artistic_title,257,synthetic,landscape,1280,720,81,25.0,3.24,1,ko,전투의 순간,True,False,clean
artistic_title__258_item65_v0200fg10000d7q8hvvog65l9pcs8u60__clean_0000_000042000_000053000,vlm_multitype,artistic_title,258,synthetic,portrait,720,1280,81,25.0,3.24,1,ko,술 마시며 생각,True,False,clean
artistic_title__260_item45_v0d00fg10000d75opdfog65qe6n5kpv0__clean_0000_000047000_000052000,vlm_multitype,artistic_title,260,synthetic,landscape,720,404,81,25.0,3.24,1,zh,雪地血痕,True,False,clean
artistic_title__261_item46_v0d00fg10000d733k6fog65r93aihrog__clean_0000_000000000_000007000,vlm_multitype,artistic_title,261,synthetic,landscape,720,404,81,25.0,3.24,1,zh,紫电交锋,True,False,clean
artistic_title__262_item44_v0d00fg10000d70m3vfog65li46ndsmg__clean_0000_000015000_000020000,vlm_multitype,artistic_title,262,synthetic,landscape,720,404,81,25.0,3.24,1,zh,剑指天火,True,False,clean
artistic_title__268_item44_v0300fg10000d33q9sfog65rqmq8frs0__clean_0000_000072000_000077000,vlm_multitype,artistic_title,268,synthetic,landscape,1280,720,81,25.0,3.24,1,zh,辣条换金砖,True,False,clean
artistic_title__269_item78_v0200fg10000d7f0e2fog65o65hq5hq0__clean_0000_000040000_000045133,vlm_multitype,artistic_title,269,synthetic,portrait,720,1280,81,25.0,3.24,1,zh,墓园静立,True,False,clean
artistic_title__271_item53_v0300fg10000d7i7qa7og65va9p81f3g__clean_0000_000000000_000006000,vlm_multitype,artistic_title,271,synthetic,portrait,404,720,81,24.0,3.375,1,zh,龙腾兽阵,True,False,clean
artistic_title__274_item23_v0300fg10000d74i60vog65t9ic6icng__clean_0002_000091000_000096000,vlm_multitype,artistic_title,274,synthetic,portrait,540,960,81,24.0,3.375,1,ja,鍵を握る,True,False,clean
artistic_title__276_item37_v0300fg10000d7gcinnog65hmoe2oi90__clean_0002_000056000_000062000,vlm_multitype,artistic_title,276,synthetic,portrait,540,960,81,25.0,3.24,1,ko,차에 탄 여자,True,False,clean
artistic_title__278_item28_v0d00fg10000d7ahah7og65mjt1thetg__clean_0000_000038000_000048000,vlm_multitype,artistic_title,278,synthetic,landscape,1280,720,81,25.0,3.24,1,ko,기계인의 도전,True,False,clean
artistic_title__279_item36_v0d00fg10000d767nm7og65g2juj2530__clean_0000_000063000_000076000,vlm_multitype,artistic_title,279,synthetic,portrait,720,1280,81,25.0,3.24,1,en,Red vs. Blue,True,False,clean
artistic_title__280_item60_v0d00fg10000d7a8kjnog65hq8c2k700__clean_0000_000039000_000044000,vlm_multitype,artistic_title,280,synthetic,portrait,404,720,81,25.0,3.24,1,zh,车中暗藏玄机,True,False,clean
artistic_title__281_item30_v0d00fg10000d6sc03fog65nt8b8da0g__clean_0000_000015000_000023000,vlm_multitype,artistic_title,281,synthetic,portrait,404,720,81,25.0,3.24,1,zh,门后真相,True,False,clean
artistic_title__283_item13_v0d00fg10000d7c5tv7og65ph0825s70__clean_0000_000025000_000030000,vlm_multitype,artistic_title,283,synthetic,landscape,960,412,81,25.0,3.24,1,zh,巷中对峙,True,False,clean
artistic_title__285_item21_v0300fg10000d87h14fog65hneh9cdpg__clean_0000_000020000_000034000,vlm_multitype,artistic_title,285,synthetic,landscape,960,540,81,25.0,3.24,1,zh,血染岩壁,True,False,clean
artistic_title__286_050__clean_0004_000109000_000115633,vlm_multitype,artistic_title,286,synthetic,portrait,540,960,81,25.0,3.24,1,zh,电话那头,True,False,clean
artistic_title__287_item51_v0200fg10000d7mvsanog65updjs5a6g__clean_0000_000079000_000084000,vlm_multitype,artistic_title,287,synthetic,portrait,720,1280,81,25.0,3.24,1,zh,书案对语,True,False,clean
artistic_title__288_item6_v0300fg10000d8anncnog65gvfjtflkg__clean_0000_000000000_000008000,vlm_multitype,artistic_title,288,synthetic,landscape,1280,720,81,25.0,3.24,1,zh,负重前行,True,False,clean
artistic_title__289_item41_v0d00fg10000d7o2slvog65maedd78vg__clean_0001_000043042_000048049,vlm_multitype,artistic_title,289,synthetic,landscape,1280,720,81,23.976,3.3783783783783785,1,zh,蘑菇怪兽,True,False,clean
artistic_title__290_item1_v0300fg10000d7i7ne7og65t9i90rqd0__clean_0000_000020000_000025000,vlm_multitype,artistic_title,290,synthetic,portrait,404,720,81,24.0,3.375,1,zh,雪夜遇妖,True,False,clean
artistic_title__291_item11_v0200fg10000d753g27og65lnl42fgrg__clean_0000_000003000_000010000,vlm_multitype,artistic_title,291,synthetic,landscape,720,404,81,25.0,3.24,1,zh,冰宫静卧,True,False,clean
artistic_title__292_item55_v0200fg10000d7pm5pvog65kljvqmbn0__clean_0000_000014000_000020000,vlm_multitype,artistic_title,292,synthetic,portrait,404,720,81,25.0,3.24,1,ja,血痕の静寂,True,False,clean
artistic_title__293_item17_v0300fg10000d7jo77vog65k38h5q400__clean_0002_000116000_000121000,vlm_multitype,artistic_title,293,synthetic,portrait,540,960,81,25.0,3.24,1,ja,扉を開ける,True,False,clean
artistic_title__294_item25_v0200fg10000d6r6drfog65hfi3hj5l0__clean_0000_000047000_000052233,vlm_multitype,artistic_title,294,synthetic,portrait,540,960,81,25.0,3.24,1,zh,雨中伫立,True,False,clean
artistic_title__296_item25_v0300fg10000d679bd7og65un8t7fsqg__clean_0000_000072000_000087533,vlm_multitype,artistic_title,296,synthetic,landscape,960,540,81,25.0,3.24,1,ko,눈물 흘림,True,False,clean
artistic_title__297_item5_v0d00fg10000d7c5tsfog65ph0825r7g__clean_0001_000099000_000107000,vlm_multitype,artistic_title,297,synthetic,landscape,1280,548,81,25.0,3.24,1,ko,금속기구,True,False,clean
artistic_title__298_item75_v0300fg10000d70mp4vog65rfl6q866g__clean_0000_000000000_000005000,vlm_multitype,artistic_title,298,synthetic,portrait,720,1280,81,25.0,3.24,1,ko,서재에 서 있는 남자,True,False,clean
artistic_title__299_item16_v0300fg10000d7evs6nog65gi3k8uvs0__clean_0001_000048000_000053300,vlm_multitype,artistic_title,299,synthetic,portrait,720,1280,81,25.0,3.24,1,en,Fists clenched,True,False,clean
moving_text__000_000032__clean_0000_000026000_000051000,vlm_multitype,moving_text,0,synthetic,portrait,404,720,81,25.0,3.24,1,zh,手心发烫,True,False,clean
moving_text__001_item42_v0300fg10000d6tvnkvog65gi3j5ojqg__clean_0001_000032000_000039000,vlm_multitype,moving_text,1,synthetic,portrait,404,720,81,24.0,3.375,1,zh,箭破长空,True,False,clean
moving_text__003_016__clean_0000_000000000_000009000,vlm_multitype,moving_text,3,synthetic,portrait,540,960,81,25.0,3.24,1,zh,他来了,True,False,clean
moving_text__004_item53_v0300fg10000d824f9fog65lhphl8p10__clean_0000_000007000_000012000,vlm_multitype,moving_text,4,synthetic,portrait,540,960,81,25.0,3.24,1,zh,别怕，我在这,True,False,clean
moving_text__005_018__clean_0000_000072000_000078000,vlm_multitype,moving_text,5,synthetic,portrait,540,960,81,25.0,3.24,1,zh,红妆惊艳,True,False,clean
moving_text__006_item20_v0d00fg10000d7o6hrfog65u4mpkn40g__clean_0000_000020000_000027000,vlm_multitype,moving_text,6,synthetic,portrait,540,960,81,25.0,3.24,1,zh,掌声响起,True,False,clean
moving_text__007_0007_v0d00fg10000ct7e0gnog65qiot562cg__clean_0001_000068000_000073000,vlm_multitype,moving_text,7,synthetic,portrait,720,1280,81,25.0,3.24,1,zh,真没想到,True,False,clean
moving_text__009_709_21__clean_0000_000000000_000006000,vlm_multitype,moving_text,9,synthetic,portrait,720,1280,81,25.0,3.24,1,en,He's here,True,False,clean
moving_text__010_item64_v0300fg10000d7fkq1vog65gi3leoghg__clean_0000_000005000_000012000,vlm_multitype,moving_text,10,synthetic,landscape,720,308,81,25.0,3.24,1,en,Red tide rises,True,False,clean
moving_text__012_item34_v0d00fg10000d7a8hs7og65mae8laul0__clean_0000_000017000_000022000,vlm_multitype,moving_text,12,synthetic,portrait,404,720,81,25.0,3.24,1,en,A sip of tea,True,False,clean
moving_text__013_item3_v0300fg10000d87g62fog65hneh849ig__clean_0000_000007000_000013000,vlm_multitype,moving_text,13,synthetic,portrait,540,960,81,25.0,3.24,1,zh,雷鳴！,True,False,clean
moving_text__014_037__clean_0000_000043000_000051000,vlm_multitype,moving_text,14,synthetic,portrait,540,960,81,25.0,3.24,1,ja,静かな対話,True,False,clean
moving_text__015_item61_v0300fg10000d7gtj0vog65un02436m0__clean_0000_000001000_000007000,vlm_multitype,moving_text,15,synthetic,portrait,540,960,81,25.0,3.24,1,ja,静かに見つめている,True,False,clean
moving_text__016_item11_v0300fg10000d7vh9nnog65gvfhsn15g__clean_0000_000058000_000063000,vlm_multitype,moving_text,16,synthetic,portrait,552,960,81,25.0,3.24,1,ko,눈물 흘리며 미소,True,False,clean
moving_text__017_025__clean_0000_000011000_000025000,vlm_multitype,moving_text,17,synthetic,portrait,720,1280,81,25.0,3.24,1,ko,눈물 흘리다,True,False,clean
moving_text__018_item26_v0300fg10000d81bcqvog65l2sd69drg__clean_0000_000029000_000043000,vlm_multitype,moving_text,18,synthetic,portrait,720,1280,81,25.0,3.24,1,ko,아니야!,True,False,clean
moving_text__020_038__clean_0000_000029000_000034000,vlm_multitype,moving_text,20,synthetic,portrait,404,720,81,25.0,3.24,1,zh,睡不着呢,True,False,clean
moving_text__021_item27_v0200fg10000d7pi5bfog65hodu323l0__clean_0000_000000000_000009000,vlm_multitype,moving_text,21,synthetic,portrait,404,720,81,25.0,3.24,1,zh,别怕，有我呢,True,False,clean
moving_text__022_item62_v0d00fg10000d753rgvog65kl21u8lcg__clean_0001_000011000_000016000,vlm_multitype,moving_text,22,synthetic,landscape,720,404,81,25.0,3.24,1,zh,蛇龙觉醒,True,False,clean
moving_text__023_019__clean_0000_000041000_000046000,vlm_multitype,moving_text,23,synthetic,portrait,540,960,81,25.0,3.24,1,zh,眼神一凝,True,False,clean
moving_text__025_item15_v0300fg10000d74bf9fog65t9ibth2lg__clean_0001_000076000_000081000,vlm_multitype,moving_text,25,synthetic,portrait,540,960,81,25.0,3.24,1,zh,一碗热汤面,True,False,clean
moving_text__026_item36_v0200fg10000d76bo27og65ukoo2i0m0__clean_0000_000018000_000025000,vlm_multitype,moving_text,26,synthetic,portrait,540,960,81,25.0,3.24,1,zh,雪中策马归,True,False,clean
moving_text__027_005__clean_0001_000074000_000079000,vlm_multitype,moving_text,27,synthetic,portrait,720,1280,81,25.0,3.24,1,zh,月照空庭,True,False,clean
moving_text__028_item41_v0d00fg10000d733junog65maee8sgb0__clean_0000_000021000_000026000,vlm_multitype,moving_text,28,synthetic,landscape,1280,720,81,25.0,3.24,1,en,Awe-inspiring sight,True,False,clean
moving_text__029_item17_v0200fg10000d6sg5ivog65kh8dtdan0__clean_0000_000024000_000031000,vlm_multitype,moving_text,29,synthetic,landscape,1280,548,81,25.0,3.24,1,en,Cat eyes glow,True,False,clean
moving_text__031_item55_v0200fg10000d7h3fk7og65vkqodc4pg__clean_0000_000000000_000023000,vlm_multitype,moving_text,31,synthetic,portrait,404,720,81,25.0,3.24,1,en,A quiet moment,True,False,clean
moving_text__032_item66_v0300fg10000d7vhce7og65t0sl9m2kg__clean_0000_000137000_000147000,vlm_multitype,moving_text,32,synthetic,portrait,404,720,81,25.0,3.24,1,en,He's in a hurry,True,False,clean
moving_text__033_item16_v0d00fg10000d7i6npnog65qe6jd2sf0__clean_0001_000030000_000035000,vlm_multitype,moving_text,33,synthetic,portrait,540,960,81,25.0,3.24,1,ja,ああ,True,False,clean
moving_text__034_item84_v0d00fg10000d7a6mivog65ph0fc7c20__clean_0001_000012000_000019000,vlm_multitype,moving_text,34,synthetic,portrait,540,960,81,25.0,3.24,1,ja,どうしたの？,True,False,clean
moving_text__035_item32_v0300fg10000d7auu3vog65s0uidmsl0__clean_0000_000079000_000084000,vlm_multitype,moving_text,35,synthetic,portrait,540,960,81,25.0,3.24,1,ja,水を取る,True,False,clean
moving_text__036_000087__clean_0000_000032000_000038000,vlm_multitype,moving_text,36,synthetic,portrait,540,960,81,25.0,3.24,1,ko,"아, 그게 뭐야?",True,False,clean
moving_text__037_item46_v0d00fg10000d83joefog65rdcl9brq0__clean_0000_000042000_000048000,vlm_multitype,moving_text,37,synthetic,landscape,1280,720,81,25.0,3.24,1,ko,무기 흔들림,True,False,clean
moving_text__038_item18_v0d00fg10000d757qovog65iud1lvvtg__clean_0001_000032000_000037000,vlm_multitype,moving_text,38,synthetic,portrait,720,1280,81,25.0,3.24,1,ko,아!,True,False,clean
moving_text__039_0016_v0300fg10000cunmjh7og65pu6ck4ge0__clean_0000_000005000_000021000,vlm_multitype,moving_text,39,synthetic,portrait,720,1280,81,25.0,3.24,1,th,เธอจ้องมองลึกซึ้ง,True,False,clean
moving_text__041_047__clean_0001_000039000_000045000,vlm_multitype,moving_text,41,synthetic,portrait,404,720,81,25.0,3.24,1,zh,慢品时光,True,False,clean
moving_text__042_item61_v0200fg10000d68pktfog65skvm4fv30__clean_0000_000056000_000061000,vlm_multitype,moving_text,42,synthetic,landscape,720,404,81,24.0,3.375,1,zh,爆炸了！,True,False,clean
moving_text__043_item14_v0300fg10000d7934cnog65pkemp9r2g__clean_0000_000012000_000019000,vlm_multitype,moving_text,43,synthetic,portrait,540,960,81,25.0,3.24,1,zh,天命难违,True,False,clean
moving_text__045_item85_v0300fg10000d33qaevog65o8debthn0__clean_0000_000075000_000081000,vlm_multitype,moving_text,45,synthetic,landscape,960,540,81,25.0,3.24,1,zh,白袍人太强了,True,False,clean
moving_text__046_item40_v0200fg10000d7pm51vog65nlp3nu2bg__clean_0000_000028000_000033000,vlm_multitype,moving_text,46,synthetic,portrait,540,960,81,25.0,3.24,1,zh,会议进行中,True,False,clean
moving_text__047_0017_v0d00fg10000cqkq0m7og65phq4or2hg__clean_0000_000071000_000077960,vlm_multitype,moving_text,47,synthetic,portrait,720,1280,81,25.0,3.24,1,zh,心碎瞬间,True,False,clean
moving_text__049_item9_v0d00fg10000d83jm9vog65rdcl9b2g0__clean_0003_000033000_000039000,vlm_multitype,moving_text,49,synthetic,landscape,1280,720,81,25.0,3.24,1,en,Tears fall like rain,True,False,clean
moving_text__050_item86_v0d00fg10000d7a6mlvog65hq8c1pgs0__clean_0002_000056000_000062000,vlm_multitype,moving_text,50,synthetic,portrait,404,720,81,25.0,3.24,1,en,kneeling to beg,True,False,clean
moving_text__051_item25_v0300fg10000d5mp6gvog65t5jo01rlg__clean_0000_000000000_000006000,vlm_multitype,moving_text,51,synthetic,landscape,720,404,81,25.0,3.24,1,en,Desert storm brewing,True,False,clean
moving_text__052_item41_v0d00fg10000d7a8i6vog65qkgpnl5sg__clean_0000_000029000_000036000,vlm_multitype,moving_text,52,synthetic,portrait,404,720,81,25.0,3.24,1,en,Lucky vibes everywhere,True,False,clean
moving_text__054_item2_v0d00fg10000d82s8lvog65hminq2k40__clean_0000_000045000_000051000,vlm_multitype,moving_text,54,synthetic,portrait,540,960,81,25.0,3.24,1,ja,光が届いた,True,False,clean
moving_text__055_item11_v0300fg10000d7gdihvog65phqujgetg__clean_0000_000049000_000064000,vlm_multitype,moving_text,55,synthetic,portrait,540,960,81,24.0,3.375,1,ja,帝尊の寵愛,True,False,clean
moving_text__056_item60_v0300fg10000d7o9cjvog65l6orp6a70__clean_0000_000003000_000017000,vlm_multitype,moving_text,56,synthetic,portrait,540,960,81,25.0,3.24,1,ko,그녀가 뛰어들었다,True,False,clean
moving_text__057_item47_v0300fg10000d7q0fp7og65l3812n7q0__clean_0005_000113000_000118000,vlm_multitype,moving_text,57,synthetic,landscape,1280,548,81,25.0,3.24,1,ko,눈물 흘림,True,False,clean
moving_text__058_item54_v0d00fg10000d7g84inog65ukkqcvg0g__clean_0000_000069000_000074033,vlm_multitype,moving_text,58,synthetic,portrait,720,1280,81,25.0,3.24,1,ko,문을 열다,True,False,clean
moving_text__059_item22_v0d00fg10000d32i627og65hlscs0qpg__clean_0000_000002000_000009000,vlm_multitype,moving_text,59,synthetic,landscape,1280,720,81,25.0,3.24,1,th,พลังมหาศาล,True,False,clean
moving_text__061_item94_v0200fg10000d8aop9nog65l5ttessfg__clean_0000_000016000_000021000,vlm_multitype,moving_text,61,synthetic,landscape,720,404,81,25.0,3.24,1,zh,钱到手了,True,False,clean
moving_text__063_item22_v0200fg10000d8aojanog65heg6v41u0__clean_0000_000020000_000025000,vlm_multitype,moving_text,63,synthetic,landscape,960,540,81,25.0,3.24,1,zh,丰收在望,True,False,clean
moving_text__064_item63_v0300fg10000d7cgujfog65vue2h5fig__clean_0000_000022000_000029000,vlm_multitype,moving_text,64,synthetic,portrait,540,960,81,24.0,3.375,1,zh,别闹了,True,False,clean
moving_text__065_item22_v0300fg10000d7k62tnog65pkeng4tog__clean_0000_000026000_000033000,vlm_multitype,moving_text,65,synthetic,landscape,960,540,81,25.0,3.24,1,zh,天降神光,True,False,clean
moving_text__066_item50_v0200fg10000d7aahgnog65vo5jvgjag__clean_0000_000027000_000038000,vlm_multitype,moving_text,66,synthetic,landscape,960,540,81,25.0,3.24,1,zh,泪珠滑落,True,False,clean
moving_text__067_item5_v0300fg10000d75on07og65hs3ukh710__clean_0000_000079000_000089000,vlm_multitype,moving_text,67,synthetic,landscape,1280,720,81,25.0,3.24,1,zh,刀光闪过,True,False,clean
moving_text__068_043__clean_0000_000029000_000034000,vlm_multitype,moving_text,68,synthetic,portrait,720,1280,81,25.0,3.24,1,en,She's watching him.,True,False,clean
moving_text__070_item16_v0300fg10000d3s82dfog65n3mebh7g0__clean_0000_000092000_000103000,vlm_multitype,moving_text,70,synthetic,landscape,720,404,81,25.0,3.24,1,en,Sky burns with fire,True,False,clean
moving_text__071_0006_v0d00fg10000ct8k3svog65of7egjmog__clean_0001_000047000_000052000,vlm_multitype,moving_text,71,synthetic,portrait,404,720,81,25.0,3.24,1,en,She's so focused!,True,False,clean
moving_text__073_item34_v0300fg10000d3uv247og65p2j7n0pqg__clean_0000_000028000_000033000,vlm_multitype,moving_text,73,synthetic,landscape,960,540,81,24.0,3.375,1,ja,血の痕跡,True,False,clean
moving_text__074_item49_v0300fg10000d882binog65lhpki3oqg__clean_0000_000044000_000050000,vlm_multitype,moving_text,74,synthetic,portrait,540,960,81,25.0,3.24,1,ja,涙が零れる,True,False,clean
moving_text__075_item10_v0d00fg10000d6nrmr7og65sn0n90je0__clean_0000_000016000_000021000,vlm_multitype,moving_text,75,synthetic,landscape,960,540,81,25.0,3.24,1,ja,涙が流れる,True,False,clean
moving_text__078_0002_v0300fg10000ct6mfgvog65pe8v6t110__clean_0000_000079000_000084000,vlm_multitype,moving_text,78,synthetic,portrait,720,1280,81,25.0,3.24,1,ko,엄마가 뭘 하지?,True,False,clean
moving_text__079_002-都市玄门医婿__clean_0000_000077000_000083100,vlm_multitype,moving_text,79,synthetic,portrait,720,1280,81,25.0,3.24,1,th,มือที่มีเลือด,True,False,clean
moving_text__080_0002_v0300fg10000ct8l93vog65kbjhokecg__clean_0000_000086000_000095000,vlm_multitype,moving_text,80,synthetic,portrait,404,720,81,25.0,3.24,1,zh,称肉时的专注,True,False,clean
moving_text__081_item40_v0d00fg10000d32i6afog65pb2l1gb30__clean_0001_000099000_000106067,vlm_multitype,moving_text,81,synthetic,landscape,720,404,81,25.0,3.24,1,zh,光芒闪耀,True,False,clean
moving_text__082_item50_v0300fg10000d7hm1dnog65ouqhu2q50__clean_0000_000018000_000027000,vlm_multitype,moving_text,82,synthetic,portrait,404,720,81,25.0,3.24,1,zh,心静如水,True,False,clean
moving_text__083_item88_v0d00fg10000d7iaicfog65uugma2crg__clean_0000_000023000_000028000,vlm_multitype,moving_text,83,synthetic,portrait,540,960,81,25.0,3.24,1,zh,小蛋糕来啦,True,False,clean
moving_text__086_item56_v0300fg10000d7itlh7og65gi3ielbl0__clean_0002_000072000_000078000,vlm_multitype,moving_text,86,synthetic,portrait,540,960,81,25.0,3.24,1,zh,心软了,True,False,clean
moving_text__087_item23_v0300fg10000d7jkdmfog65va9r9avh0__clean_0000_000000000_000007000,vlm_multitype,moving_text,87,synthetic,portrait,720,1280,81,25.0,3.24,1,zh,心神俱疲,True,False,clean
moving_text__088_item63_v0200fg10000d57p4onog65g8q735e9g__clean_0000_000010000_000015000,vlm_multitype,moving_text,88,synthetic,landscape,1280,720,81,25.0,3.24,1,en,Powerful aura radiates,True,False,clean
moving_text__089_005__clean_0002_000044000_000049000,vlm_multitype,moving_text,89,synthetic,portrait,720,1280,81,25.0,3.24,1,en,He's in the car.,True,False,clean
moving_text__090_item32_v0300fg10000d824e8fog65ibc3qt9ag__clean_0000_000007000_000012000,vlm_multitype,moving_text,90,synthetic,portrait,404,720,81,25.0,3.24,1,en,sip quietly,True,False,clean
moving_text__091_item15_v0d00fg10000d7a6j67og65uugjhjmtg__clean_0000_000000000_000005000,vlm_multitype,moving_text,91,synthetic,portrait,404,720,81,25.0,3.24,1,en,He watches her leave,True,False,clean
moving_text__092_item24_v0d00fg10000d791affog65g0n4eljgg__clean_0000_000028000_000036000,vlm_multitype,moving_text,92,synthetic,portrait,404,720,81,25.0,3.24,1,en,Hand over the scroll,True,False,clean
moving_text__093_item54_v0200fg10000d6cja9vog65n5qip24vg__clean_0000_000000000_000007000,vlm_multitype,moving_text,93,synthetic,portrait,540,960,81,25.0,3.24,1,ja,笑顔で戦う,True,False,clean
moving_text__094_item12_v0300fg10000d6sbv0vog65s0ukq08dg__clean_0002_000066000_000071208,vlm_multitype,moving_text,94,synthetic,portrait,540,960,81,24.0,3.375,1,ja,危機に陥った,True,False,clean
moving_text__095_item38_v0d00fg10000d7ahb5fog65hq8c6htr0__clean_0001_000079000_000084567,vlm_multitype,moving_text,95,synthetic,landscape,960,540,81,25.0,3.24,1,ja,光の道を進む,True,False,clean
moving_text__096_023__clean_0000_000109000_000115000,vlm_multitype,moving_text,96,synthetic,portrait,540,960,81,25.0,3.24,1,ko,눈물 흘림,True,False,clean
moving_text__097_item64_v0200fg10000d7fpka7og65lsep5ud3g__clean_0001_000040000_000045000,vlm_multitype,moving_text,97,synthetic,portrait,720,1280,81,25.0,3.24,1,ko,아!,True,False,clean
moving_text__098_item68_v0d00fg10000d7l0novog65qe6kb7kvg__clean_0000_000000000_000007000,vlm_multitype,moving_text,98,synthetic,portrait,720,1280,81,25.0,3.24,1,ko,눈물 흘림,True,False,clean
moving_text__100_item7_v0200fg10000d7c8unfog65vo5njr3c0__clean_0000_000047000_000054000,vlm_multitype,moving_text,100,synthetic,portrait,404,720,81,25.0,3.24,1,zh,咬一口馅儿,True,False,clean
moving_text__101_item92_v0d00fg10000d5mpdpnog65m6o4ob2e0__clean_0003_000040000_000046000,vlm_multitype,moving_text,101,synthetic,landscape,720,404,81,25.0,3.24,1,zh,龙王倒下,True,False,clean
moving_text__102_051__clean_0000_000019000_000026000,vlm_multitype,moving_text,102,synthetic,portrait,404,720,81,25.0,3.24,1,zh,快逃！,True,False,clean
moving_text__103_item3_v0300fg10000d7o6b0fog65jmm1o4q7g__clean_0000_000079000_000086000,vlm_multitype,moving_text,103,synthetic,portrait,540,960,81,25.0,3.24,1,zh,别动！,True,False,clean
moving_text__104_item96_v0200fg10000d7h3hj7og65kfhqo57rg__clean_0002_000049000_000054000,vlm_multitype,moving_text,104,synthetic,portrait,540,960,81,25.0,3.24,1,zh,泪眼望旧照,True,False,clean
moving_text__106_item6_v0300fg10000d77sv7fog65vgcqk5reg__clean_0000_000045000_000051000,vlm_multitype,moving_text,106,synthetic,portrait,540,960,81,24.0,3.375,1,zh,雪夜独食,True,False,clean
moving_text__108_024__clean_0000_000019000_000024000,vlm_multitype,moving_text,108,synthetic,portrait,720,1280,81,25.0,3.24,1,en,He's down.,True,False,clean
moving_text__110_014__clean_0001_000086000_000097000,vlm_multitype,moving_text,110,synthetic,portrait,404,720,81,25.0,3.24,1,en,Grandma's smile,True,False,clean
moving_text__112_059__clean_0000_000028000_000033000,vlm_multitype,moving_text,112,synthetic,portrait,404,720,81,25.0,3.24,1,en,She looks down.,True,False,clean
moving_text__113_item20_v0300fg10000d7hlvu7og65p3mbqoprg__clean_0001_000024000_000030000,vlm_multitype,moving_text,113,synthetic,portrait,540,960,81,25.0,3.24,1,ja,仕事に集中,True,False,clean
moving_text__115_item106_v0300fg10000d8aoq67og65hc26n8ppg__clean_0000_000035000_000042000,vlm_multitype,moving_text,115,synthetic,landscape,960,540,81,25.0,3.24,1,ja,ああ、危ない！,True,False,clean
moving_text__116_073__clean_0000_000125000_000130733,vlm_multitype,moving_text,116,synthetic,portrait,540,960,81,25.0,3.24,1,ko,감동적인 순간,True,False,clean
moving_text__119_item25_v0d00fg10000d7mvqjvog65g2jsa7kvg__clean_0000_000026000_000033000,vlm_multitype,moving_text,119,synthetic,portrait,720,1280,81,25.0,3.24,1,th,ดาบพุ่งออก,True,False,clean
moving_text__120_item35_v0d00fg10000d7a8htnog65ph0fd111g__clean_0001_000069000_000077000,vlm_multitype,moving_text,120,synthetic,portrait,404,720,81,25.0,3.24,1,zh,泪落无声,True,False,clean
moving_text__121_item38_v0300fg10000d859qevog65hc2156vlg__clean_0000_000044000_000058000,vlm_multitype,moving_text,121,synthetic,portrait,404,720,81,25.0,3.24,1,zh,雪夜归人,True,False,clean
moving_text__123_026__clean_0000_000030000_000037000,vlm_multitype,moving_text,123,synthetic,portrait,540,960,81,25.0,3.24,1,zh,心事重重,True,False,clean
moving_text__124_046__clean_0002_000072000_000077000,vlm_multitype,moving_text,124,synthetic,portrait,540,960,81,25.0,3.24,1,zh,服务到位,True,False,clean
moving_text__125_item13_v0300fg10000d7h1o1vog65k38l8s6lg__clean_0000_000072000_000079000,vlm_multitype,moving_text,125,synthetic,portrait,540,960,81,24.0,3.375,1,zh,快躲开！,True,False,clean
moving_text__126_item3_v0200fg10000d7j362fog65t26maq4ug__clean_0002_000047000_000052000,vlm_multitype,moving_text,126,synthetic,portrait,540,960,81,25.0,3.24,1,zh,寒风刺骨,True,False,clean
moving_text__127_item9_v0200fg10000d7snpanog65ut53vfmcg__clean_0001_000125000_000131000,vlm_multitype,moving_text,127,synthetic,portrait,720,1280,81,24.0,3.375,1,zh,老太笑眯眯,True,False,clean
moving_text__128_item60_v0200fg10000d6jcl07og65i422q71m0__clean_0000_000011000_000016000,vlm_multitype,moving_text,128,synthetic,landscape,1280,720,81,25.0,3.24,1,en,Destiny in Your Hands,True,False,clean
moving_text__130_item29_v0300fg10000d7evo5fog65pken65cl0__clean_0000_000038000_000043000,vlm_multitype,moving_text,130,synthetic,portrait,404,720,81,24.0,3.375,1,en,Smile sweetly,True,False,clean
moving_text__131_item36_v0d00fg10000d83jnofog65hur8es060__clean_0000_000006000_000020000,vlm_multitype,moving_text,131,synthetic,landscape,720,404,81,25.0,3.24,1,en,Aha!,True,False,clean
moving_text__133_item43_v0300fg10000d7o6cufog65jmm1oavd0__clean_0000_000014000_000022000,vlm_multitype,moving_text,133,synthetic,portrait,540,960,81,25.0,3.24,1,ja,夕焼けの風景,True,False,clean
moving_text__134_014__clean_0001_000059000_000065000,vlm_multitype,moving_text,134,synthetic,portrait,540,960,81,25.0,3.24,1,ja,どうしたの？,True,False,clean
moving_text__135_004__clean_0000_000177000_000202400,vlm_multitype,moving_text,135,synthetic,portrait,540,960,81,25.0,3.24,1,ja,幸せな瞬間,True,False,clean
moving_text__136_item81_v0d00fg10000d753sefog65maeeti0a0__clean_0000_000054000_000066000,vlm_multitype,moving_text,136,synthetic,landscape,960,540,81,25.0,3.24,1,ko,눈물 흘림,True,False,clean
moving_text__137_item109_v0300fg10000d72fv47og65hmo90fk7g__clean_0000_000017000_000022000,vlm_multitype,moving_text,137,synthetic,portrait,720,1280,81,25.0,3.24,1,ko,화려한 옷차림,True,False,clean
moving_text__139_002-仙医下山__clean_0000_000002001_000007008,vlm_multitype,moving_text,139,synthetic,portrait,720,1280,81,25.0,3.24,1,th,พลังงานไหลเวียน,True,False,clean
moving_text__140_item18_v0d00fg10000d7o2rinog65uuggaacd0__clean_0003_000047046_000052052,vlm_multitype,moving_text,140,synthetic,landscape,720,404,81,23.976,3.3783783783783785,1,zh,好可怕！,True,False,clean
moving_text__141_004__clean_0000_000041000_000046000,vlm_multitype,moving_text,141,synthetic,portrait,404,720,81,25.0,3.24,1,zh,眼神深邃,True,False,clean
moving_text__142_item23_v0300fg10000d7uv0kfog65gvfgve5pg__clean_0000_000081000_000088000,vlm_multitype,moving_text,142,synthetic,portrait,404,720,81,25.0,3.24,1,zh,树下等孩子,True,False,clean
moving_text__144_035__clean_0000_000005000_000014000,vlm_multitype,moving_text,144,synthetic,portrait,540,960,81,25.0,3.24,1,zh,静默的等待,True,False,clean
moving_text__145_item11_v0300fg10000d7iadp7og65k38mvv930__clean_0001_000027000_000034000,vlm_multitype,moving_text,145,synthetic,portrait,540,960,81,25.0,3.24,1,zh,戒指亮了,True,False,clean
moving_text__147_025__clean_0002_000103000_000109000,vlm_multitype,moving_text,147,synthetic,portrait,720,1280,81,25.0,3.24,1,zh,心在跳动,True,False,clean
moving_text__148_item83_v0d00fg10000d753shfog65kl21u9510__clean_0001_000031000_000036000,vlm_multitype,moving_text,148,synthetic,landscape,1280,720,81,25.0,3.24,1,en,Lightning strikes!,True,False,clean
moving_text__149_item33_v0300fg10000d7gdjknog65ouqnqpbeg__clean_0000_000156000_000161000,vlm_multitype,moving_text,149,synthetic,portrait,720,1280,81,24.0,3.375,1,en,Oh no!,True,False,clean
moving_text__151_item10_v0200fg10000d7bl037og65vkqtjb5pg__clean_0001_000042000_000050000,vlm_multitype,moving_text,151,synthetic,portrait,404,720,81,24.0,3.375,1,en,Divine Punishment,True,False,clean
moving_text__152_item5_v0200fg10000d7q8egfog65q2jihvbg0__clean_0001_000033000_000038000,vlm_multitype,moving_text,152,synthetic,portrait,404,720,81,25.0,3.24,1,en,Blade flashes,True,False,clean
moving_text__153_item24_v0300fg10000d621nonog65jglhqfur0__clean_0000_000011000_000016000,vlm_multitype,moving_text,153,synthetic,landscape,960,540,81,24.0,3.375,1,zh,暗夜前行,True,False,clean
moving_text__156_item2_v0200fg10000d8092ovog65ro38sc5v0__clean_0000_000064000_000069000,vlm_multitype,moving_text,156,synthetic,portrait,540,960,81,25.0,3.24,1,ko,문제가 뭐야?,True,False,clean
moving_text__157_item26_v0d00fg10000d7mbptvog65qe6kpgu40__clean_0002_000067000_000073000,vlm_multitype,moving_text,157,synthetic,portrait,720,1280,81,25.0,3.24,1,ko,그만둬,True,False,clean
moving_text__158_item10_v0d00fg10000cuuloh7og65lj72godsg__clean_0000_000074000_000080000,vlm_multitype,moving_text,158,synthetic,landscape,1280,718,81,24.0,3.375,1,ko,화염 속의 울음,True,False,clean
moving_text__159_item14_v0200fg10000d7aafp7og65khokhvkhg__clean_0000_000029000_000036000,vlm_multitype,moving_text,159,synthetic,landscape,1280,720,81,25.0,3.24,1,th,ลูกน้อยกำลังเติบโต,True,False,clean
moving_text__160_007__clean_0002_000150149_000158159,vlm_multitype,moving_text,160,synthetic,portrait,404,720,81,25.0,3.24,1,zh,光焰冲天！,True,False,clean
moving_text__161_item52_v0300fg10000d7m1tnnog65jfqc52od0__clean_0000_000141000_000149933,vlm_multitype,moving_text,161,synthetic,portrait,404,720,81,25.0,3.24,1,zh,蛇影相望,True,False,clean
moving_text__163_item22_v0200fg10000d7ausv7og65nn8g9pkfg__clean_0000_000000000_000005000,vlm_multitype,moving_text,163,synthetic,portrait,540,960,81,25.0,3.24,1,zh,如果不在,True,False,clean
moving_text__164_item43_v0d00fg10000d6sg79vog65g2jrdsi40__clean_0000_000046000_000051000,vlm_multitype,moving_text,164,synthetic,landscape,960,412,81,25.0,3.24,1,zh,血迹斑斑,True,False,clean
moving_text__165_item7_v0d00fg10000d6r69nvog65sn0g7tlg0__clean_0001_000039000_000045000,vlm_multitype,moving_text,165,synthetic,portrait,540,960,81,25.0,3.24,1,zh,这鞋真暖和,True,False,clean
moving_text__167_007__clean_0001_000094000_000099240,vlm_multitype,moving_text,167,synthetic,portrait,720,1280,81,25.0,3.24,1,zh,她真美,True,False,clean
moving_text__168_066__clean_0000_000017000_000028000,vlm_multitype,moving_text,168,synthetic,portrait,720,1280,81,25.0,3.24,1,en,Oh no!,True,False,clean
moving_text__169_item68_v0300fg10000d2b5esfog65h439atp2g__clean_0000_000000000_000006000,vlm_multitype,moving_text,169,synthetic,landscape,1280,720,81,25.0,3.24,1,en,Awe-inspiring temple!,True,False,clean
moving_text__170_item76_v0d00fg10000d7d7dffog65g2jp1d92g__clean_0000_000073000_000080000,vlm_multitype,moving_text,170,synthetic,landscape,720,404,81,25.0,3.24,1,en,Moonlight study,True,False,clean
moving_text__171_045__clean_0000_000063000_000070433,vlm_multitype,moving_text,171,synthetic,portrait,404,720,81,25.0,3.24,1,en,He's thinking...,True,False,clean
moving_text__172_item62_v0300fg10000d7d6jnvog65phqpfagmg__clean_0003_000087000_000092000,vlm_multitype,moving_text,172,synthetic,landscape,720,308,81,25.0,3.24,1,en,Rush to escape!,True,False,clean
moving_text__173_item18_v0d00fg10000d7mdmgvog65mjt5sts90__clean_0001_000033000_000040000,vlm_multitype,moving_text,173,synthetic,portrait,540,960,81,25.0,3.24,1,ja,心動の瞬間,True,False,clean
moving_text__174_073__clean_0000_000059000_000064000,vlm_multitype,moving_text,174,synthetic,portrait,540,960,81,25.0,3.24,1,ja,静かに微笑む,True,False,clean
moving_text__179_item57_v0200fg10000d559h47og65j0c0vaoq0__clean_0001_000022000_000028000,vlm_multitype,moving_text,179,synthetic,landscape,1280,720,81,25.0,3.24,1,th,มีสิ่งร้ายเข้ามา!,True,False,clean
moving_text__180_item41_v0d00fg10000d32i6avog65ntf8f34c0__clean_0001_000051000_000057000,vlm_multitype,moving_text,180,synthetic,landscape,720,404,81,25.0,3.24,1,zh,光芒降临,True,False,clean
moving_text__181_item73_v0200fg10000d6jcljvog65hfi77tbkg__clean_0000_000000000_000005000,vlm_multitype,moving_text,181,synthetic,landscape,720,402,81,25.0,3.24,1,zh,天命在握,True,False,clean
moving_text__182_023__clean_0001_000053000_000059000,vlm_multitype,moving_text,182,synthetic,portrait,404,720,81,25.0,3.24,1,zh,哎哟，好疼！,True,False,clean
moving_text__183_item5_v0200fg10000d7vu647og65p108m38t0__clean_0000_000105000_000111000,vlm_multitype,moving_text,183,synthetic,portrait,540,960,81,25.0,3.24,1,zh,睡得真香,True,False,clean
moving_text__184_031__clean_0001_000061000_000066000,vlm_multitype,moving_text,184,synthetic,portrait,540,960,81,25.0,3.24,1,zh,心事重重,True,False,clean
moving_text__185_item8_v0300fg10000d7nc947og65hmoa824c0__clean_0000_000003000_000010000,vlm_multitype,moving_text,185,synthetic,portrait,540,960,81,24.0,3.375,1,zh,香烟袅袅,True,False,clean
moving_text__186_026__clean_0000_000109000_000114000,vlm_multitype,moving_text,186,synthetic,portrait,540,960,81,25.0,3.24,1,zh,云中仙人,True,False,clean
moving_text__188_item51_v0300fg10000d7d6j6vog65ouqimhce0__clean_0000_000055000_000060000,vlm_multitype,moving_text,188,synthetic,landscape,1280,548,81,25.0,3.24,1,en,Found it.,True,False,clean
moving_text__191_item18_v0300fg10000d7f0k67og65k38hjg7m0__clean_0000_000055000_000060800,vlm_multitype,moving_text,191,synthetic,portrait,404,720,81,25.0,3.24,1,en,He's watching...,True,False,clean
moving_text__194_item7_v0300fg10000d679ah7og65huf2gsk20__clean_0000_000011000_000016000,vlm_multitype,moving_text,194,synthetic,landscape,960,540,81,25.0,3.24,1,ja,夜の窓辺で,True,False,clean
moving_text__195_item33_v0300fg10000d2b5ebvog65spp7l0kmg__clean_0000_000047000_000055000,vlm_multitype,moving_text,195,synthetic,landscape,960,540,81,25.0,3.24,1,zh,神力觉醒,True,False,clean
moving_text__196_item48_v0300fg10000d7f0ll7og65jh02nvce0__clean_0000_000006000_000012000,vlm_multitype,moving_text,196,synthetic,portrait,540,960,81,24.0,3.375,1,ko,"어이, 뭐야?",True,False,clean
moving_text__197_item1_v0d00fg10000d7k65hvog65qkgrdgrlg__clean_0001_000019000_000024000,vlm_multitype,moving_text,197,synthetic,landscape,1280,720,81,25.0,3.24,1,ko,아!,True,False,clean
moving_text__198_item26_v0200fg10000d6sg60fog65n5npc2ju0__clean_0002_000031000_000037000,vlm_multitype,moving_text,198,synthetic,landscape,1280,540,81,25.0,3.24,1,ko,혈기 터진다,True,False,clean
moving_text__199_item77_v0d00fg10000cuuunr7og65ib9ho7ibg__clean_0001_000083000_000088000,vlm_multitype,moving_text,199,synthetic,landscape,1280,718,81,24.0,3.375,1,th,เสียงดังขึ้น,True,False,clean
moving_text__201_item7_v0300fg10000d7lncb7og65l0a32b1p0__clean_0000_000000000_000011000,vlm_multitype,moving_text,201,synthetic,portrait,404,720,81,25.0,3.24,1,zh,汗流浃背,True,False,clean
moving_text__202_0019_v0d00fg10000cqkr7bfog65pemts5gq0__clean_0001_000070000_000077000,vlm_multitype,moving_text,202,synthetic,portrait,404,720,81,25.0,3.24,1,zh,设计稿出炉！,True,False,clean
moving_text__203_001__clean_0001_000033000_000038000,vlm_multitype,moving_text,203,synthetic,portrait,540,960,81,25.0,3.24,1,zh,别闹了,True,False,clean
moving_text__204_item54_v0d00fg10000d849t1vog65rns10j0u0__clean_0001_000022000_000028000,vlm_multitype,moving_text,204,synthetic,portrait,540,960,81,25.0,3.24,1,zh,泪目了,True,False,clean
moving_text__205_item43_v0d00fg10000d838otfog65hur89f4s0__clean_0000_000030000_000041000,vlm_multitype,moving_text,205,synthetic,portrait,540,960,81,25.0,3.24,1,zh,吃着馒头的男子,True,False,clean
moving_text__206_item7_v0d00fg10000d7ah9ffog65hq8c6h8pg__clean_0002_000094000_000101467,vlm_multitype,moving_text,206,synthetic,landscape,960,540,81,25.0,3.24,1,zh,水花四溅！,True,False,clean
moving_text__207_item35_v0d00fg10000d7h1fkfog65qe6j0pt60__clean_0000_000020000_000028000,vlm_multitype,moving_text,207,synthetic,portrait,720,1280,81,25.0,3.24,1,zh,不伺候了,True,False,clean
moving_text__208_item67_v0300fg10000d7kvcuvog65gk7tr34b0__clean_0000_000010000_000018000,vlm_multitype,moving_text,208,synthetic,portrait,720,1280,81,25.0,3.24,1,en,She's trembling.,True,False,clean
moving_text__209_item76_v0300fg10000d7g9nlfog65s0uiujdr0__clean_0000_000000000_000007000,vlm_multitype,moving_text,209,synthetic,portrait,720,1280,81,25.0,3.24,1,en,He reads the paper.,True,False,clean
moving_text__210_item33_v0d00fg10000d7ffqtfog65g0n6if470__clean_0000_000073000_000079000,vlm_multitype,moving_text,210,synthetic,portrait,404,720,81,25.0,3.24,1,en,What's happening?,True,False,clean
moving_text__211_item28_v0200fg10000d6sg63fog65sjr09e7ig__clean_0000_000010000_000019000,vlm_multitype,moving_text,211,synthetic,landscape,720,308,81,25.0,3.24,1,en,Power surges!,True,False,clean
moving_text__212_item41_v0d00fg10000d7ums6nog65s79v2751g__clean_0000_000016000_000021000,vlm_multitype,moving_text,212,synthetic,portrait,404,720,81,25.0,3.24,1,en,Money softened in water,True,False,clean
moving_text__213_0020_v0200fg10000cuncmvnog65uavq1f120__clean_0000_000005000_000012000,vlm_multitype,moving_text,213,synthetic,portrait,720,960,81,25.0,3.24,1,ja,電話で話す,True,False,clean
moving_text__214_item37_v0300fg10000d7mb34vog65ouqih97v0__clean_0001_000061000_000066000,vlm_multitype,moving_text,214,synthetic,landscape,960,540,81,25.0,3.24,1,zh,雪中相依,True,False,clean
moving_text__215_054__clean_0001_000016000_000021000,vlm_multitype,moving_text,215,synthetic,portrait,540,960,81,25.0,3.24,1,ja,静かに寄り添う,True,False,clean
moving_text__216_item9_v0300fg10000d6sbusfog65vue28otng__clean_0001_000086000_000092000,vlm_multitype,moving_text,216,synthetic,portrait,540,960,81,25.0,3.24,1,ko,눈물 흘리며,True,False,clean
moving_text__219_item3_v0200fg10000d7bkvovog65hp2msbsjg__clean_0000_000000000_000005000,vlm_multitype,moving_text,219,synthetic,portrait,720,1280,81,24.0,3.375,1,th,เธอจะเลือกใคร,True,False,clean
moving_text__220_item64_v0d00fg10000d753rjvog65t4lan96tg__clean_0000_000055000_000060267,vlm_multitype,moving_text,220,synthetic,landscape,720,404,81,25.0,3.24,1,zh,雷云压境,True,False,clean
moving_text__221_item48_v0200fg10000d7mvmunog65oneqicd00__clean_0001_000067000_000073000,vlm_multitype,moving_text,221,synthetic,portrait,404,720,81,25.0,3.24,1,zh,心急如焚,True,False,clean
moving_text__222_item14_v0200fg10000d7mvlb7og65nn8h263pg__clean_0002_000131000_000137767,vlm_multitype,moving_text,222,synthetic,portrait,404,720,81,25.0,3.24,1,zh,风起云涌,True,False,clean
moving_text__223_item42_v0200fg10000d84sdbvog65qomu3e6q0__clean_0000_000000000_000006000,vlm_multitype,moving_text,223,synthetic,portrait,540,960,81,25.0,3.24,1,zh,雨中开道,True,False,clean
moving_text__224_item7_v0200fg10000d7u7sbnog65kljtbu0v0__clean_0000_000037000_000042000,vlm_multitype,moving_text,224,synthetic,portrait,540,960,81,24.0,3.375,1,zh,枪口对准！,True,False,clean
moving_text__225_001__clean_0001_000083000_000088000,vlm_multitype,moving_text,225,synthetic,portrait,540,960,81,25.0,3.24,1,zh,喂药,True,False,clean
moving_text__226_item9_v0300fg10000d3s82a7og65rqv8f6mh0__clean_0001_000052000_000059000,vlm_multitype,moving_text,226,synthetic,landscape,960,540,81,25.0,3.24,1,zh,火凤腾空,True,False,clean
moving_text__228_053__clean_0000_000056000_000062000,vlm_multitype,moving_text,228,synthetic,portrait,720,1280,81,25.0,3.24,1,en,She looks down.,True,False,clean
moving_text__229_item14_v0d00fg10000d7cfuafog65qkgq4kicg__clean_0000_000036000_000041000,vlm_multitype,moving_text,229,synthetic,portrait,720,1280,81,25.0,3.24,1,en,She runs away.,True,False,clean
moving_text__230_item11_v0d00fg10000d7mbp5vog65maecnt5d0__clean_0005_000102000_000108000,vlm_multitype,moving_text,230,synthetic,portrait,404,720,81,25.0,3.24,1,en,System activated,True,False,clean
moving_text__231_item29_v0d00fg10000d4f7co7og65p6l5hsjg0__clean_0000_000008000_000013000,vlm_multitype,moving_text,231,synthetic,landscape,720,404,81,25.0,3.24,1,en,He's done it again.,True,False,clean
moving_text__233_item19_v0200fg10000d7aag27og65hp7d0eqm0__clean_0000_000014000_000021000,vlm_multitype,moving_text,233,synthetic,landscape,960,540,81,25.0,3.24,1,ja,危機に！,True,False,clean
moving_text__235_0004_v0300fg10000ct7ckinog65mrlb7h6u0__clean_0000_000073000_000079000,vlm_multitype,moving_text,235,synthetic,portrait,540,960,81,25.0,3.24,1,ja,心痛の瞬間,True,False,clean
moving_text__236_item6_v0300fg10000d6lpennog65vue1joln0__clean_0000_000000000_000008000,vlm_multitype,moving_text,236,synthetic,landscape,960,540,81,25.0,3.24,1,ko,군대가 움직인다,True,False,clean
moving_text__237_item58_v0d00fg10000d72b0pfog65g2jtabf30__clean_0000_000016000_000021000,vlm_multitype,moving_text,237,synthetic,portrait,720,1280,81,25.0,3.24,1,ko,진짜 놀라워,True,False,clean
moving_text__239_043__clean_0000_000028000_000033000,vlm_multitype,moving_text,239,synthetic,portrait,720,1280,81,25.0,3.24,1,th,เธอหัวเราะเบาๆ,True,False,clean
moving_text__242_item20_v0d00fg10000d7i6nvvog65uugm8jalg__clean_0001_000047000_000056000,vlm_multitype,moving_text,242,synthetic,portrait,404,720,81,25.0,3.24,1,zh,好家伙,True,False,clean
moving_text__243_item3_v0300fg10000d7nfj0nog65pkem362j0__clean_0000_000000000_000005000,vlm_multitype,moving_text,243,synthetic,portrait,540,960,81,25.0,3.24,1,zh,火光映照人心,True,False,clean
moving_text__244_item79_v0300fg10000d7d7j37og65vue3jqspg__clean_0000_000066000_000074300,vlm_multitype,moving_text,244,synthetic,landscape,960,412,81,25.0,3.24,1,zh,炮火纷飞,True,False,clean
moving_text__245_item58_v0300fg10000d5ae7cnog65l9hi3rt40__clean_0000_000124000_000129000,vlm_multitype,moving_text,245,synthetic,landscape,960,544,81,25.0,3.24,1,zh,紫光吞噬天地,True,False,clean
moving_text__246_0009_v0200fg10000ct4iu8vog65n3qqiilug__clean_0001_000025000_000030000,vlm_multitype,moving_text,246,synthetic,portrait,540,960,81,25.0,3.24,1,zh,针下有灵,True,False,clean
moving_text__247_item2_v0300fg10000d8c34fvog65l3872pvmg__clean_0000_000003000_000010000,vlm_multitype,moving_text,247,synthetic,portrait,720,1280,81,25.0,3.24,1,zh,茶香袅袅,True,False,clean
moving_text__248_0013_v0300fg10000cqho9dfog65rm0glf2sg__clean_0000_000119000_000125000,vlm_multitype,moving_text,248,synthetic,portrait,720,1280,81,25.0,3.24,1,en,Go for it,True,False,clean
moving_text__251_item3_v0300fg10000d4up9p7og65pc3cp01o0__clean_0000_000151000_000156000,vlm_multitype,moving_text,251,synthetic,landscape,720,404,81,25.0,3.24,1,en,Swordlight cuts,True,False,clean
moving_text__252_item370_v0200fg10000d4vee0vog65o7qjnroog__clean_0001_000030000_000037000,vlm_multitype,moving_text,252,synthetic,landscape,720,404,81,25.0,3.24,1,en,"Red sky, danger!",True,False,clean
moving_text__254_item4_v0300fg10000cs317ufog65vv876npl0__clean_0000_000113000_000118000,vlm_multitype,moving_text,254,synthetic,landscape,960,540,81,24.0,3.375,1,zh,青光爆发,True,False,clean
moving_text__255_item31_v0d00fg10000d5tfsp7og65mvbt1n1dg__clean_0000_000046000_000052000,vlm_multitype,moving_text,255,synthetic,portrait,528,960,81,25.0,3.24,1,ja,光の剣！,True,False,clean
moving_text__257_item11_v0300fg10000d6sbuvfog65rrsbhplt0__clean_0000_000060000_000065000,vlm_multitype,moving_text,257,synthetic,portrait,726,1280,81,24.0,3.375,1,ko,혈투 시작!,True,False,clean
moving_text__258_item74_v0d00fg10000d757th7og65iud1m14pg__clean_0000_000070000_000075000,vlm_multitype,moving_text,258,synthetic,portrait,720,1280,81,25.0,3.24,1,ko,혈이 흘러나옴,True,False,clean
moving_text__259_019__clean_0000_000006000_000012000,vlm_multitype,moving_text,259,synthetic,portrait,720,1280,81,25.0,3.24,1,th,เธอร้องไห้,True,False,clean
moving_text__260_item47_v0d00fg10000d7b1t5nog65uugjrbpig__clean_0000_000035000_000040000,vlm_multitype,moving_text,260,synthetic,portrait,404,720,81,25.0,3.24,1,zh,阳光正好,True,False,clean
moving_text__261_003_v0300fg10000d0k7thnog65gh1ploalg__clean_0000_000087000_000093000,vlm_multitype,moving_text,261,synthetic,portrait,404,720,81,25.0,3.24,1,zh,抿一口酒,True,False,clean
moving_text__265_item18_v0300fg10000d7mtkhnog65jh00pqhpg__clean_0000_000020000_000025000,vlm_multitype,moving_text,265,synthetic,portrait,540,960,81,25.0,3.24,1,zh,发零蛋？,True,False,clean
moving_text__266_item48_v0d00fg10000d753qr7og65maeeth77g__clean_0000_000026000_000031000,vlm_multitype,moving_text,266,synthetic,landscape,960,540,81,25.0,3.24,1,zh,蛇女被熊压住,True,False,clean
moving_text__267_item4_v0d00fg10000d7ah9anog65uugjmcgrg__clean_0001_000065000_000071000,vlm_multitype,moving_text,267,synthetic,landscape,1280,720,81,25.0,3.24,1,zh,巨兽现身,True,False,clean
moving_text__268_007__clean_0000_000043000_000048000,vlm_multitype,moving_text,268,synthetic,portrait,720,1280,81,25.0,3.24,1,en,Cheers to the night,True,False,clean
moving_text__269_055__clean_0001_000041000_000046000,vlm_multitype,moving_text,269,synthetic,portrait,720,1280,81,25.0,3.24,1,en,She turns away.,True,False,clean
moving_text__270_item10_v0300fg10000d71t0tvog65gk7o4h6dg__clean_0000_000027000_000033000,vlm_multitype,moving_text,270,synthetic,landscape,720,404,81,25.0,3.24,1,en,Holding baby in rain,True,False,clean
moving_text__271_item30_v0300fg10000d7itk8vog65vue49o6ug__clean_0000_000028000_000033000,vlm_multitype,moving_text,271,synthetic,portrait,404,720,81,25.0,3.24,1,en,"She rests, serene",True,False,clean
moving_text__272_item88_v0200fg10000d6so6nfog65mbep3rbtg__clean_0001_000066000_000074000,vlm_multitype,moving_text,272,synthetic,portrait,404,720,81,24.0,3.375,1,en,Whoa!,True,False,clean
moving_text__273_item73_v0d00fg10000d83dsbvog65hepotpj8g__clean_0000_000000000_000006000,vlm_multitype,moving_text,273,synthetic,landscape,960,540,81,25.0,3.24,1,zh,高師兄,True,False,clean
moving_text__274_item4_v0d00fg10000d7sr5afog65rdciobaa0__clean_0000_000022000_000027000,vlm_multitype,moving_text,274,synthetic,portrait,540,960,81,25.0,3.24,1,ja,青りんごの味,True,False,clean
moving_text__275_item30_v0d00fg10000d6enu4nog65vfpu4l030__clean_0000_000041000_000047000,vlm_multitype,moving_text,275,synthetic,landscape,960,540,81,25.0,3.24,1,ja,目を丸くする,True,False,clean
moving_text__276_item3_v0300fg10000d7qrbtfog65lbal069n0__clean_0000_000088000_000095000,vlm_multitype,moving_text,276,synthetic,portrait,540,960,81,25.0,3.24,1,ko,그냥 놀라다,True,False,clean
moving_text__277_item25_v0300fg10000d87gmovog65qp4ekmhvg__clean_0000_000017000_000022000,vlm_multitype,moving_text,277,synthetic,portrait,720,1280,81,25.0,3.24,1,ko,눈이 내리고 있어,True,False,clean
moving_text__278_item6_v0d00fg10000d7fgqg7og65qkgqkcu00__clean_0000_000003000_000009000,vlm_multitype,moving_text,278,synthetic,landscape,1280,720,81,25.0,3.24,1,ko,"아, 진짜 맛있어",True,False,clean
moving_text__279_item32_v0300fg10000d7g5jv7og65pn0mal780__clean_0000_000000000_000013000,vlm_multitype,moving_text,279,synthetic,portrait,720,1280,81,25.0,3.24,1,th,นี่คือความรักจริง,True,False,clean
moving_text__280_item8_v0300fg10000d7gdrnnog65hmoe585h0__clean_0000_000026000_000033000,vlm_multitype,moving_text,280,synthetic,portrait,404,720,81,25.0,3.24,1,zh,喝一口吧,True,False,clean
moving_text__281_033__clean_0000_000000000_000008000,vlm_multitype,moving_text,281,synthetic,portrait,404,720,81,25.0,3.24,1,zh,刀光剑影,True,False,clean
moving_text__282_item54_v0200fg10000d84oqo7og65lce8nmg60__clean_0000_000028000_000033000,vlm_multitype,moving_text,282,synthetic,portrait,404,720,81,25.0,3.24,1,zh,快跑！,True,False,clean
moving_text__284_item9_v0300fg10000d7a7uofog65pn0l13900__clean_0000_000077000_000084000,vlm_multitype,moving_text,284,synthetic,landscape,960,540,81,25.0,3.24,1,zh,天命难违,True,False,clean
moving_text__285_035__clean_0000_000008000_000015000,vlm_multitype,moving_text,285,synthetic,portrait,540,960,81,25.0,3.24,1,zh,好想你,True,False,clean
moving_text__288_item27_v0300fg10000d7pcfqvog65ibc6jbsvg__clean_0000_000000000_000014000,vlm_multitype,moving_text,288,synthetic,portrait,720,1280,81,25.0,3.24,1,en,Peaceful as Ever,True,False,clean
moving_text__289_item1_v0300fg10000d679a7nog65qd8nu3je0__clean_0003_000153000_000158000,vlm_multitype,moving_text,289,synthetic,landscape,1280,720,81,25.0,3.24,1,en,Sweet tooth!,True,False,clean
moving_text__290_item7_v0300fg10000d7cce2fog65ouqhcvhig__clean_0002_000067000_000072000,vlm_multitype,moving_text,290,synthetic,portrait,404,720,81,25.0,3.24,1,en,She looks at him.,True,False,clean
moving_text__291_060__clean_0000_000027000_000032000,vlm_multitype,moving_text,291,synthetic,portrait,404,720,81,25.0,3.24,1,en,Tears in Her Eyes,True,False,clean
moving_text__293_005__clean_0000_000014000_000020000,vlm_multitype,moving_text,293,synthetic,portrait,540,960,81,25.0,3.24,1,ja,戦いの瞬間,True,False,clean
moving_text__294_001-都市玄门医婿__clean_0000_000014000_000027000,vlm_multitype,moving_text,294,synthetic,portrait,540,960,81,25.0,3.24,1,ja,暗夜に煙,True,False,clean
moving_text__295_item2_v0d00fg10000d7d3ef7og65mjt2p9p7g__clean_0001_000040000_000045000,vlm_multitype,moving_text,295,synthetic,portrait,540,960,81,24.0,3.375,1,ja,泣く子供,True,False,clean
moving_text__298_item20_v0200fg10000d7ku46fog65jhh59gmf0__clean_0001_000035000_000040000,vlm_multitype,moving_text,298,synthetic,portrait,720,1280,81,25.0,3.24,1,ko,그녀를 꼭 안아,True,False,clean
moving_text__299_0019_v0300fg10000culgsifog65tbb58retg__clean_0001_000057000_000066000,vlm_multitype,moving_text,299,synthetic,portrait,720,1280,81,25.0,3.24,1,th,สายฟ้าตกอย่างเงียบ,True,False,clean
vertical_text__000_005_v0300fg10000d0luptfog65t6fq57a6g__clean_0000_000007000_000019000,vlm_multitype,vertical_text,0,synthetic,portrait,404,720,81,25.0,3.24,1,zh,镜前凝望,True,False,clean
vertical_text__001_item1_v0d00fg10000d66q4a7og65sn0kh8pf0__clean_0001_000142000_000149000,vlm_multitype,vertical_text,1,synthetic,landscape,720,404,81,25.0,3.24,1,zh,云海升腾,True,False,clean
vertical_text__002_item58_v0d00fg10000d7a6la7og65qe6gm41l0__clean_0000_000041000_000048000,vlm_multitype,vertical_text,2,synthetic,portrait,404,720,81,25.0,3.24,1,zh,茶香袅袅,True,False,clean
vertical_text__003_item40_v0300fg10000d7a8097og65jtlen8m5g__clean_0000_000090000_000098000,vlm_multitype,vertical_text,3,synthetic,landscape,960,540,81,25.0,3.24,1,zh,天劫降临,True,False,clean
vertical_text__006_item27_v0200fg10000d68pjavog65lnt2fqgl0__clean_0000_000046000_000052000,vlm_multitype,vertical_text,6,synthetic,landscape,960,540,81,24.0,3.375,1,zh,地面灼烧,True,False,clean
vertical_text__007_item34_v0d00fg10000d7tbclnog65rns7difng__clean_0000_000052000_000058500,vlm_multitype,vertical_text,7,synthetic,portrait,720,1280,81,25.0,3.24,1,zh,泪眼依偎,True,False,clean
vertical_text__009_030__clean_0000_000032000_000037000,vlm_multitype,vertical_text,9,synthetic,portrait,720,1280,81,25.0,3.24,1,zh,红衣惊变,True,False,clean
vertical_text__010_item2_v0200fg10000d5d7fq7og65meqtj6r2g__clean_0001_000068000_000075000,vlm_multitype,vertical_text,10,synthetic,portrait,404,720,81,25.0,3.24,1,zh,雨中衙门,True,False,clean
vertical_text__011_item12_v0300fg10000d7h1tdnog65gu7kqs7c0__clean_0001_000048000_000055000,vlm_multitype,vertical_text,11,synthetic,portrait,404,720,81,25.0,3.24,1,zh,锁中窥探,True,False,clean
vertical_text__012_item44_v0d00fg10000d7cfvqnog65sub4mgong__clean_0001_000056000_000061000,vlm_multitype,vertical_text,12,synthetic,portrait,404,720,81,25.0,3.24,1,ja,蒸籠の煙,True,False,clean
vertical_text__014_035__clean_0000_000079000_000086433,vlm_multitype,vertical_text,14,synthetic,portrait,540,960,81,25.0,3.24,1,ja,剣の決意,True,False,clean
vertical_text__015_item26_v0300fg10000d7g8e6fog65l0a159d50__clean_0000_000019000_000024000,vlm_multitype,vertical_text,15,synthetic,portrait,540,960,81,25.0,3.24,1,ja,泥濘の夜,True,False,clean
vertical_text__016_item55_v0d00fg10000d7l0n4nog65rhshciulg__clean_0001_000047000_000052000,vlm_multitype,vertical_text,16,synthetic,portrait,540,960,81,25.0,3.24,1,ko,눈물,True,False,clean
vertical_text__017_item59_v0300fg10000d6tvofnog65l0a5s0e60__clean_0000_000078000_000083000,vlm_multitype,vertical_text,17,synthetic,portrait,720,1280,81,24.0,3.375,1,ko,화려한 테이블,True,False,clean
vertical_text__018_item33_v0300fg10000d7itkdfog65gi3ieinb0__clean_0000_000016000_000023000,vlm_multitype,vertical_text,18,synthetic,portrait,720,1280,81,25.0,3.24,1,ko,마주보는 눈,True,False,clean
vertical_text__020_038__clean_0000_000032000_000038000,vlm_multitype,vertical_text,20,synthetic,portrait,404,720,81,25.0,3.24,1,zh,手机来电,True,False,clean
vertical_text__021_item13_v0300fg10000d7h4lrvog65l0a2s2380__clean_0001_000074000_000080000,vlm_multitype,vertical_text,21,synthetic,landscape,720,404,81,25.0,3.24,1,zh,荒野对峙,True,False,clean
vertical_text__022_item85_v0d00fg10000d7jnf0fog65g2jr6qct0__clean_0000_000045000_000056000,vlm_multitype,vertical_text,22,synthetic,portrait,404,720,81,25.0,3.24,1,zh,静谧对峙,True,False,clean
vertical_text__023_033__clean_0000_000090000_000104000,vlm_multitype,vertical_text,23,synthetic,portrait,540,960,81,25.0,3.24,1,zh,低头沉思,True,False,clean
vertical_text__024_item22_v0d00fg10000d7ffqc7og65g0n6ies4g__clean_0001_000054000_000059000,vlm_multitype,vertical_text,24,synthetic,portrait,540,960,81,25.0,3.24,1,zh,静立凝望,True,False,clean
vertical_text__025_item7_v0d00fg10000d826plnog65r8rturssg__clean_0000_000029000_000038000,vlm_multitype,vertical_text,25,synthetic,portrait,540,960,81,25.0,3.24,1,zh,枪口对准,True,False,clean
vertical_text__026_item10_v0300fg10000d54gaenog65s5fchm56g__clean_0000_000009000_000014000,vlm_multitype,vertical_text,26,synthetic,landscape,960,540,81,25.0,3.24,1,zh,流放途中,True,False,clean
vertical_text__027_item27_v0d00fg10000d71pr17og65t1bobaa9g__clean_0000_000012000_000017000,vlm_multitype,vertical_text,27,synthetic,portrait,720,1280,81,25.0,3.24,1,zh,深夜伏案,True,False,clean
vertical_text__028_item55_v0300fg10000d7o6dh7og65lhphig960__clean_0001_000039000_000045000,vlm_multitype,vertical_text,28,synthetic,portrait,720,1280,81,25.0,3.24,1,zh,白衬衫女,True,False,clean
vertical_text__029_014__clean_0000_000027000_000036000,vlm_multitype,vertical_text,29,synthetic,portrait,720,1280,81,25.0,3.24,1,zh,湿发相拥,True,False,clean
vertical_text__030_item38_v0d00fg10000d7ln73nog65g2jrs2ieg__clean_0000_000028000_000041000,vlm_multitype,vertical_text,30,synthetic,portrait,404,720,81,25.0,3.24,1,zh,静听弦音,True,False,clean
vertical_text__031_035__clean_0000_000011000_000017000,vlm_multitype,vertical_text,31,synthetic,portrait,404,720,81,25.0,3.24,1,zh,跪地斟酒,True,False,clean
vertical_text__033_item20_v0200fg10000d68pj0fog65irir58i70__clean_0000_000006000_000012000,vlm_multitype,vertical_text,33,synthetic,landscape,960,540,81,24.0,3.375,1,zh,機不可失,True,False,clean
vertical_text__034_item6_v0300fg10000d7e8onvog65pkelvah6g__clean_0000_000035000_000041000,vlm_multitype,vertical_text,34,synthetic,portrait,540,960,81,25.0,3.24,1,zh,拳風,True,False,clean
vertical_text__038_item59_v0300fg10000d7h26cfog65va9vm0a8g__clean_0000_000000000_000010000,vlm_multitype,vertical_text,38,synthetic,portrait,720,1280,81,24.0,3.375,1,ko,무기력,True,False,clean
vertical_text__041_item2_v0200fg10000d6tvt1nog65khon1cbqg__clean_0001_000070000_000075000,vlm_multitype,vertical_text,41,synthetic,landscape,720,404,81,25.0,3.24,1,zh,凝眸,True,False,clean
vertical_text__042_item16_v0200fg10000d804fvnog65ub0o1vgag__clean_0000_000025000_000031000,vlm_multitype,vertical_text,42,synthetic,portrait,404,720,81,25.0,3.24,1,zh,雪地围看,True,False,clean
vertical_text__044_item43_v0d00fg10000d32i6bvog65l0dh4nhk0__clean_0000_000031000_000037000,vlm_multitype,vertical_text,44,synthetic,landscape,960,540,81,25.0,3.24,1,zh,金焰觉醒,True,False,clean
vertical_text__045_001__clean_0000_000012000_000017000,vlm_multitype,vertical_text,45,synthetic,portrait,540,960,81,25.0,3.24,1,zh,夜战,True,False,clean
vertical_text__046_item52_v0d00fg10000d776sbfog65g2jv13brg__clean_0000_000025000_000032000,vlm_multitype,vertical_text,46,synthetic,portrait,540,960,81,25.0,3.24,1,zh,巷口徘徊,True,False,clean
vertical_text__047_item21_v0300fg10000d7k62s7og65tv2bh3g80__clean_0000_000023000_000031000,vlm_multitype,vertical_text,47,synthetic,landscape,1280,720,81,25.0,3.24,1,zh,剑雨倾城,True,False,clean
vertical_text__048_item20_v0300fg10000d7nngv7og65pkemm9eeg__clean_0001_000060000_000065000,vlm_multitype,vertical_text,48,synthetic,portrait,720,1280,81,25.0,3.24,1,zh,温柔相拥,True,False,clean
vertical_text__049_item4_v0d00fg10000d7h1e4fog65g2jqa0rs0__clean_0000_000000000_000005000,vlm_multitype,vertical_text,49,synthetic,portrait,720,1280,81,25.0,3.24,1,zh,餐桌旁,True,False,clean
vertical_text__051_item64_v0d00fg10000d7tejevog65p5753o9s0__clean_0000_000045000_000051000,vlm_multitype,vertical_text,51,synthetic,portrait,404,720,81,25.0,3.24,1,zh,暗室对峙,True,False,clean
vertical_text__052_item5_v0200fg10000d76uh7nog65ukopcnno0__clean_0000_000039000_000053167,vlm_multitype,vertical_text,52,synthetic,portrait,404,720,81,25.0,3.24,1,ja,混乱の部屋,True,False,clean
vertical_text__053_065__clean_0000_000000000_000005000,vlm_multitype,vertical_text,53,synthetic,portrait,540,960,81,25.0,3.24,1,ja,花束の向こう,True,False,clean
vertical_text__056_item38_v0300fg10000d7itkl7og65phqq6qctg__clean_0000_000013000_000018000,vlm_multitype,vertical_text,56,synthetic,portrait,540,960,81,25.0,3.24,1,ko,서재,True,False,clean
vertical_text__057_005__clean_0002_000058000_000063000,vlm_multitype,vertical_text,57,synthetic,portrait,720,1280,81,25.0,3.24,1,ko,눈빛으로,True,False,clean
vertical_text__059_item36_v0d00fg10000d6enudvog65oegm0d9g0__clean_0000_000064000_000071000,vlm_multitype,vertical_text,59,synthetic,landscape,1280,720,81,25.0,3.24,1,en,Dragon Robes,True,False,clean
vertical_text__060_item49_v0d00fg10000d6sg7jfog65has2rn6c0__clean_0001_000024000_000031000,vlm_multitype,vertical_text,60,synthetic,landscape,720,308,81,25.0,3.24,1,zh,火链缠身,True,False,clean
vertical_text__061_item26_v0300fg10000d7lnd97og65pkej9p5v0__clean_0000_000032000_000039833,vlm_multitype,vertical_text,61,synthetic,portrait,404,720,81,25.0,3.24,1,zh,醉倒,True,False,clean
vertical_text__064_022__clean_0003_000069000_000074000,vlm_multitype,vertical_text,64,synthetic,portrait,540,960,81,25.0,3.24,1,zh,车中凝望,True,False,clean
vertical_text__065_041__clean_0000_000009000_000017000,vlm_multitype,vertical_text,65,synthetic,portrait,540,960,81,25.0,3.24,1,zh,静立凝望,True,False,clean
vertical_text__067_0000_v0200fg10000ctbb6snog65gosvvmasg__clean_0001_000030000_000035000,vlm_multitype,vertical_text,67,synthetic,portrait,720,1280,81,25.0,3.24,1,zh,静卧休憩,True,False,clean
vertical_text__068_item17_v0300fg10000d679b0vog65gtp8irbpg__clean_0000_000018000_000023000,vlm_multitype,vertical_text,68,synthetic,landscape,1280,720,81,25.0,3.24,1,zh,校花凝视,True,False,clean
vertical_text__069_item29_v0d00fg10000d7i8hofog65maebc4cc0__clean_0002_000038000_000045000,vlm_multitype,vertical_text,69,synthetic,portrait,720,1280,81,25.0,3.24,1,zh,静坐读卷,True,False,clean
vertical_text__070_item53_v0200fg10000d7qr2bnog65l9pekp18g__clean_0000_000000000_000006000,vlm_multitype,vertical_text,70,synthetic,portrait,404,720,81,25.0,3.24,1,zh,职场女强人,True,False,clean
vertical_text__072_item27_v0300fg10000d87h19vog65n1u8ievn0__clean_0000_000118000_000123000,vlm_multitype,vertical_text,72,synthetic,landscape,720,404,81,25.0,3.24,1,ja,夜の廊下,True,False,clean
vertical_text__073_040__clean_0000_000044000_000053000,vlm_multitype,vertical_text,73,synthetic,portrait,540,960,81,25.0,3.24,1,ja,静かな部屋,True,False,clean
vertical_text__075_item69_v0d00fg10000d72b1anog65maedvhn8g__clean_0000_000031000_000037000,vlm_multitype,vertical_text,75,synthetic,portrait,540,960,81,25.0,3.24,1,ja,炎の嵐,True,False,clean
vertical_text__076_item20_v0200fg10000d78jd17og65gem6gc7t0__clean_0001_000037000_000043000,vlm_multitype,vertical_text,76,synthetic,portrait,540,960,81,25.0,3.24,1,ko,밤거리,True,False,clean
vertical_text__077_item57_v0d00fg10000d7joh07og65maebsd4kg__clean_0000_000018000_000043000,vlm_multitype,vertical_text,77,synthetic,portrait,720,1280,81,25.0,3.24,1,ko,밤의 싸움,True,False,clean
vertical_text__079_item44_v0300fg10000d7nfl1nog65l0a5ru270__clean_0000_000000000_000006000,vlm_multitype,vertical_text,79,synthetic,portrait,720,1280,81,25.0,3.24,1,en,Snowy Trail,True,False,clean
vertical_text__080_item66_v0300fg10000d5mpb07og65rhnibt9b0__clean_0000_000015000_000021000,vlm_multitype,vertical_text,80,synthetic,landscape,720,404,81,25.0,3.24,1,zh,星陨战场,True,False,clean
vertical_text__081_0000_v0300fg10000csi3cdvog65kbes3un9g__clean_0003_000045000_000050000,vlm_multitype,vertical_text,81,synthetic,portrait,404,720,81,25.0,3.24,1,zh,静谧庭院,True,False,clean
vertical_text__082_item34_v0d00fg10000d73b6e7og65g2jtmu6ug__clean_0000_000059000_000067000,vlm_multitype,vertical_text,82,synthetic,portrait,404,720,81,25.0,3.24,1,zh,霓虹夜,True,False,clean
vertical_text__083_item106_v0200fg10000d08guo7og65h8ktek770__clean_0000_000030000_000036000,vlm_multitype,vertical_text,83,synthetic,landscape,960,540,81,25.0,3.24,1,zh,火光冲天,True,False,clean
vertical_text__084_023__clean_0000_000019000_000024000,vlm_multitype,vertical_text,84,synthetic,portrait,540,960,81,25.0,3.24,1,zh,西装男,True,False,clean
vertical_text__087_item13_v0300fg10000d7hi0knog65gt4649iq0__clean_0000_000055000_000060233,vlm_multitype,vertical_text,87,synthetic,portrait,720,1280,81,25.0,3.24,1,zh,海风凛冽,True,False,clean
vertical_text__088_item72_v0300fg10000d7a81r7og65pn0l18tig__clean_0000_000064000_000070200,vlm_multitype,vertical_text,88,synthetic,landscape,1280,720,81,25.0,3.24,1,zh,云海仙宫,True,False,clean
vertical_text__090_item62_v0200fg10000d68pkuvog65ljiepdr8g__clean_0000_000007000_000013000,vlm_multitype,vertical_text,90,synthetic,landscape,720,404,81,24.0,3.375,1,zh,火光弥漫,True,False,clean
vertical_text__093_item4_v0d00fg10000d6enssnog65obmv7d1pg__clean_0000_000024000_000029000,vlm_multitype,vertical_text,93,synthetic,landscape,960,540,81,25.0,3.24,1,zh,馬車前,True,False,clean
vertical_text__095_辞君_009__clean_0000_000047000_000052000,vlm_multitype,vertical_text,95,synthetic,portrait,540,960,81,25.0,3.24,1,zh,香火缭绕,True,False,clean
vertical_text__096_004_okg7R9wEvAIRHBAnJwuIZf9Fgfg8NC3NADWBgE__clean_0000_000036000_000041000,vlm_multitype,vertical_text,96,synthetic,portrait,540,960,81,25.0,3.24,1,ko,진료실,True,False,clean
vertical_text__097_item29_v0300fg10000d7nha7vog65tv2evmfgg__clean_0000_000000000_000005000,vlm_multitype,vertical_text,97,synthetic,landscape,1280,720,81,25.0,3.24,1,ko,눈물 흘림,True,False,clean
vertical_text__099_item37_v0200fg10000d78jdqnog65hp2i6j4p0__clean_0000_000047000_000059300,vlm_multitype,vertical_text,99,synthetic,portrait,720,1280,81,25.0,3.24,1,en,Snowy Night,True,False,clean
vertical_text__101_016__clean_0000_000066000_000071840,vlm_multitype,vertical_text,101,synthetic,portrait,404,720,81,25.0,3.24,1,zh,酒泼红裙,True,False,clean
vertical_text__102_item86_v0d00fg10000d5mpdg7og65l4cmq2pi0__clean_0000_000000000_000005000,vlm_multitype,vertical_text,102,synthetic,landscape,720,404,81,25.0,3.24,1,zh,最后一天,True,False,clean
vertical_text__104_item63_v0300fg10000d6r6g4nog65hs3v2lo4g__clean_0000_000015000_000021000,vlm_multitype,vertical_text,104,synthetic,portrait,540,960,81,25.0,3.24,1,zh,夕阳归人,True,False,clean
vertical_text__106_item117_v0300fg10000d8aor3vog65i6icslhig__clean_0000_000000000_000009000,vlm_multitype,vertical_text,106,synthetic,landscape,960,540,81,25.0,3.24,1,zh,围坐共餐,True,False,clean
vertical_text__107_item53_v0300fg10000d7itlcfog65gk7psor6g__clean_0000_000013000_000018000,vlm_multitype,vertical_text,107,synthetic,portrait,720,1280,81,25.0,3.24,1,zh,相拥而泣,True,False,clean
vertical_text__108_item35_v0d00fg10000d7c5u1vog65qe6hc3580__clean_0002_000093000_000098000,vlm_multitype,vertical_text,108,synthetic,landscape,1280,548,81,25.0,3.24,1,zh,老者凝视,True,False,clean
vertical_text__109_060__clean_0000_000053000_000060000,vlm_multitype,vertical_text,109,synthetic,portrait,720,1280,81,25.0,3.24,1,zh,提水浇灌,True,False,clean
vertical_text__113_item102_v0300fg10000d8aoprfog65hnela8m70__clean_0000_000017000_000031000,vlm_multitype,vertical_text,113,synthetic,landscape,960,540,81,25.0,3.24,1,ja,森の中,True,False,clean
vertical_text__117_item7_v0200fg10000d7ob8v7og65g9o8j1ll0__clean_0002_000077000_000082000,vlm_multitype,vertical_text,117,synthetic,portrait,720,1280,81,25.0,3.24,1,ko,검은 하늘,True,False,clean
vertical_text__119_item20_v0300fg10000d679b5nog65lgl9t56ag__clean_0000_000000000_000008000,vlm_multitype,vertical_text,119,synthetic,landscape,1280,720,81,25.0,3.24,1,en,Forest,True,False,clean
vertical_text__120_item3_v0200fg10000d75ufuvog65lnl5rggbg__clean_0000_000015000_000023000,vlm_multitype,vertical_text,120,synthetic,portrait,404,720,81,25.0,3.24,1,zh,血染衣襟,True,False,clean
vertical_text__121_item82_v0300fg10000d7fng7vog65kgo328g6g__clean_0000_000003000_000012000,vlm_multitype,vertical_text,121,synthetic,landscape,720,308,81,25.0,3.24,1,zh,战地鼓声,True,False,clean
vertical_text__124_item3_v0300fg10000d7d6grfog65pkekkhoq0__clean_0001_000103000_000108000,vlm_multitype,vertical_text,124,synthetic,landscape,960,412,81,25.0,3.24,1,zh,祠堂练功,True,False,clean
vertical_text__125_0008_v0d00fg10000ct9rcafog65s0n5la090__clean_0000_000016000_000021000,vlm_multitype,vertical_text,125,synthetic,portrait,540,960,81,25.0,3.24,1,zh,红裙女子,True,False,clean
vertical_text__126_059__clean_0000_000015014_000020021,vlm_multitype,vertical_text,126,synthetic,portrait,540,960,81,25.0,3.24,1,zh,月下轻舞,True,False,clean
vertical_text__127_item44_v0300fg10000d710kgnog65gk7uicdvg__clean_0000_000046000_000056000,vlm_multitype,vertical_text,127,synthetic,portrait,720,1280,81,25.0,3.24,1,zh,惊华,True,False,clean
vertical_text__128_000068__clean_0000_000046000_000054000,vlm_multitype,vertical_text,128,synthetic,portrait,720,1280,81,25.0,3.24,1,zh,老者施法,True,False,clean
vertical_text__130_item15_v0d00fg10000d7mupbfog65maecurt7g__clean_0000_000002000_000008000,vlm_multitype,vertical_text,130,synthetic,portrait,404,720,81,25.0,3.24,1,zh,翻书惊愕,True,False,clean
vertical_text__132_item41_v0200fg10000d7mvrrfog65rcbso3j20__clean_0000_000015000_000023000,vlm_multitype,vertical_text,132,synthetic,portrait,404,720,81,25.0,3.24,1,zh,剣闘,True,False,clean
vertical_text__133_item78_v0300fg10000d82ohhfog65ipvukpe9g__clean_0000_000048000_000054000,vlm_multitype,vertical_text,133,synthetic,portrait,540,960,81,25.0,3.24,1,ja,指を立てた,True,False,clean
vertical_text__134_item40_v0d00fg10000d75op5fog65maef41ig0__clean_0003_000049000_000054000,vlm_multitype,vertical_text,134,synthetic,landscape,960,540,81,25.0,3.24,1,zh,戦場,True,False,clean
vertical_text__136_item2_v0300fg10000d7f0jd7og65p3mf7c0d0__clean_0000_000010000_000016000,vlm_multitype,vertical_text,136,synthetic,portrait,540,960,81,24.0,3.375,1,ko,세상의 끝,True,False,clean
vertical_text__138_item50_v0d00fg10000d6sg7kvog65mmbsh0910__clean_0000_000048000_000064000,vlm_multitype,vertical_text,138,synthetic,landscape,1280,548,81,25.0,3.24,1,ko,고풍스러운,True,False,clean
vertical_text__139_item10_v0d00fg10000d79nd5nog65mae8gf1rg__clean_0001_000092000_000100000,vlm_multitype,vertical_text,139,synthetic,portrait,720,1280,81,25.0,3.24,1,en,Bedside,True,False,clean
vertical_text__140_040__clean_0003_000122000_000127000,vlm_multitype,vertical_text,140,synthetic,portrait,404,720,81,25.0,3.24,1,zh,凝眸沉思,True,False,clean
vertical_text__141_016__clean_0000_000031000_000037000,vlm_multitype,vertical_text,141,synthetic,portrait,404,720,81,25.0,3.24,1,zh,手术中,True,False,clean
vertical_text__142_item59_v0200fg10000d7kuc7vog65nn9g5l06g__clean_0000_000047000_000056000,vlm_multitype,vertical_text,142,synthetic,portrait,404,720,81,24.0,3.375,1,zh,夜战突袭,True,False,clean
vertical_text__143_item56_v0300fg10000d3s830nog65s0ugnqq90__clean_0001_000078000_000083000,vlm_multitype,vertical_text,143,synthetic,landscape,960,540,81,25.0,3.24,1,zh,焚天之火,True,False,clean
vertical_text__144_item43_v0300fg10000d79scinog65hmobue5kg__clean_0000_000076000_000086040,vlm_multitype,vertical_text,144,synthetic,portrait,540,960,81,25.0,3.24,1,zh,血染衣襟,True,False,clean
vertical_text__145_024__clean_0000_000047000_000053000,vlm_multitype,vertical_text,145,synthetic,portrait,540,960,81,25.0,3.24,1,zh,专注凝视,True,False,clean
vertical_text__146_item70_v0300fg10000d5mpb6fog65u5m0qlctg__clean_0003_000088000_000093133,vlm_multitype,vertical_text,146,synthetic,landscape,960,540,81,25.0,3.24,1,zh,龙腾紫空,True,False,clean
vertical_text__147_001__clean_0000_000000000_000005000,vlm_multitype,vertical_text,147,synthetic,landscape,1280,720,81,24.0,3.375,1,zh,雾林惊现,True,False,clean
vertical_text__148_item29_v0300fg10000d71t2jvog65k1lbc7bqg__clean_0000_000077000_000093133,vlm_multitype,vertical_text,148,synthetic,landscape,1280,720,81,25.0,3.24,1,zh,殿前跪拜,True,False,clean
vertical_text__150_031__clean_0000_000000000_000016000,vlm_multitype,vertical_text,150,synthetic,portrait,404,720,81,25.0,3.24,1,zh,静谧凝视,True,False,clean
vertical_text__151_item42_v0d00fg10000d88q6f7og65o87iq6rp0__clean_0000_000001000_000006000,vlm_multitype,vertical_text,151,synthetic,portrait,404,720,81,24.0,3.375,1,zh,门后三人,True,False,clean
vertical_text__152_item10_v0300fg10000d87h0pnog65mmmaf0lb0__clean_0001_000066000_000072000,vlm_multitype,vertical_text,152,synthetic,landscape,720,404,81,25.0,3.24,1,zh,月夜林中,True,False,clean
vertical_text__153_item30_v0300fg10000d7k63rnog65vue6dqlg0__clean_0001_000017000_000024000,vlm_multitype,vertical_text,153,synthetic,landscape,960,540,81,25.0,3.24,1,ja,空気を裂く,True,False,clean
vertical_text__154_item63_v0d00fg10000d7qt5hnog65s79tp7jog__clean_0000_000003000_000011000,vlm_multitype,vertical_text,154,synthetic,portrait,540,960,81,25.0,3.24,1,zh,工装男子,True,False,clean
vertical_text__155_item21_v0200fg10000d3or1pfog65u8i2o67u0__clean_0000_000041000_000047000,vlm_multitype,vertical_text,155,synthetic,landscape,960,540,81,25.0,3.24,1,ja,森の中,True,False,clean
vertical_text__157_item14_v0200fg10000d68pilvog65n8jdna6ug__clean_0000_000044000_000049000,vlm_multitype,vertical_text,157,synthetic,landscape,1280,720,81,24.0,3.375,1,ko,전력충전,True,False,clean
vertical_text__158_item7_v0300fg10000d79341nog65ouqkr6dm0__clean_0000_000048000_000053000,vlm_multitype,vertical_text,158,synthetic,portrait,720,1280,81,25.0,3.24,1,ko,황금제국,True,False,clean
vertical_text__159_item53_v0d00fg10000d1qr217og65kqdjfun10__clean_0000_000002000_000009000,vlm_multitype,vertical_text,159,synthetic,landscape,1280,720,81,25.0,3.24,1,en,Battle begins,True,False,clean
vertical_text__160_014__clean_0000_000061000_000068000,vlm_multitype,vertical_text,160,synthetic,portrait,404,720,81,25.0,3.24,1,zh,凝视,True,False,clean
vertical_text__161_item28_v0d00fg10000d733jafog65g2jtjneo0__clean_0001_000052000_000057000,vlm_multitype,vertical_text,161,synthetic,landscape,720,404,81,25.0,3.24,1,zh,踏风而来,True,False,clean
vertical_text__162_item55_v0200fg10000d76tt3fog65kfho34img__clean_0000_000003000_000012000,vlm_multitype,vertical_text,162,synthetic,portrait,404,720,81,24.0,3.375,1,zh,烟雾弥漫,True,False,clean
vertical_text__163_item35_v0300fg10000d7qm1g7og65lhpm1q100__clean_0002_000068000_000073633,vlm_multitype,vertical_text,163,synthetic,portrait,540,960,81,25.0,3.24,1,zh,雪林追猎,True,False,clean
vertical_text__165_028__clean_0000_000044000_000051000,vlm_multitype,vertical_text,165,synthetic,portrait,540,960,81,25.0,3.24,1,zh,法庭肃穆,True,False,clean
vertical_text__168_item1_v0300fg10000d710idnog65va9uoavtg__clean_0000_000075000_000090000,vlm_multitype,vertical_text,168,synthetic,portrait,720,1280,81,25.0,3.24,1,zh,山道惊险,True,False,clean
vertical_text__170_002__clean_0001_000050000_000056000,vlm_multitype,vertical_text,170,synthetic,portrait,404,720,81,25.0,3.24,1,zh,品酒时光,True,False,clean
vertical_text__171_709_09__clean_0003_000141000_000149000,vlm_multitype,vertical_text,171,synthetic,portrait,404,720,81,25.0,3.24,1,zh,凝望,True,False,clean
vertical_text__172_item65_v0200fg10000d68pl3fog65l03rcter0__clean_0000_000085000_000090000,vlm_multitype,vertical_text,172,synthetic,landscape,720,404,81,24.0,3.375,1,ja,観客の熱気,True,False,clean
vertical_text__173_item31_v0300fg10000d82o1vnog65juj2mt16g__clean_0000_000058000_000064000,vlm_multitype,vertical_text,173,synthetic,portrait,540,960,81,25.0,3.24,1,ja,海辺の待機,True,False,clean
vertical_text__174_item28_v0200fg10000d87ru8nog65vbj55h4o0__clean_0000_000015000_000022000,vlm_multitype,vertical_text,174,synthetic,portrait,540,960,81,25.0,3.24,1,zh,雨中惊愕,True,False,clean
vertical_text__176_item26_v0d00fg10000d7st33fog65lc1ch36k0__clean_0001_000043000_000049000,vlm_multitype,vertical_text,176,synthetic,portrait,540,960,81,25.0,3.24,1,ko,해변길,True,False,clean
vertical_text__177_037__clean_0000_000038000_000043120,vlm_multitype,vertical_text,177,synthetic,portrait,720,1280,81,25.0,3.24,1,ko,잠자리,True,False,clean
vertical_text__179_030__clean_0000_000033000_000039000,vlm_multitype,vertical_text,179,synthetic,portrait,720,1280,81,25.0,3.24,1,en,Neon Night,True,False,clean
vertical_text__180_item17_v0d00fg10000d7dkdffog65q72rok90g__clean_0000_000042000_000047000,vlm_multitype,vertical_text,180,synthetic,landscape,720,404,81,25.0,3.24,1,zh,夜卧刷屏,True,False,clean
vertical_text__181_item10_v0300fg10000d7uuvk7og65jmm418uh0__clean_0000_000004000_000011000,vlm_multitype,vertical_text,181,synthetic,portrait,404,720,81,25.0,3.24,1,zh,晨光窗边,True,False,clean
vertical_text__182_item50_v0d00fg10000d753qu7og65iud1k8ro0__clean_0000_000016000_000022000,vlm_multitype,vertical_text,182,synthetic,landscape,720,404,81,25.0,3.24,1,zh,蛇王现世,True,False,clean
vertical_text__183_item77_v0200fg10000d8aoo57og65td650nvbg__clean_0000_000000000_000005000,vlm_multitype,vertical_text,183,synthetic,landscape,960,540,81,25.0,3.24,1,zh,村中练武,True,False,clean
vertical_text__185_item73_v0d00fg10000d7h1s8vog65q72stomfg__clean_0001_000078000_000084000,vlm_multitype,vertical_text,185,synthetic,portrait,540,960,81,24.0,3.375,1,zh,金冠女帝,True,False,clean
vertical_text__186_item82_v0d00fg10000d753sfvog65iud1k9jr0__clean_0000_000075000_000083000,vlm_multitype,vertical_text,186,synthetic,landscape,960,540,81,25.0,3.24,1,zh,雷光爆发,True,False,clean
vertical_text__188_018__clean_0000_000086000_000091000,vlm_multitype,vertical_text,188,synthetic,portrait,720,1280,81,25.0,3.24,1,zh,静坐凝望,True,False,clean
vertical_text__190_item35_v0200fg10000d7s4bt7og65kljulptpg__clean_0000_000027000_000035000,vlm_multitype,vertical_text,190,synthetic,portrait,404,720,81,25.0,3.24,1,zh,夜入宫门,True,False,clean
vertical_text__192_item40_v0300fg10000d7r1cgnog65n1ub5h6l0__clean_0000_000071000_000080000,vlm_multitype,vertical_text,192,synthetic,portrait,404,720,81,25.0,3.24,1,ja,警官の目,True,False,clean
vertical_text__193_008_v0300fg10000d09jji7og65kejis4m0g__clean_0000_000000000_000006000,vlm_multitype,vertical_text,193,synthetic,portrait,540,960,81,25.0,3.24,1,zh,宮廷,True,False,clean
vertical_text__196_item86_v0200fg10000d7h3h3vog65kh8bpb2u0__clean_0000_000038000_000046000,vlm_multitype,vertical_text,196,synthetic,portrait,540,960,81,25.0,3.24,1,ko,문서를 읽는다,True,False,clean
vertical_text__198_002__clean_0000_000016000_000021000,vlm_multitype,vertical_text,198,synthetic,landscape,1280,720,81,25.0,3.24,1,ko,눈물,True,False,clean
vertical_text__199_item89_v0200fg10000d7f0np7og65ituj78rtg__clean_0000_000000000_000007000,vlm_multitype,vertical_text,199,synthetic,portrait,720,1280,81,24.0,3.375,1,en,Surgery Room,True,False,clean
vertical_text__200_item10_v0d00fg10000d5do0rvog65has5hipc0__clean_0000_000000000_000009000,vlm_multitype,vertical_text,200,synthetic,landscape,720,404,81,25.0,3.24,1,zh,神威降临,True,False,clean
vertical_text__201_002__clean_0000_000000000_000007000,vlm_multitype,vertical_text,201,synthetic,portrait,404,720,81,25.0,3.24,1,zh,伤痕未愈,True,False,clean
vertical_text__202_item5_v0300fg10000d7mp1c7og65k38ndikfg__clean_0000_000036000_000041000,vlm_multitype,vertical_text,202,synthetic,portrait,404,720,81,25.0,3.24,1,zh,唇齿间香,True,False,clean
vertical_text__203_item27_v0300fg10000d621ntnog65ikhoqs8eg__clean_0003_000036000_000041000,vlm_multitype,vertical_text,203,synthetic,landscape,960,540,81,24.0,3.375,1,zh,惊恐逃窜,True,False,clean
vertical_text__204_item33_v0300fg10000d710jvfog65gi3n46afg__clean_0000_000000000_000007000,vlm_multitype,vertical_text,204,synthetic,portrait,540,960,81,25.0,3.24,1,zh,夜泊舟,True,False,clean
vertical_text__205_item57_v0300fg10000d7i7qgnog65k1lc9hnpg__clean_0000_000064000_000075000,vlm_multitype,vertical_text,205,synthetic,portrait,540,960,81,24.0,3.375,1,zh,妖族秘境,True,False,clean
vertical_text__206_023__clean_0000_000021000_000028000,vlm_multitype,vertical_text,206,synthetic,portrait,540,960,81,25.0,3.24,1,zh,病床旁,True,False,clean
vertical_text__207_item12_v0300fg10000d5mp5sfog65vtj455hi0__clean_0000_000100000_000109733,vlm_multitype,vertical_text,207,synthetic,landscape,1280,720,81,25.0,3.24,1,zh,月夜丛林,True,False,clean
vertical_text__209_0012_v0300fg10000cqho9cnog65uvknofomg__clean_0000_000092000_000099000,vlm_multitype,vertical_text,209,synthetic,portrait,720,1280,81,25.0,3.24,1,zh,沉思中,True,False,clean
vertical_text__213_item20_v0200fg10000d6jerovog65hfi7bu7a0__clean_0000_000092000_000098000,vlm_multitype,vertical_text,213,synthetic,landscape,960,540,81,25.0,3.24,1,zh,急走中,True,False,clean
vertical_text__214_item25_v0d00fg10000d7jnbhvog65qe6jthg4g__clean_0001_000035000_000041000,vlm_multitype,vertical_text,214,synthetic,portrait,540,960,81,25.0,3.24,1,ja,骰子の裏,True,False,clean
vertical_text__216_item21_v0200fg10000d841rifog65t7gtq9h50__clean_0000_000023000_000028000,vlm_multitype,vertical_text,216,synthetic,landscape,960,540,81,25.0,3.24,1,ko,문 앞,True,False,clean
vertical_text__217_item1_v0200fg10000d7jlr2fog65nn8gp4dh0__clean_0000_000106000_000111000,vlm_multitype,vertical_text,217,synthetic,portrait,720,1280,81,25.0,3.24,1,ko,계약서,True,False,clean
vertical_text__218_item65_v0200fg10000d621q47og65u3nda7beg__clean_0000_000000000_000005000,vlm_multitype,vertical_text,218,synthetic,landscape,1280,720,81,24.0,3.375,1,ko,무릎꿇고,True,False,clean
vertical_text__220_item11_v0d00fg10000d7nh8a7og65n8rpfo5pg__clean_0000_000000000_000005000,vlm_multitype,vertical_text,220,synthetic,portrait,404,720,81,25.0,3.24,1,zh,夜归人,True,False,clean
vertical_text__222_item43_v0200fg10000d7aah67og65o65h4f48g__clean_0000_000015000_000021000,vlm_multitype,vertical_text,222,synthetic,landscape,720,404,81,25.0,3.24,1,zh,静坐冥想,True,False,clean
vertical_text__223_item54_v0300fg10000d7vhbr7og65o04a6cog0__clean_0000_000019000_000024000,vlm_multitype,vertical_text,223,synthetic,portrait,552,960,81,25.0,3.24,1,zh,便利店,True,False,clean
vertical_text__225_item31_v0300fg10000d75svr7og65gi3mqun4g__clean_0000_000007000_000012000,vlm_multitype,vertical_text,225,synthetic,portrait,540,960,81,25.0,3.24,1,zh,低头看钱,True,False,clean
vertical_text__226_item44_v0300fg10000d679cafog65hmoeg2ht0__clean_0001_000051000_000058000,vlm_multitype,vertical_text,226,synthetic,landscape,960,540,81,25.0,3.24,1,zh,暗夜飞虫,True,False,clean
vertical_text__227_item2_v0300fg10000d5ae3rfog65gi3id3i6g__clean_0000_000010000_000018000,vlm_multitype,vertical_text,227,synthetic,landscape,1280,720,81,25.0,3.24,1,zh,血染草场,True,False,clean
vertical_text__229_033__clean_0001_000057000_000073360,vlm_multitype,vertical_text,229,synthetic,portrait,720,1280,81,25.0,3.24,1,zh,幽冥战场,True,False,clean
vertical_text__230_item96_v0200fg10000d08gujvog65k8bsfkshg__clean_0000_000035000_000041000,vlm_multitype,vertical_text,230,synthetic,landscape,720,404,81,25.0,3.24,1,zh,血色獠牙,True,False,clean
vertical_text__231_item11_v0d00fg10000d84ucvfog65s5laconu0__clean_0000_000018000_000026000,vlm_multitype,vertical_text,231,synthetic,portrait,404,720,81,25.0,3.24,1,zh,白衬衫女,True,False,clean
vertical_text__232_item52_v0200fg10000cpsicsfog65rj2ir4n9g__clean_0001_000065000_000070000,vlm_multitype,vertical_text,232,synthetic,landscape,720,404,81,25.0,3.24,1,ja,夜の通り,True,False,clean
vertical_text__233_item85_v0300fg10000d7fkqkvog65ouqme8gvg__clean_0000_000003000_000011000,vlm_multitype,vertical_text,233,synthetic,landscape,960,412,81,25.0,3.24,1,zh,雪中对峙,True,False,clean
vertical_text__234_0063_v0300fg10000cq7juofog65lh1hnh4ug__clean_0002_000047000_000052000,vlm_multitype,vertical_text,234,synthetic,portrait,540,960,81,25.0,3.24,1,ja,静かな風,True,False,clean
vertical_text__235_059__clean_0000_000022000_000027000,vlm_multitype,vertical_text,235,synthetic,portrait,540,960,81,25.0,3.24,1,zh,驚愕,True,False,clean
vertical_text__236_016__clean_0000_000027000_000034000,vlm_multitype,vertical_text,236,synthetic,portrait,540,960,81,25.0,3.24,1,ko,술 마시며,True,False,clean
vertical_text__237_007_v0300fg10000d0lab1vog65ohuvst0g0__clean_0000_000000000_000009000,vlm_multitype,vertical_text,237,synthetic,portrait,720,1280,81,25.0,3.24,1,ko,그림 그리기,True,False,clean
vertical_text__238_item23_v0200fg10000d7u7t3vog65h7fhvq0og__clean_0000_000021000_000027000,vlm_multitype,vertical_text,238,synthetic,portrait,720,1280,81,24.0,3.375,1,ko,검은 길,True,False,clean
vertical_text__239_item30_v0300fg10000d882a9vog65hc20rc330__clean_0000_000058000_000064000,vlm_multitype,vertical_text,239,synthetic,portrait,720,1280,81,25.0,3.24,1,en,Bloodstained,True,False,clean
vertical_text__240_item33_v0200fg10000d7s9p8vog65g9ob88fd0__clean_0000_000005000_000016000,vlm_multitype,vertical_text,240,synthetic,portrait,404,720,81,25.0,3.24,1,zh,龙腾宴厅,True,False,clean
vertical_text__241_item54_v0d00fg10000d7k6m6fog65mjt54c2gg__clean_0000_000005000_000010000,vlm_multitype,vertical_text,241,synthetic,portrait,404,720,81,25.0,3.24,1,zh,师徒对峙,True,False,clean
vertical_text__242_item46_v0200fg10000d7u4b4nog65vpllk27v0__clean_0000_000065000_000077000,vlm_multitype,vertical_text,242,synthetic,portrait,404,720,81,25.0,3.24,1,zh,马车行进,True,False,clean
vertical_text__243_item10_v0200fg10000d7aafj7og65hp2kd80u0__clean_0000_000038000_000048000,vlm_multitype,vertical_text,243,synthetic,landscape,960,540,81,25.0,3.24,1,zh,金光降临,True,False,clean
vertical_text__244_item31_v0300fg10000d7tm6dvog65n1u80k1p0__clean_0000_000043000_000049000,vlm_multitype,vertical_text,244,synthetic,portrait,540,960,81,25.0,3.24,1,zh,惊愕,True,False,clean
vertical_text__247_709_31__clean_0000_000074000_000084000,vlm_multitype,vertical_text,247,synthetic,portrait,720,1280,81,25.0,3.24,1,zh,凝望,True,False,clean
vertical_text__248_0005_v0300fg10000cqho96vog65r4iludjm0__clean_0000_000003000_000008000,vlm_multitype,vertical_text,248,synthetic,portrait,720,1280,81,25.0,3.24,1,zh,街角回眸,True,False,clean
vertical_text__249_0006_v0d00fg10000ct9qpjfog65s2d7ung10__clean_0003_000049000_000054000,vlm_multitype,vertical_text,249,synthetic,portrait,720,1280,81,25.0,3.24,1,zh,笑中带愁,True,False,clean
vertical_text__250_item41_v0300fg10000d88mqcfog65mmmd6r1f0__clean_0000_000018000_000026000,vlm_multitype,vertical_text,250,synthetic,portrait,404,720,81,25.0,3.24,1,zh,端汤上桌,True,False,clean
vertical_text__252_048__clean_0000_000091000_000103000,vlm_multitype,vertical_text,252,synthetic,portrait,404,720,81,25.0,3.24,1,ja,親密な瞬間,True,False,clean
vertical_text__253_item45_v0d00fg10000d7k8infog65qe6k2gj00__clean_0000_000096000_000104417,vlm_multitype,vertical_text,253,synthetic,portrait,540,960,81,24.0,3.375,1,ja,驚き,True,False,clean
vertical_text__254_032__clean_0000_000004000_000012000,vlm_multitype,vertical_text,254,synthetic,portrait,540,960,81,25.0,3.24,1,ja,温かい,True,False,clean
vertical_text__257_item105_v0200fg10000d7ge10vog65kfhp6n3l0__clean_0001_000040000_000047000,vlm_multitype,vertical_text,257,synthetic,portrait,720,1280,81,25.0,3.24,1,ko,밤의 정문,True,False,clean
vertical_text__258_item46_v0d00fg10000d757s4nog65maeev91f0__clean_0002_000079000_000085000,vlm_multitype,vertical_text,258,synthetic,portrait,720,1280,81,25.0,3.24,1,ko,눈 뜨기,True,False,clean
vertical_text__259_item4_v0d00fg10000d5do0bnog65gjoj27tc0__clean_0000_000028000_000034000,vlm_multitype,vertical_text,259,synthetic,landscape,1280,720,81,25.0,3.24,1,en,Grand Stage,True,False,clean
vertical_text__260_item62_v0d00fg10000d7ua0svog65lc1d7vre0__clean_0001_000040000_000045000,vlm_multitype,vertical_text,260,synthetic,portrait,404,720,81,25.0,3.24,1,zh,血迹斑斑,True,False,clean
vertical_text__261_item10_v0300fg10000d679alvog65usuv71070__clean_0000_000000000_000005000,vlm_multitype,vertical_text,261,synthetic,landscape,720,404,81,25.0,3.24,1,zh,丛林中,True,False,clean
vertical_text__262_092__clean_0000_000000000_000005000,vlm_multitype,vertical_text,262,synthetic,portrait,404,720,81,25.0,3.24,1,zh,手铐铐上,True,False,clean
vertical_text__264_item54_v0200fg10000d7h2da7og65nn9go8840__clean_0000_000034000_000039000,vlm_multitype,vertical_text,264,synthetic,portrait,540,960,81,25.0,3.24,1,zh,戒指在手,True,False,clean
vertical_text__267_item37_v0d00fg10000d4mrp9vog65o0437mbf0__clean_0000_000000000_000008000,vlm_multitype,vertical_text,267,synthetic,landscape,1280,720,81,25.0,3.24,1,zh,海天相接,True,False,clean
vertical_text__268_item36_v0200fg10000d6sbaifog65khojhul90__clean_0000_000019000_000030000,vlm_multitype,vertical_text,268,synthetic,portrait,720,1280,81,24.0,3.375,1,zh,雾林对峙,True,False,clean
vertical_text__270_055__clean_0000_000076963_000082600,vlm_multitype,vertical_text,270,synthetic,portrait,404,720,81,25.0,3.24,1,zh,静谧对视,True,False,clean
vertical_text__271_item30_v0200fg10000d6r6e2vog65qaaqr9jog__clean_0002_000048000_000055200,vlm_multitype,vertical_text,271,synthetic,portrait,404,720,81,25.0,3.24,1,zh,雨夜奔逃,True,False,clean
vertical_text__272_item43_v0300fg10000d7u7227og65i9ovuqc30__clean_0000_000024000_000029000,vlm_multitype,vertical_text,272,synthetic,portrait,404,720,81,25.0,3.24,1,ja,静かな夜,True,False,clean
vertical_text__273_0025_v0200fg10000cujk0qfog65o4frm256g__clean_0000_000127000_000132000,vlm_multitype,vertical_text,273,synthetic,portrait,540,960,81,25.0,3.24,1,zh,緊張,True,False,clean
vertical_text__274_003_v0d00fg10000d0m084fog65vn8mhtdsg__clean_0000_000022010_000030015,vlm_multitype,vertical_text,274,synthetic,landscape,960,540,81,25.0,3.24,1,ja,戦い,True,False,clean
vertical_text__276_item14_v0200fg10000d82kqbfog65mc5p2fs90__clean_0000_000086000_000092000,vlm_multitype,vertical_text,276,synthetic,portrait,540,960,81,25.0,3.24,1,ko,밤의 호텔,True,False,clean
vertical_text__278_item3_v0200fg10000d7stbgfog65povo14720__clean_0001_000055000_000062000,vlm_multitype,vertical_text,278,synthetic,portrait,720,1280,81,25.0,3.24,1,ko,산길 위,True,False,clean
vertical_text__279_042__clean_0002_000069000_000074000,vlm_multitype,vertical_text,279,synthetic,portrait,720,1280,81,25.0,3.24,1,en,door opens,True,False,clean
vertical_text__280_027__clean_0000_000008000_000013000,vlm_multitype,vertical_text,280,synthetic,portrait,404,720,81,25.0,3.24,1,zh,优雅凝望,True,False,clean
vertical_text__281_0047_v0300fg10000cqkc6mnog65v13u8930g__clean_0000_000021000_000026000,vlm_multitype,vertical_text,281,synthetic,portrait,404,720,81,25.0,3.24,1,zh,回村,True,False,clean
vertical_text__282_item12_v0200fg10000d6sg5bfog65n5npc0njg__clean_0001_000081000_000086000,vlm_multitype,vertical_text,282,synthetic,landscape,720,308,81,25.0,3.24,1,zh,阴森鬼影,True,False,clean
vertical_text__283_item67_v0200fg10000d7h3g6fog65s91mi33jg__clean_0000_000024000_000041000,vlm_multitype,vertical_text,283,synthetic,portrait,540,960,81,25.0,3.24,1,zh,静享茶时,True,False,clean
vertical_text__286_item15_v0d00fg10000d32i5unog65pb2l1g1ig__clean_0000_000097000_000105000,vlm_multitype,vertical_text,286,synthetic,landscape,960,540,81,25.0,3.24,1,zh,天火降临,True,False,clean
vertical_text__287_item31_v0300fg10000d6tvn3fog65k1ldrgehg__clean_0000_000008000_000013000,vlm_multitype,vertical_text,287,synthetic,portrait,720,1280,81,24.0,3.375,1,zh,剑指苍穹,True,False,clean
vertical_text__289_020__clean_0001_000016000_000021000,vlm_multitype,vertical_text,289,synthetic,portrait,720,1280,81,25.0,3.24,1,zh,手机惊愕,True,False,clean
vertical_text__290_item35_v0300fg10000d6vq3m7og65rrs8oa1h0__clean_0000_000011000_000027000,vlm_multitype,vertical_text,290,synthetic,landscape,720,404,81,25.0,3.24,1,zh,焊枪灼光,True,False,clean
vertical_text__291_028__clean_0000_000131000_000151360,vlm_multitype,vertical_text,291,synthetic,portrait,404,720,81,25.0,3.24,1,zh,雨中伫立,True,False,clean
vertical_text__292_item54_v0200fg10000d621pjfog65v0f2vc05g__clean_0000_000004000_000015000,vlm_multitype,vertical_text,292,synthetic,landscape,720,404,81,24.0,3.375,1,zh,砂漠冒険,True,False,clean
vertical_text__293_item23_v0d00fg10000d4f7cl7og65h81gcl05g__clean_0000_000028000_000035000,vlm_multitype,vertical_text,293,synthetic,landscape,960,542,81,25.0,3.24,1,ja,戦い,True,False,clean
vertical_text__294_item62_v0d00fg10000d7i8jc7og65g0n7gsr0g__clean_0000_000027000_000035000,vlm_multitype,vertical_text,294,synthetic,portrait,540,960,81,25.0,3.24,1,zh,書院中,True,False,clean
vertical_text__297_item33_v0200fg10000d7mvm7vog65updjrret0__clean_0000_000000000_000006000,vlm_multitype,vertical_text,297,synthetic,portrait,720,1280,81,25.0,3.24,1,ko,검은 용,True,False,clean
vertical_text__298_item42_v0300fg10000d5mp9pvog65u9pkgfntg__clean_0000_000013000_000019000,vlm_multitype,vertical_text,298,synthetic,landscape,1280,720,81,25.0,3.24,1,ko,번개에 맞은,True,False,clean
vertical_text__299_029__clean_0001_000099000_000104760,vlm_multitype,vertical_text,299,synthetic,portrait,720,1280,81,25.0,3.24,1,en,Elegant,True,False,clean
non_bottom_layout__000_item25_v0300fg10000d824dtnog65o3l73ausg__clean_0000_000026000_000033000,vlm_multitype,non_bottom_layout,0,synthetic,portrait,404,720,81,25.0,3.24,1,zh,她望着儿子远去的背影,True,False,clean
non_bottom_layout__001_item27_v0d00fg10000d776r2nog65kl22muh1g__clean_0000_000000000_000011000,vlm_multitype,non_bottom_layout,1,synthetic,portrait,404,720,81,25.0,3.24,1,zh,他低头，玫瑰散落。,True,False,clean
non_bottom_layout__002_item40_v0200fg10000d7jp6gvog65t26nmcbu0__clean_0000_000011000_000017000,vlm_multitype,non_bottom_layout,2,synthetic,portrait,404,720,81,25.0,3.24,1,zh,孩子在楼下玩，我抬头看。,True,False,clean
non_bottom_layout__004_item5_v0d00fg10000d7jk3q7og65qe6jrv500__clean_0000_000025000_000033000,vlm_multitype,non_bottom_layout,4,synthetic,portrait,540,960,81,25.0,3.24,1,zh,桌倒碗碎，全家惊愕。,True,False,clean
non_bottom_layout__006_item12_v0300fg10000d7hlvhnog65k38m6qa8g__clean_0001_000017000_000022000,vlm_multitype,non_bottom_layout,6,synthetic,portrait,540,960,81,25.0,3.24,1,zh,手机在手，心绪难平。,True,False,clean
non_bottom_layout__007_item78_v0300fg10000d559j17og65rt4cotf90__clean_0000_000011000_000017000,vlm_multitype,non_bottom_layout,7,synthetic,landscape,1280,720,81,25.0,3.24,1,zh,符咒失效，火光冲天。,True,False,clean
non_bottom_layout__009_item40_v0d00fg10000d82nbjfog65hepoojieg__clean_0000_000023000_000028000,vlm_multitype,non_bottom_layout,9,synthetic,portrait,720,1280,81,25.0,3.24,1,en,Man hands boy a bag at old shop counter,True,False,clean
non_bottom_layout__010_item14_v0300fg10000d7g9iv7og65s0uiu72pg__clean_0000_000029000_000042867,vlm_multitype,non_bottom_layout,10,synthetic,portrait,404,720,81,25.0,3.24,1,en,"She turns away, leaving the door ajar.",True,False,clean
non_bottom_layout__011_item112_v0200fg10000d7ge1bnog65nn8itnlhg__clean_0002_000046000_000053000,vlm_multitype,non_bottom_layout,11,synthetic,portrait,404,720,81,25.0,3.24,1,en,"He stands firm, eyes locked on the future.",True,False,clean
non_bottom_layout__012_item52_v0d00fg10000d6sg7nvog65maec32hq0__clean_0003_000097000_000102000,vlm_multitype,non_bottom_layout,12,synthetic,landscape,720,308,81,25.0,3.24,1,en,The spirit wields lightning with a broken sword,True,False,clean
non_bottom_layout__013_item39_v0200fg10000d68pjsnog65msfk954c0__clean_0000_000105000_000111000,vlm_multitype,non_bottom_layout,13,synthetic,landscape,960,540,81,24.0,3.375,1,ja,操作力が世界を制する,True,False,clean
non_bottom_layout__015_item18_v0300fg10000d74i5ovog65gnp98r11g__clean_0001_000107000_000113000,vlm_multitype,non_bottom_layout,15,synthetic,portrait,540,960,81,24.0,3.375,1,ja,ピアノを弾く女性の姿,True,False,clean
non_bottom_layout__016_item12_v0200fg10000d7ktmg7og65nn8jmtl50__clean_0000_000062000_000067000,vlm_multitype,non_bottom_layout,16,synthetic,portrait,540,960,81,24.0,3.375,1,ko,그녀는 눈물을 흘리며 고개를 숙인다,True,False,clean
non_bottom_layout__017_001__clean_0000_000000000_000005000,vlm_multitype,non_bottom_layout,17,synthetic,portrait,720,1280,81,25.0,3.24,1,ko,손가락에 반지가 빛난다,True,False,clean
non_bottom_layout__018_item29_v0300fg10000d7uv11vog65jmm41c8kg__clean_0000_000006000_000013000,vlm_multitype,non_bottom_layout,18,synthetic,portrait,720,1280,81,25.0,3.24,1,ko,눈빛에 빛나는 그녀의 기억,True,False,clean
non_bottom_layout__019_0075_v0d00fg10000cqkr8jfog65phq4pkg5g__clean_0000_000021000_000029000,vlm_multitype,non_bottom_layout,19,synthetic,portrait,720,1280,81,25.0,3.24,1,th,เธอรีบหนีไปอย่างเร่งรีบ,True,False,clean
non_bottom_layout__020_item39_v0300fg10000d7g99gnog65pn0mjdrg0__clean_0000_000083000_000090000,vlm_multitype,non_bottom_layout,20,synthetic,portrait,404,720,81,25.0,3.24,1,zh,火光中搜寻着什么。,True,False,clean
non_bottom_layout__021_item51_v0300fg10000d7q0frvog65s0svej700__clean_0000_000021000_000027000,vlm_multitype,non_bottom_layout,21,synthetic,landscape,720,308,81,25.0,3.24,1,zh,三人心神俱紧,True,False,clean
non_bottom_layout__023_item60_v0300fg10000d7d6jkvog65jh003nik0__clean_0000_000030000_000040000,vlm_multitype,non_bottom_layout,23,synthetic,landscape,960,412,81,25.0,3.24,1,zh,温泉边静养伤势,True,False,clean
non_bottom_layout__024_item60_v0d00fg10000d7kfj7fog65g2jrepg3g__clean_0000_000000000_000010000,vlm_multitype,non_bottom_layout,24,synthetic,landscape,960,540,81,25.0,3.24,1,zh,天劫将至，羽翼震颤。,True,False,clean
non_bottom_layout__025_057__clean_0000_000052000_000057000,vlm_multitype,non_bottom_layout,25,synthetic,portrait,540,960,81,25.0,3.24,1,zh,她瞥了眼，神情微动。,True,False,clean
non_bottom_layout__026_item37_v0300fg10000d79sc9fog65mcrh15oog__clean_0000_000000000_000011000,vlm_multitype,non_bottom_layout,26,synthetic,portrait,540,960,81,25.0,3.24,1,zh,他转身，她愣住。,True,False,clean
non_bottom_layout__027_item49_v0d00fg10000d7gsi5fog65mjt4181cg__clean_0000_000033000_000039000,vlm_multitype,non_bottom_layout,27,synthetic,portrait,720,1280,81,25.0,3.24,1,zh,血染衣襟，痛彻心扉。,True,False,clean
non_bottom_layout__029_item13_v0300fg10000d74i5h7og65k2hp9jim0__clean_0000_000021000_000026000,vlm_multitype,non_bottom_layout,29,synthetic,portrait,720,1280,81,24.0,3.375,1,en,"She grips the lock, determined to escape.",True,False,clean
non_bottom_layout__030_item35_v0300fg10000d7a8017og65hmoc8bqu0__clean_0000_000014000_000019000,vlm_multitype,non_bottom_layout,30,synthetic,landscape,720,404,81,25.0,3.24,1,en,The ancient gate opens to a celestial realm.,True,False,clean
non_bottom_layout__031_item38_v0200fg10000d7taomnog65kljpoaq80__clean_0001_000011000_000017000,vlm_multitype,non_bottom_layout,31,synthetic,portrait,404,720,81,24.0,3.375,1,en,She glances at the chair with pins.,True,False,clean
non_bottom_layout__033_item54_v0300fg10000d7g9587og65phqu90v10__clean_0001_000056000_000061000,vlm_multitype,non_bottom_layout,33,synthetic,portrait,540,960,81,25.0,3.24,1,ja,水辺で静かに見つめている,True,False,clean
non_bottom_layout__035_item63_v0300fg10000d5mparfog65oujh3u9eg__clean_0000_000021000_000037000,vlm_multitype,non_bottom_layout,35,synthetic,landscape,960,540,81,25.0,3.24,1,ja,巨大龍が海辺に現れる。,True,False,clean
non_bottom_layout__037_item53_v0300fg10000d7hhpmvog65k38lumlng__clean_0000_000004000_000011000,vlm_multitype,non_bottom_layout,37,synthetic,portrait,720,1280,81,25.0,3.24,1,ko,눈을 감고 기다리는 여인,True,False,clean
non_bottom_layout__038_item5_v0300fg10000d775f6fog65jfqcd9dng__clean_0000_000074000_000082000,vlm_multitype,non_bottom_layout,38,synthetic,portrait,720,1280,81,25.0,3.24,1,ko,남자가 머리를 숙이고 생각한다,True,False,clean
non_bottom_layout__040_0054_v0d00fg10000cqjg5mnog65pemt6thkg__clean_0000_000003000_000012000,vlm_multitype,non_bottom_layout,40,synthetic,portrait,404,720,81,25.0,3.24,1,zh,医生轻抚病人额头,True,False,clean
non_bottom_layout__041_item19_v0200fg10000d78jcvnog65jhh1qlbl0__clean_0000_000055000_000060000,vlm_multitype,non_bottom_layout,41,synthetic,portrait,404,720,81,25.0,3.24,1,zh,收银台前纸条堆成山,True,False,clean
non_bottom_layout__042_item57_v0d00fg10000d7pj417og65hepulac7g__clean_0000_000067000_000072000,vlm_multitype,non_bottom_layout,42,synthetic,portrait,404,720,81,25.0,3.24,1,zh,老人们凝神注视前方,True,False,clean
non_bottom_layout__043_item19_v0d00fg10000d7fgr4vog65qkgqkd530__clean_0000_000062000_000067000,vlm_multitype,non_bottom_layout,43,synthetic,landscape,960,540,81,25.0,3.24,1,zh,小公主选衣裳,True,False,clean
non_bottom_layout__044_item75_v0200fg10000d3or2hvog65npm89m08g__clean_0000_000101000_000106000,vlm_multitype,non_bottom_layout,44,synthetic,landscape,960,540,81,25.0,3.24,1,zh,卧房里睡得正香,True,False,clean
non_bottom_layout__045_item29_v0d00fg10000d7o9127og65lc1a0et4g__clean_0000_000035000_000040000,vlm_multitype,non_bottom_layout,45,synthetic,portrait,540,960,81,24.0,3.375,1,zh,她步步为营，掌控全局。,True,False,clean
non_bottom_layout__046_item89_v0300fg10000d7g9oafog65ouqnhnb70__clean_0000_000016000_000021000,vlm_multitype,non_bottom_layout,46,synthetic,portrait,540,960,81,25.0,3.24,1,zh,他望向远方，若有所思。,True,False,clean
non_bottom_layout__048_item10_v0300fg10000d7ebce7og65s0unk5ovg__clean_0000_000030000_000038000,vlm_multitype,non_bottom_layout,48,synthetic,portrait,720,1280,81,25.0,3.24,1,en,Steam rises as cooks prepare food in a bustling kitchen,True,False,clean
non_bottom_layout__049_item65_v0300fg10000d7m1ucfog65hmo86eplg__clean_0000_000003000_000008000,vlm_multitype,non_bottom_layout,49,synthetic,portrait,720,1280,81,25.0,3.24,1,en,She stares in awe at the two serpents.,True,False,clean
non_bottom_layout__053_item30_v0200fg10000d7hl037og65updg4auhg__clean_0000_000006000_000012000,vlm_multitype,non_bottom_layout,53,synthetic,portrait,540,960,81,25.0,3.24,1,zh,血染衣襟，她颤抖着。,True,False,clean
non_bottom_layout__054_item59_v0d00fg10000cuunm1nog65ib9hl8ij0__clean_0000_000006000_000019000,vlm_multitype,non_bottom_layout,54,synthetic,landscape,960,538,81,24.0,3.375,1,ja,光の力が爆発する。,True,False,clean
non_bottom_layout__055_item25_v0300fg10000d71t267og65vue2hjqdg__clean_0000_000060000_000070533,vlm_multitype,non_bottom_layout,55,synthetic,landscape,960,540,81,25.0,3.24,1,zh,女将扇风，男将静坐。,True,False,clean
non_bottom_layout__056_item42_v0200fg10000d66nv8fog65q387fm4bg__clean_0001_000104000_000113000,vlm_multitype,non_bottom_layout,56,synthetic,landscape,960,540,81,25.0,3.24,1,ko,"두 군인, 그림자에 놀라",True,False,clean
non_bottom_layout__057_013__clean_0001_000077000_000082000,vlm_multitype,non_bottom_layout,57,synthetic,portrait,720,1280,81,25.0,3.24,1,ko,회의 중 발표를 진행하는 여성,True,False,clean
non_bottom_layout__058_item3_v0300fg10000d7gtg67og65gu7kdrutg__clean_0002_000108000_000113000,vlm_multitype,non_bottom_layout,58,synthetic,portrait,720,1280,81,25.0,3.24,1,ko,그냥 그대로 두는 게 더 나을 수도 있어.,True,False,clean
non_bottom_layout__059_item19_v0300fg10000d5mp67nog65l49nhi8e0__clean_0000_000000000_000016000,vlm_multitype,non_bottom_layout,59,synthetic,landscape,1280,720,81,25.0,3.24,1,th,ผู้หญิงเดินหน้าต่อสู้กับสัตว์ประหลาด,True,False,clean
non_bottom_layout__060_003__clean_0000_000006000_000013000,vlm_multitype,non_bottom_layout,60,synthetic,portrait,540,720,81,25.0,3.24,1,zh,她静静躺在地上。,True,False,clean
non_bottom_layout__061_item66_v0300fg10000d7rfmqfog65lhpn4jt7g__clean_0000_000061000_000066633,vlm_multitype,non_bottom_layout,61,synthetic,portrait,404,720,81,25.0,3.24,1,zh,他突然被吓到,True,False,clean
non_bottom_layout__062_item11_v0300fg10000d710it7og65hmoedlckg__clean_0002_000048000_000055000,vlm_multitype,non_bottom_layout,62,synthetic,portrait,404,720,81,25.0,3.24,1,zh,黑衣卫士列队而行,True,False,clean
non_bottom_layout__063_004__clean_0000_000112000_000117000,vlm_multitype,non_bottom_layout,63,synthetic,portrait,540,960,81,25.0,3.24,1,zh,他正凝视着她。,True,False,clean
non_bottom_layout__064_item32_v0d00fg10000d79ja3vog65g2jvpnq8g__clean_0002_000069000_000074083,vlm_multitype,non_bottom_layout,64,synthetic,portrait,540,960,81,24.0,3.375,1,zh,她伸出手，仿佛在触碰命运,True,False,clean
non_bottom_layout__065_045__clean_0000_000000000_000005000,vlm_multitype,non_bottom_layout,65,synthetic,portrait,540,960,81,25.0,3.24,1,zh,她神情紧张地注视前方,True,False,clean
non_bottom_layout__066_item21_v0300fg10000d7nc9ovog65va9qiqv0g__clean_0000_000004000_000009000,vlm_multitype,non_bottom_layout,66,synthetic,portrait,540,960,81,24.0,3.375,1,zh,雨夜泥径，人静卧坑中。,True,False,clean
non_bottom_layout__068_item48_v0200fg10000d7bl1s7og65kfhvu5cm0__clean_0000_000000000_000008000,vlm_multitype,non_bottom_layout,68,synthetic,portrait,720,1280,81,24.0,3.375,1,en,The sovereign watches the gathering from the tree.,True,False,clean
non_bottom_layout__069_item65_v0d00fg10000d7nghinog65g2jshethg__clean_0000_000024000_000032000,vlm_multitype,non_bottom_layout,69,synthetic,portrait,720,1280,81,24.0,3.375,1,en,"The egg cracks open, revealing a creature.",True,False,clean
non_bottom_layout__070_043__clean_0000_000110000_000117000,vlm_multitype,non_bottom_layout,70,synthetic,portrait,404,720,81,25.0,3.24,1,en,"She glances up, then looks down, focused on work.",True,False,clean
non_bottom_layout__071_039__clean_0001_000094000_000099000,vlm_multitype,non_bottom_layout,71,synthetic,portrait,404,720,81,25.0,3.24,1,en,Man in gray suit observes gathering with calm gaze,True,False,clean
non_bottom_layout__073_item8_v0300fg10000d7e8oqvog65k38ga1ng0__clean_0000_000063000_000069000,vlm_multitype,non_bottom_layout,73,synthetic,portrait,540,960,81,25.0,3.24,1,ja,手裏のカードをじっと見つめる。,True,False,clean
non_bottom_layout__074_item27_v0200fg10000d7q8g6nog65l9pcs25kg__clean_0000_000071000_000076667,vlm_multitype,non_bottom_layout,74,synthetic,portrait,540,960,81,25.0,3.24,1,ja,男の子が水をすくう,True,False,clean
non_bottom_layout__075_item50_v0200fg10000d731tifog65hkalm157g__clean_0000_000010000_000015000,vlm_multitype,non_bottom_layout,75,synthetic,portrait,540,960,81,25.0,3.24,1,ja,黒い印を手にした少女,True,False,clean
non_bottom_layout__076_item42_v0d00fg10000d7ffrb7og65ukkq4ko4g__clean_0003_000123000_000128000,vlm_multitype,non_bottom_layout,76,synthetic,portrait,540,960,81,25.0,3.24,1,ko,눈을 감고 생각에 잠긴다,True,False,clean
non_bottom_layout__077_item18_v0300fg10000d7ccejnog65gnpf74570__clean_0000_000023000_000028000,vlm_multitype,non_bottom_layout,77,synthetic,portrait,720,1280,81,25.0,3.24,1,ko,주문한 음식을 내려놓는다,True,False,clean
non_bottom_layout__078_item23_v0d00fg10000d77t0a7og65g2jv9jc80__clean_0000_000051000_000056000,vlm_multitype,non_bottom_layout,78,synthetic,portrait,720,1280,81,24.0,3.375,1,ko,문이 열리고 있다,True,False,clean
non_bottom_layout__079_item41_v0300fg10000d5mp9o7og65r13qp3vk0__clean_0000_000012000_000019000,vlm_multitype,non_bottom_layout,79,synthetic,landscape,1280,720,81,25.0,3.24,1,th,มันกำลังปล่อยพลังงานสีม่วงออกมา,True,False,clean
non_bottom_layout__081_item23_v0200fg10000d7mvccfog65nn9ldknq0__clean_0000_000021000_000026000,vlm_multitype,non_bottom_layout,81,synthetic,portrait,404,720,81,25.0,3.24,1,zh,阳光太刺眼了。,True,False,clean
non_bottom_layout__082_item44_v0200fg10000d7s9ppnog65kljv6d5ig__clean_0000_000000000_000006000,vlm_multitype,non_bottom_layout,82,synthetic,portrait,404,720,81,25.0,3.24,1,zh,香火缭绕，静待问卜。,True,False,clean
non_bottom_layout__083_item3_v0200fg10000d7pm3a7og65qnomgn1l0__clean_0000_000083000_000088000,vlm_multitype,non_bottom_layout,83,synthetic,portrait,540,960,81,24.0,3.375,1,zh,她跪地凝视遗像,True,False,clean
non_bottom_layout__086_032__clean_0001_000067000_000073000,vlm_multitype,non_bottom_layout,86,synthetic,portrait,540,960,81,25.0,3.24,1,zh,他接电话时神情凝重。,True,False,clean
non_bottom_layout__090_item34_v0200fg10000d7aagonog65hp1cm4ih0__clean_0000_000046000_000059167,vlm_multitype,non_bottom_layout,90,synthetic,landscape,720,404,81,25.0,3.24,1,en,The floating palace glows as the sun sets.,True,False,clean
non_bottom_layout__092_item70_v0d00fg10000d6vq5kfog65has3u73bg__clean_0000_000037000_000054000,vlm_multitype,non_bottom_layout,92,synthetic,landscape,720,404,81,25.0,3.24,1,en,The tractor team prepares for the mothership launch,True,False,clean
non_bottom_layout__093_0013_v0200fg10000cujvetvog65imppjr3bg__clean_0003_000141000_000146000,vlm_multitype,non_bottom_layout,93,synthetic,portrait,540,960,81,25.0,3.24,1,ja,読むと悲鳴を上げる。,True,False,clean
non_bottom_layout__095_item77_v0300fg10000d6m59q7og65n9u0vdih0__clean_0000_000038000_000043000,vlm_multitype,non_bottom_layout,95,synthetic,landscape,960,540,81,24.0,3.375,1,ja,火花飛散の瞬間,True,False,clean
non_bottom_layout__097_item21_v0300fg10000d7saphnog65ps1hq337g__clean_0000_000036000_000041000,vlm_multitype,non_bottom_layout,97,synthetic,portrait,734,1280,81,25.0,3.24,1,ko,두 배가 마주 보고 있다,True,False,clean
non_bottom_layout__099_item31_v0200fg10000d6ukjkfog65hp18eju8g__clean_0000_000029000_000035000,vlm_multitype,non_bottom_layout,99,synthetic,landscape,1280,720,81,25.0,3.24,1,th,ชายในชุดดำยืนหน้าประตูรับรองด้วยท่าทีจริงจัง,True,False,clean
non_bottom_layout__100_036__clean_0000_000085000_000090867,vlm_multitype,non_bottom_layout,100,synthetic,portrait,404,720,81,25.0,3.24,1,zh,血染衣襟，命悬一线。,True,False,clean
non_bottom_layout__101_item46_v0300fg10000d33q9tfog65o8debt5j0__clean_0000_000093000_000103000,vlm_multitype,non_bottom_layout,101,synthetic,landscape,720,404,81,25.0,3.24,1,zh,月光下，三人静立院中。,True,False,clean
non_bottom_layout__102_item14_v0d00fg10000d32i5u7og65hlscs0obg__clean_0000_000000000_000011000,vlm_multitype,non_bottom_layout,102,synthetic,landscape,720,404,81,25.0,3.24,1,zh,火龙与黑犀对峙,True,False,clean
non_bottom_layout__105_item30_v0d00fg10000d4f7conog65kveimbql0__clean_0000_000000000_000007000,vlm_multitype,non_bottom_layout,105,synthetic,landscape,960,540,81,25.0,3.24,1,zh,香烟袅袅，静待圣裁。,True,False,clean
non_bottom_layout__107_item49_v0300fg10000d74i79fog65vue6kjnlg__clean_0001_000043000_000050000,vlm_multitype,non_bottom_layout,107,synthetic,portrait,720,1280,81,24.0,3.375,1,zh,喝着热饮，静静等待。,True,False,clean
non_bottom_layout__109_item36_v0d00fg10000d847hk7og65hmigf4mc0__clean_0000_000035000_000040000,vlm_multitype,non_bottom_layout,109,synthetic,landscape,1280,720,81,25.0,3.24,1,en,The fighter's rage intensifies as he confronts the man.,True,False,clean
non_bottom_layout__110_item1_v0d00fg10000d7o996vog65lc1a0j3qg__clean_0001_000150000_000156000,vlm_multitype,non_bottom_layout,110,synthetic,portrait,404,720,81,25.0,3.24,1,en,The sound of splitting wood quietly piles days.,True,False,clean
non_bottom_layout__111_item78_v0300fg10000d7d7j1fog65v0av9mv70__clean_0000_000051000_000057000,vlm_multitype,non_bottom_layout,111,synthetic,landscape,720,308,81,25.0,3.24,1,en,Man in fur hat looks grim as villagers watch,True,False,clean
non_bottom_layout__114_item56_v0200fg10000d8e4qmvog65up37ni6h0__clean_0000_000025000_000032000,vlm_multitype,non_bottom_layout,114,synthetic,portrait,540,960,81,25.0,3.24,1,ja,母が子を抱きしめる,True,False,clean
non_bottom_layout__115_006__clean_0000_000030000_000041000,vlm_multitype,non_bottom_layout,115,synthetic,portrait,540,960,81,25.0,3.24,1,ja,鏡に映る自分を见つめる。,True,False,clean
non_bottom_layout__120_item31_v0200fg10000ctluh2nog65oggnh07vg__clean_0000_000037000_000042000,vlm_multitype,non_bottom_layout,120,synthetic,landscape,720,404,81,24.0,3.375,1,zh,血滴落，脑部发光。,True,False,clean
non_bottom_layout__121_item38_v0200fg10000d7g837vog65n0fnee0pg__clean_0002_000103000_000108000,vlm_multitype,non_bottom_layout,121,synthetic,portrait,404,720,81,25.0,3.24,1,zh,刀锋在手，汗珠滴落。,True,False,clean
non_bottom_layout__123_item36_v0300fg10000d7h4mhfog65va9vq4an0__clean_0002_000043000_000049000,vlm_multitype,non_bottom_layout,123,synthetic,landscape,960,540,81,25.0,3.24,1,zh,火凤展翅，光芒万丈,True,False,clean
non_bottom_layout__124_item8_v0200fg10000d7hkv1nog65lsest6uog__clean_0001_000028000_000036000,vlm_multitype,non_bottom_layout,124,synthetic,portrait,540,960,81,25.0,3.24,1,zh,她凝视玉佩，心绪难平。,True,False,clean
non_bottom_layout__125_0009__clean_0001_000139000_000144000,vlm_multitype,non_bottom_layout,125,synthetic,portrait,540,960,81,25.0,3.24,1,zh,殿试现场，考生静候。,True,False,clean
non_bottom_layout__129_item12_v0300fg10000d7tmjqvog65jira9ch30__clean_0001_000064000_000070000,vlm_multitype,non_bottom_layout,129,synthetic,portrait,720,1280,81,25.0,3.24,1,en,She reads aloud to her son under the sun.,True,False,clean
non_bottom_layout__130_item38_v0d00fg10000d7b1s6fog65g0n52vhp0__clean_0000_000046000_000055000,vlm_multitype,non_bottom_layout,130,synthetic,portrait,404,720,81,25.0,3.24,1,en,"He looks shaken, clutching a half-eaten bread.",True,False,clean
non_bottom_layout__131_item24_v0d00fg10000d79ub8nog65qe6gkk5u0__clean_0001_000068000_000077200,vlm_multitype,non_bottom_layout,131,synthetic,landscape,720,404,81,25.0,3.24,1,en,"She steps over silver ingots, blade drawn.",True,False,clean
non_bottom_layout__133_0005_v0300fg10000ct9sbm7og65hoj4btutg__clean_0003_000101000_000107000,vlm_multitype,non_bottom_layout,133,synthetic,portrait,540,960,81,25.0,3.24,1,ja,彼氏が驚く表情。,True,False,clean
non_bottom_layout__134_item14_v0d00fg10000d7ti1ffog65mp2erfhl0__clean_0000_000076000_000081000,vlm_multitype,non_bottom_layout,134,synthetic,portrait,540,960,81,25.0,3.24,1,ja,会社のルールに違反したようです。,True,False,clean
non_bottom_layout__135_0001_v0d00fg10000cqhs5uvog65phq3ddjk0__clean_0001_000141998_000148997,vlm_multitype,non_bottom_layout,135,synthetic,portrait,540,960,81,25.0,3.24,1,ja,頭を下げて謝る男,True,False,clean
non_bottom_layout__136_item21_v0300fg10000d87brunog65hneh16kc0__clean_0001_000055000_000061000,vlm_multitype,non_bottom_layout,136,synthetic,portrait,540,960,81,25.0,3.24,1,ko,손끝이 땅에 닿았다,True,False,clean
non_bottom_layout__137_0002_v0d00fg10000ct9qphnog65kdfm46di0__clean_0001_000073000_000078000,vlm_multitype,non_bottom_layout,137,synthetic,portrait,720,1280,81,25.0,3.24,1,ko,소년이 눈을 감고 있다,True,False,clean
non_bottom_layout__139_item66_v0200fg10000d72b9ffog65nn8gvmsn0__clean_0001_000015000_000023000,vlm_multitype,non_bottom_layout,139,synthetic,portrait,720,1280,81,24.0,3.375,1,th,ชายในชุดสีเขียวดูตกใจขณะนั่งอยู่บนเก้าอี้,True,False,clean
non_bottom_layout__141_014__clean_0000_000023000_000034000,vlm_multitype,non_bottom_layout,141,synthetic,portrait,404,720,81,25.0,3.24,1,zh,电话那头传来哽咽,True,False,clean
non_bottom_layout__142_item9_v0300fg10000d7jqu5vog65phqrpqe1g__clean_0001_000042000_000048000,vlm_multitype,non_bottom_layout,142,synthetic,landscape,720,404,81,25.0,3.24,1,zh,钢铁巨兽，战场主宰。,True,False,clean
non_bottom_layout__143_item19_v0300fg10000d7a7v87og65t9icbvh4g__clean_0000_000054000_000067300,vlm_multitype,non_bottom_layout,143,synthetic,landscape,960,540,81,25.0,3.24,1,zh,云中飞驰，樱花如梦。,True,False,clean
non_bottom_layout__144_item17_v0200fg10000d7bl0dvog65updkek010__clean_0000_000067000_000072000,vlm_multitype,non_bottom_layout,144,synthetic,portrait,540,960,81,24.0,3.375,1,zh,雷云裂开，天光乍现,True,False,clean
non_bottom_layout__146_item54_v0200fg10000d68pkivog65l22d7knu0__clean_0000_000044000_000053000,vlm_multitype,non_bottom_layout,146,synthetic,landscape,960,540,81,24.0,3.375,1,zh,观众席灯光闪烁，气氛紧张。,True,False,clean
non_bottom_layout__147_048__clean_0000_000022000_000029000,vlm_multitype,non_bottom_layout,147,synthetic,portrait,720,1280,81,25.0,3.24,1,zh,女子递书给老妇人,True,False,clean
non_bottom_layout__150_0019_v0200fg10000ct4iudfog65osiqomj3g__clean_0000_000059000_000068000,vlm_multitype,non_bottom_layout,150,synthetic,portrait,404,720,81,25.0,3.24,1,en,He gently touches the small bottle on her side.,True,False,clean
non_bottom_layout__151_033__clean_0000_000082000_000087520,vlm_multitype,non_bottom_layout,151,synthetic,portrait,404,720,81,25.0,3.24,1,en,"She glances sideways, expression unreadable.",True,False,clean
non_bottom_layout__153_008__clean_0001_000146000_000152000,vlm_multitype,non_bottom_layout,153,synthetic,portrait,540,960,81,25.0,3.24,1,ja,光が降り注ぐ部屋で,True,False,clean
non_bottom_layout__155_item7_v0d00fg10000d32i5r7og65pb2l1fud0__clean_0000_000000000_000006000,vlm_multitype,non_bottom_layout,155,synthetic,landscape,960,540,81,25.0,3.24,1,ja,観客の前で静かに立つ。,True,False,clean
non_bottom_layout__156_item60_v0300fg10000d7qs1hvog65lhpmb5eug__clean_0000_000056000_000063000,vlm_multitype,non_bottom_layout,156,synthetic,portrait,540,960,81,25.0,3.24,1,ko,군주가 왕관을 쓰고 있다,True,False,clean
non_bottom_layout__158_item1_v0d00fg10000d621m5fog65k0qvm5k9g__clean_0000_000025000_000030000,vlm_multitype,non_bottom_layout,158,synthetic,landscape,1280,720,81,24.0,3.375,1,ko,길 위에서 생존한다,True,False,clean
non_bottom_layout__159_item47_v0d00fg10000d7gdtpnog65ukkqfl65g__clean_0000_000029000_000037000,vlm_multitype,non_bottom_layout,159,synthetic,portrait,720,1280,81,25.0,3.24,1,th,เขาดื่มชาอย่างเงียบสงบ,True,False,clean
non_bottom_layout__160_item32_v0d00fg10000d7ahaqnog65uugjmd3l0__clean_0000_000051000_000058000,vlm_multitype,non_bottom_layout,160,synthetic,landscape,720,404,81,25.0,3.24,1,zh,巨人体内燃烧着红色能量,True,False,clean
non_bottom_layout__161_item25_v0d00fg10000d791agvog65kl23akt70__clean_0000_000020000_000026000,vlm_multitype,non_bottom_layout,161,synthetic,portrait,404,720,81,25.0,3.24,1,zh,镜中人影，步步惊心。,True,False,clean
non_bottom_layout__162_item44_v0300fg10000d7g9kenog65jtl8abf80__clean_0000_000032000_000037000,vlm_multitype,non_bottom_layout,162,synthetic,portrait,404,720,81,25.0,3.24,1,zh,门开，她静立,True,False,clean
non_bottom_layout__163_023__clean_0000_000031000_000045000,vlm_multitype,non_bottom_layout,163,synthetic,portrait,540,960,81,20.0,4.05,1,zh,新娘低头浅笑，珍珠项链轻晃,True,False,clean
non_bottom_layout__164_item29_v0200fg10000d8aojqnog65ob1n4a3vg__clean_0000_000000000_000005000,vlm_multitype,non_bottom_layout,164,synthetic,landscape,960,540,81,25.0,3.24,1,zh,月光下，灶火正旺。,True,False,clean
non_bottom_layout__165_item21_v0300fg10000d71t1rfog65gnpf6j6l0__clean_0000_000006000_000011000,vlm_multitype,non_bottom_layout,165,synthetic,landscape,960,540,81,25.0,3.24,1,zh,执笔沉思，烛火映心,True,False,clean
non_bottom_layout__166_item81_v0d00fg10000d701iufog65kl20918sg__clean_0000_000018000_000031000,vlm_multitype,non_bottom_layout,166,synthetic,landscape,960,540,81,25.0,3.24,1,zh,母舰内部，准备就绪。,True,False,clean
non_bottom_layout__167_031__clean_0000_000054000_000063720,vlm_multitype,non_bottom_layout,167,synthetic,portrait,720,1280,81,25.0,3.24,1,zh,他低头沉思着什么。,True,False,clean
non_bottom_layout__168_0015_v0300fg10000cqm4qbvog65uvkjju0c0__clean_0000_000000000_000007000,vlm_multitype,non_bottom_layout,168,synthetic,portrait,720,1280,81,25.0,3.24,1,en,"She adjusts her jade pendant, eyes closed in calmness.",True,False,clean
non_bottom_layout__169_item36_v0300fg10000d87gvjfog65gvfn9gdt0__clean_0001_000073000_000084400,vlm_multitype,non_bottom_layout,169,synthetic,portrait,720,1280,81,25.0,3.24,1,en,White dragon warrior clashes with golden-clad foe,True,False,clean
non_bottom_layout__171_000017__clean_0001_000027000_000033000,vlm_multitype,non_bottom_layout,171,synthetic,portrait,404,720,81,25.0,3.24,1,en,"She rests her head, eyes closed, in quiet contemplation.",True,False,clean
non_bottom_layout__172_item57_v0200fg10000d7u7unfog65vpllthn20__clean_0001_000047000_000052000,vlm_multitype,non_bottom_layout,172,synthetic,portrait,404,720,81,25.0,3.24,1,en,"Fingers glide over strings, music rises from silence",True,False,clean
non_bottom_layout__174_0016_v0300fg10000cuo0p3nog65jt9bpice0__clean_0000_000074000_000079000,vlm_multitype,non_bottom_layout,174,synthetic,portrait,540,960,81,25.0,3.24,1,ja,彼は静かに考えている。,True,False,clean
non_bottom_layout__175_item95_v0300fg10000d8aopbvog65n1ufk0pog__clean_0000_000051000_000059000,vlm_multitype,non_bottom_layout,175,synthetic,landscape,960,540,81,25.0,3.24,1,ja,田んぼの風景を眺める。,True,False,clean
non_bottom_layout__177_item32_v0200fg10000d7oa2uvog65hfu30nu30__clean_0000_000022000_000034000,vlm_multitype,non_bottom_layout,177,synthetic,portrait,720,1280,81,25.0,3.24,1,ko,눈물 흘리는 그녀의 눈,True,False,clean
non_bottom_layout__178_item10_v0300fg10000d8annnfog65i6icq0tjg__clean_0000_000060000_000065000,vlm_multitype,non_bottom_layout,178,synthetic,landscape,1280,720,81,25.0,3.24,1,ko,장구를 쓴 사람과 닭이 함께 있다,True,False,clean
non_bottom_layout__179_item20_v0300fg10000d7tbvfnog65lhphjmtsg__clean_0001_000032031_000044045,vlm_multitype,non_bottom_layout,179,synthetic,landscape,1280,720,81,23.976,3.3783783783783785,1,th,เธอปล่อยพลังสีม่วงขึ้นสู่อากาศ,True,False,clean
non_bottom_layout__180_item2_v0d00fg10000d7jk95fog65qkgraonu0__clean_0002_000077000_000082000,vlm_multitype,non_bottom_layout,180,synthetic,portrait,404,720,81,24.0,3.375,1,zh,他轻握花束，笑意温润。,True,False,clean
non_bottom_layout__181_item13_v0300fg10000d5mp5tvog65jm07q9150__clean_0000_000000000_000005000,vlm_multitype,non_bottom_layout,181,synthetic,landscape,720,404,81,25.0,3.24,1,zh,夜色中，战机静待出击,True,False,clean
non_bottom_layout__182_item53_v0d00fg10000d77t1p7og65maefuoq9g__clean_0001_000051000_000060000,vlm_multitype,non_bottom_layout,182,synthetic,portrait,404,720,81,24.0,3.375,1,zh,门后是未知的深渊。,True,False,clean
non_bottom_layout__183_000065__clean_0000_000070000_000077000,vlm_multitype,non_bottom_layout,183,synthetic,portrait,540,960,81,25.0,3.24,1,zh,他轻轻打开木盒。,True,False,clean
non_bottom_layout__184_item22_v0200fg10000d6ukj6vog65qd2v2dgrg__clean_0000_000032000_000038000,vlm_multitype,non_bottom_layout,184,synthetic,landscape,960,540,81,25.0,3.24,1,zh,夜色中，他悄然潜行。,True,False,clean
non_bottom_layout__185_item7_v0d00fg10000d7hnj07og65g0n7boj2g__clean_0002_000050000_000055000,vlm_multitype,non_bottom_layout,185,synthetic,portrait,540,960,81,25.0,3.24,1,zh,新娘与长辈在厅内对视,True,False,clean
non_bottom_layout__186_051__clean_0000_000037991_000046988,vlm_multitype,non_bottom_layout,186,synthetic,portrait,540,960,81,25.0,3.24,1,zh,她凝视着他，他低头不语。,True,False,clean
non_bottom_layout__187_item18_v0300fg10000d7fnfvvog65hmocungpg__clean_0000_000003000_000008000,vlm_multitype,non_bottom_layout,187,synthetic,landscape,1280,548,81,25.0,3.24,1,zh,黑雾现身，危机降临。,True,False,clean
non_bottom_layout__189_item27_v0200fg10000d7obda7og65mf2ffp080__clean_0000_000002000_000016000,vlm_multitype,non_bottom_layout,189,synthetic,portrait,720,1280,81,25.0,3.24,1,en,"Bloodstained robes, dragon by side, he speaks no more.",True,False,clean
non_bottom_layout__190_item90_v0d00fg10000d7eudd7og65ukkpusro0__clean_0001_000058000_000071900,vlm_multitype,non_bottom_layout,190,synthetic,landscape,720,308,81,25.0,3.24,1,en,He screams in the snowy bamboo forest.,True,False,clean
non_bottom_layout__191_item11_v0300fg10000d7qslu7og65ps1na4ri0__clean_0000_000007000_000015000,vlm_multitype,non_bottom_layout,191,synthetic,portrait,404,720,81,25.0,3.24,1,en,"Sitting by the tea table, everyone focused.",True,False,clean
non_bottom_layout__193_item58_v0d00fg10000d32i6j7og65ntf8f3bjg__clean_0000_000000000_000005000,vlm_multitype,non_bottom_layout,193,synthetic,landscape,960,540,81,25.0,3.24,1,ja,雷雲が迫る。,True,False,clean
non_bottom_layout__194_019__clean_0000_000000000_000005000,vlm_multitype,non_bottom_layout,194,synthetic,portrait,540,960,81,25.0,3.24,1,ja,彼女はドアを開けて入る。,True,False,clean
non_bottom_layout__196_item1_v0300fg10000d7qslcnog65qpba1jlig__clean_0000_000083000_000092000,vlm_multitype,non_bottom_layout,196,synthetic,portrait,540,960,81,25.0,3.24,1,ko,문을 열며 뒤를 돌아보는 그녀,True,False,clean
non_bottom_layout__197_item17_v0300fg10000d7ricifog65ibc1obh00__clean_0000_000007000_000016000,vlm_multitype,non_bottom_layout,197,synthetic,portrait,720,1280,81,25.0,3.24,1,ko,빛나는 눈빛으로 그녀는 바라보는다,True,False,clean
non_bottom_layout__198_item4_v0300fg10000d7ktlkfog65kgo3k9bq0__clean_0000_000122000_000129000,vlm_multitype,non_bottom_layout,198,synthetic,portrait,720,1280,81,24.0,3.375,1,ko,여자와 남자가 길에서 멈춰 있다,True,False,clean
non_bottom_layout__199_item2_v0300fg10000d7qrbrvog65t0slbnlag__clean_0000_000007000_000013000,vlm_multitype,non_bottom_layout,199,synthetic,portrait,720,1280,81,25.0,3.24,1,th,ชายคนหนึ่งนอนอยู่บนถนนดูเหมือนหมดแรง,True,False,clean
non_bottom_layout__200_item14_v0d00fg10000d7csr3nog65mjt2ml5fg__clean_0000_000066000_000071000,vlm_multitype,non_bottom_layout,200,synthetic,landscape,720,404,81,25.0,3.24,1,zh,男人转身离开,True,False,clean
non_bottom_layout__201_item48_v0d00fg10000d733k9fog65g2jtjnu60__clean_0000_000025000_000047000,vlm_multitype,non_bottom_layout,201,synthetic,landscape,720,404,81,25.0,3.24,1,zh,龙息凝霜，战意已起,True,False,clean
non_bottom_layout__203_002__clean_0000_000030000_000036000,vlm_multitype,non_bottom_layout,203,synthetic,portrait,540,960,81,25.0,3.24,1,zh,红衣人轻抚银饰,True,False,clean
non_bottom_layout__205_0003_v0300fg10000ct9qpgvog65rdkqo84gg__clean_0000_000139000_000146440,vlm_multitype,non_bottom_layout,205,synthetic,portrait,540,960,81,25.0,3.24,1,zh,他眉头紧锁，神情凝重。,True,False,clean
non_bottom_layout__207_item21_v0200fg10000d7u7t0nog65g2lg5f850__clean_0000_000098000_000105667,vlm_multitype,non_bottom_layout,207,synthetic,portrait,720,1280,81,24.0,3.375,1,zh,她轻点屏幕，笑意未褪。,True,False,clean
non_bottom_layout__208_item32_v0300fg10000d6u0u4fog65p3me3l0vg__clean_0000_000025000_000030000,vlm_multitype,non_bottom_layout,208,synthetic,landscape,1280,720,81,25.0,3.24,1,en,Watcher observes group gathered by fire.,True,False,clean
non_bottom_layout__209_item34_v0d00fg10000d7d3gfvog65g0n5pqd50__clean_0000_000033000_000041000,vlm_multitype,non_bottom_layout,209,synthetic,portrait,720,1280,81,24.0,3.375,1,en,"He holds the infant, eyes filled with solemn resolve.",True,False,clean
non_bottom_layout__210_item86_v0300fg10000d2b5f4vog65lkvn3jgv0__clean_0002_000088000_000093000,vlm_multitype,non_bottom_layout,210,synthetic,landscape,720,404,81,25.0,3.24,1,en,Light bursts as she soars through the heavens.,True,False,clean
non_bottom_layout__211_item49_v0d00fg10000d7ibuifog65ukkr4eipg__clean_0003_000050000_000055000,vlm_multitype,non_bottom_layout,211,synthetic,portrait,404,720,81,25.0,3.24,1,en,Wolves move through the dark forest path.,True,False,clean
non_bottom_layout__212_item5_v0300fg10000d33q9bnog65rqmq8fg0g__clean_0000_000005000_000011000,vlm_multitype,non_bottom_layout,212,synthetic,landscape,720,404,81,25.0,3.24,1,en,"The room's walls are peeling, revealing decay.",True,False,clean
non_bottom_layout__214_035__clean_0000_000061000_000067000,vlm_multitype,non_bottom_layout,214,synthetic,portrait,540,960,81,25.0,3.24,1,ja,審査員が資料を確認中。,True,False,clean
non_bottom_layout__215_040__clean_0000_000032000_000038000,vlm_multitype,non_bottom_layout,215,synthetic,portrait,540,960,81,25.0,3.24,1,zh,男性手持验孕棒凝视,True,False,clean
non_bottom_layout__216_item50_v0200fg10000d559gpfog65o2ggtstpg__clean_0000_000033000_000038000,vlm_multitype,non_bottom_layout,216,synthetic,landscape,960,540,81,25.0,3.24,1,ko,숨이 막히는 듯한 폭발,True,False,clean
non_bottom_layout__217_item8_v0d00fg10000d7ffpmfog65q72sc3bt0__clean_0000_000028000_000037000,vlm_multitype,non_bottom_layout,217,synthetic,portrait,720,1280,81,25.0,3.24,1,ko,엄마가 떠나는 날,True,False,clean
non_bottom_layout__218_0011__clean_0000_000000000_000007000,vlm_multitype,non_bottom_layout,218,synthetic,portrait,720,1280,81,25.0,3.24,1,ko,여자들이 식사를 준비한다,True,False,clean
non_bottom_layout__219_item67_v0200fg10000d621q77og65vnpv9t8rg__clean_0000_000005000_000010000,vlm_multitype,non_bottom_layout,219,synthetic,landscape,1280,720,81,24.0,3.375,1,th,เขาขับรถผ่านทะเลทราย,True,False,clean
non_bottom_layout__220_item6_v0300fg10000d7h1nofog65jtl9ouro0__clean_0001_000074000_000079000,vlm_multitype,non_bottom_layout,220,synthetic,portrait,404,720,81,25.0,3.24,1,zh,女子轻抚木盒，神情专注。,True,False,clean
non_bottom_layout__221_item89_v0300fg10000d8aoov7og65hc26n5bcg__clean_0000_000039000_000045000,vlm_multitype,non_bottom_layout,221,synthetic,landscape,720,404,81,25.0,3.24,1,zh,城门开启，街市渐现。,True,False,clean
non_bottom_layout__222_005__clean_0000_000113000_000120000,vlm_multitype,non_bottom_layout,222,synthetic,portrait,404,720,81,25.0,3.24,1,zh,热气腾腾的锅，好香。,True,False,clean
non_bottom_layout__223_084__clean_0001_000071000_000077000,vlm_multitype,non_bottom_layout,223,synthetic,portrait,540,960,81,25.0,3.24,1,zh,门后有人急匆匆离开,True,False,clean
non_bottom_layout__224_item74_v0200fg10000d0eds6vog65pinsrq08g__clean_0001_000135000_000141000,vlm_multitype,non_bottom_layout,224,synthetic,landscape,960,540,81,25.0,3.24,1,zh,雷光撕裂森林，战意汹涌。,True,False,clean
non_bottom_layout__225_0005_v0300fg10000cq7jte7og65rm0nj1k20__clean_0002_000086000_000091000,vlm_multitype,non_bottom_layout,225,synthetic,portrait,540,960,81,25.0,3.24,1,zh,男人低头整理衣物,True,False,clean
non_bottom_layout__226_item20_v0300fg10000d7g6udvog65va9tvslog__clean_0001_000042000_000048000,vlm_multitype,non_bottom_layout,226,synthetic,portrait,540,960,81,25.0,3.24,1,zh,衣服脏了，心也碎了。,True,False,clean
non_bottom_layout__227_item68_v0200fg10000d7jnjqnog65ng6oqmcu0__clean_0000_000056000_000061000,vlm_multitype,non_bottom_layout,227,synthetic,portrait,720,1280,81,24.0,3.375,1,zh,她站在门口，他低头不语。,True,False,clean
non_bottom_layout__228_item30_v0300fg10000d710jqnog65gi3n460v0__clean_0000_000000000_000010000,vlm_multitype,non_bottom_layout,228,synthetic,portrait,720,1280,81,25.0,3.24,1,en,"Teacup shatters, startling everyone",True,False,clean
non_bottom_layout__230_item60_v0300fg10000d82q6inog65juj2uknf0__clean_0000_000043000_000052267,vlm_multitype,non_bottom_layout,230,synthetic,portrait,404,720,81,25.0,3.24,1,en,She stares angrily; he stares in shock.,True,False,clean
non_bottom_layout__231_item34_v0200fg10000d7b2rbfog65nn8glf9mg__clean_0001_000074000_000079000,vlm_multitype,non_bottom_layout,231,synthetic,portrait,404,720,81,25.0,3.24,1,en,The wind whispers secrets only the trees understand.,True,False,clean
non_bottom_layout__232_item1_v0200fg10000d6uki77og65nrao9jvq0__clean_0000_000071000_000080000,vlm_multitype,non_bottom_layout,232,synthetic,landscape,720,404,81,25.0,3.24,1,en,"Rainy night, three men carry coffin for burial.",True,False,clean
non_bottom_layout__233_005_ogxeMeYT4IQC7DEk9IeLCQmIIeGj8lO9zBelNQ__clean_0000_000028000_000035000,vlm_multitype,non_bottom_layout,233,synthetic,portrait,540,960,81,25.0,3.24,1,ja,彼女は静かに見つめている。,True,False,clean
non_bottom_layout__238_item34_v0200fg10000d7ah5q7og65hp2kshjg0__clean_0001_000031000_000040000,vlm_multitype,non_bottom_layout,238,synthetic,portrait,720,1280,81,25.0,3.24,1,ko,하늘 위에서 함께 걷는다,True,False,clean
non_bottom_layout__240_item38_v0300fg10000d7kaiq7og65gk7seghq0__clean_0001_000061000_000067000,vlm_multitype,non_bottom_layout,240,synthetic,portrait,404,720,81,25.0,3.24,1,zh,翻不了天,True,False,clean
non_bottom_layout__241_00027__clean_0000_000000000_000005000,vlm_multitype,non_bottom_layout,241,synthetic,portrait,404,720,81,25.0,3.24,1,zh,刀锋出鞘，杀意已生,True,False,clean
non_bottom_layout__242_item45_v0300fg10000d7kvbsnog65pkehadvk0__clean_0000_000011000_000018000,vlm_multitype,non_bottom_layout,242,synthetic,portrait,404,720,81,25.0,3.24,1,zh,老妇轻声劝慰年轻女子,True,False,clean
non_bottom_layout__243_0029_v0300fg10000cqm4qlfog65moom9t66g__clean_0000_000076000_000081000,vlm_multitype,non_bottom_layout,243,synthetic,portrait,540,960,81,25.0,3.24,1,zh,她跌落在地，手伸向鞋。,True,False,clean
non_bottom_layout__245_item42_v0200fg10000d7j36rnog65je06ke2ug__clean_0000_000116000_000125967,vlm_multitype,non_bottom_layout,245,synthetic,portrait,540,960,81,25.0,3.24,1,zh,刀锋对峙，胜负未定,True,False,clean
non_bottom_layout__246_item1_v0d00fg10000d7sbbifog65p574ldnvg__clean_0000_000053000_000058000,vlm_multitype,non_bottom_layout,246,synthetic,portrait,540,960,81,25.0,3.24,1,zh,烟雾缭绕，他笑了。,True,False,clean
non_bottom_layout__247_item84_v0200fg10000d7i8khnog65j7mgsi7j0__clean_0000_000024000_000030000,vlm_multitype,non_bottom_layout,247,synthetic,portrait,720,1280,81,24.0,3.375,1,zh,西装男子手捧玫瑰花,True,False,clean
non_bottom_layout__248_022__clean_0000_000000000_000007000,vlm_multitype,non_bottom_layout,248,synthetic,portrait,720,1280,81,25.0,3.24,1,en,"He holds the mic, ready to speak.",True,False,clean
non_bottom_layout__249_item13_v0300fg10000d1uurbnog65osfsnbemg__clean_0000_000069000_000074000,vlm_multitype,non_bottom_layout,249,synthetic,landscape,1280,720,81,25.0,3.24,1,en,"Purple-haired figure steps forward, aura glowing",True,False,clean
non_bottom_layout__250_item5_v0300fg10000d7gdi87og65jh057smp0__clean_0000_000010000_000018000,vlm_multitype,non_bottom_layout,250,synthetic,portrait,404,720,81,24.0,3.375,1,en,The young woman bows before the elder man.,True,False,clean
non_bottom_layout__252_item34_v0200fg10000d6u110fog65nrav2n7qg__clean_0000_000045000_000050000,vlm_multitype,non_bottom_layout,252,synthetic,landscape,720,404,81,25.0,3.24,1,en,Gunfire erupts as warriors clash in chaos,True,False,clean
non_bottom_layout__254_item48_v0200fg10000d7s4cgnog65nlp37sf0g__clean_0000_000013000_000019000,vlm_multitype,non_bottom_layout,254,synthetic,portrait,540,960,81,25.0,3.24,1,zh,医者俯身诊脉,True,False,clean
non_bottom_layout__256_item6_v0200fg10000d7oa1nnog65j0umbpk2g__clean_0000_000059000_000066000,vlm_multitype,non_bottom_layout,256,synthetic,portrait,540,960,81,25.0,3.24,1,ko,눈물이 흐르는 그녀의 눈,True,False,clean
non_bottom_layout__257_709_54__clean_0002_000077000_000083000,vlm_multitype,non_bottom_layout,257,synthetic,portrait,720,1280,81,25.0,3.24,1,ko,남편이 잠들어 있는 여자,True,False,clean
non_bottom_layout__258_item54_v0300fg10000d74i7hfog65u5m18u4t0__clean_0000_000031000_000037000,vlm_multitype,non_bottom_layout,258,synthetic,portrait,720,1280,81,24.0,3.375,1,ko,그녀의 눈빛에 이 흐르고 있었다.,True,False,clean
non_bottom_layout__259_item21_v0300fg10000d7h3dlnog65l0a2qh0v0__clean_0000_000020000_000025000,vlm_multitype,non_bottom_layout,259,synthetic,portrait,720,1280,81,25.0,3.24,1,th,เธอหายใจเบาๆ ขณะนอนในโรงพยาบาล,True,False,clean
non_bottom_layout__260_item72_v0d00fg10000d7jnebnog65uugmp34pg__clean_0000_000053000_000058760,vlm_multitype,non_bottom_layout,260,synthetic,portrait,404,720,81,25.0,3.24,1,zh,手机对比，谁更胜一筹？,True,False,clean
non_bottom_layout__261_030__clean_0000_000029000_000042000,vlm_multitype,non_bottom_layout,261,synthetic,portrait,404,720,81,25.0,3.24,1,zh,我吃...,True,False,clean
non_bottom_layout__262_item70_v0200fg10000d7m9ljnog65onep8tq10__clean_0000_000016000_000021000,vlm_multitype,non_bottom_layout,262,synthetic,portrait,404,720,81,25.0,3.24,1,zh,他凝视她，神情复杂。,True,False,clean
non_bottom_layout__263_item78_v0200fg10000d7s6qqfog65nlp3hmj50__clean_0001_000015000_000021000,vlm_multitype,non_bottom_layout,263,synthetic,portrait,540,960,81,24.0,3.375,1,zh,血染羽翼，林中求生,True,False,clean
non_bottom_layout__264_item20_v0200fg10000d76uhu7og65hkal3aqg0__clean_0000_000029000_000040000,vlm_multitype,non_bottom_layout,264,synthetic,portrait,540,960,81,25.0,3.24,1,zh,他凝视着前方，脚步坚定。,True,False,clean
non_bottom_layout__268_item2_v0200fg10000d7ah4a7og65kfhtu2340__clean_0000_000000000_000005000,vlm_multitype,non_bottom_layout,268,synthetic,portrait,720,1280,81,25.0,3.24,1,en,Master gestures toward the temple's direction,True,False,clean
non_bottom_layout__269_043__clean_0000_000010000_000016000,vlm_multitype,non_bottom_layout,269,synthetic,portrait,720,1280,81,25.0,3.24,1,en,"She leans in, eyes full of longing.",True,False,clean
non_bottom_layout__270_item34_v0d00fg10000d6enuavog65nds11apa0__clean_0000_000054000_000059000,vlm_multitype,non_bottom_layout,270,synthetic,landscape,720,404,81,25.0,3.24,1,en,The official reads the letter with solemn focus,True,False,clean
non_bottom_layout__271_item12_v0300fg10000d679aovog65tq7d734lg__clean_0001_000063000_000069000,vlm_multitype,non_bottom_layout,271,synthetic,landscape,720,404,81,25.0,3.24,1,en,He dashes through the forest with his sword.,True,False,clean
non_bottom_layout__272_item2_v0200fg10000d5tdnhnog65jbv5d2sh0__clean_0002_000087000_000092000,vlm_multitype,non_bottom_layout,272,synthetic,portrait,404,720,81,25.0,3.24,1,en,The wind whispers secrets only the trees understand.,True,False,clean
non_bottom_layout__273_item23_v0300fg10000d33q9jfog65jjhq75hqg__clean_0000_000120000_000126000,vlm_multitype,non_bottom_layout,273,synthetic,landscape,960,540,81,25.0,3.24,1,ja,街角の冒険者たち,True,False,clean
non_bottom_layout__274_item68_v0d00fg10000d7r1duvog65s79tr2i00__clean_0000_000088000_000097760,vlm_multitype,non_bottom_layout,274,synthetic,portrait,540,960,81,25.0,3.24,1,zh,乾杯，今晚的酒很香。,True,False,clean
non_bottom_layout__275_006__clean_0000_000029000_000037000,vlm_multitype,non_bottom_layout,275,synthetic,portrait,540,960,81,25.0,3.24,1,ja,持ち物を押しながら歩く,True,False,clean
non_bottom_layout__276_item76_v0300fg10000d7fkqffog65s0uhr5oo0__clean_0004_000086000_000091233,vlm_multitype,non_bottom_layout,276,synthetic,landscape,960,412,81,25.0,3.24,1,ko,신비한 힘을 느낀다,True,False,clean
non_bottom_layout__278_item31_v0d00fg10000d847h6fog65hmigf4e9g__clean_0001_000062000_000067000,vlm_multitype,non_bottom_layout,278,synthetic,landscape,1280,720,81,25.0,3.24,1,ko,숨은 진실이 밝혀질 때,True,False,clean
non_bottom_layout__279_item68_v0300fg10000d7a81knog65kgo2bvqug__clean_0000_000041000_000046000,vlm_multitype,non_bottom_layout,279,synthetic,landscape,1280,720,81,25.0,3.24,1,th,เขาจ้องมองด้วยสายตาที่เต็มไปด้วยความตั้งใจ,True,False,clean
non_bottom_layout__280_item48_v0200fg10000cuuncofog65k8h85c8d0__clean_0001_000094000_000099000,vlm_multitype,non_bottom_layout,280,synthetic,landscape,720,404,81,24.0,3.375,1,zh,神力觉醒，光焰撕裂虚空,True,False,clean
non_bottom_layout__281_item46_v0300fg10000d7h4mpfog65kgo5iu1c0__clean_0002_000073000_000079333,vlm_multitype,non_bottom_layout,281,synthetic,landscape,720,404,81,25.0,3.24,1,zh,鸡怒火中烧护宝,True,False,clean
non_bottom_layout__282_003__clean_0001_000099000_000110000,vlm_multitype,non_bottom_layout,282,synthetic,portrait,404,720,81,25.0,3.24,1,zh,他低头看着手中的箱子。,True,False,clean
non_bottom_layout__283_item26_v0200fg10000d76ui77og65vkqtqga4g__clean_0000_000045000_000052767,vlm_multitype,non_bottom_layout,283,synthetic,portrait,540,960,81,25.0,3.24,1,zh,两人搀扶着女子前行,True,False,clean
non_bottom_layout__284_item52_v0200fg10000d7kubt7og65nn8jpm4ng__clean_0000_000000000_000005000,vlm_multitype,non_bottom_layout,284,synthetic,portrait,540,960,81,24.0,3.375,1,zh,挖掘机照亮废墟,True,False,clean
non_bottom_layout__285_item76_v0200fg10000d7eu7hvog65nn8nji15g__clean_0000_000059000_000065000,vlm_multitype,non_bottom_layout,285,synthetic,portrait,540,960,81,25.0,3.24,1,zh,她凝视着城市的脉搏,True,False,clean
non_bottom_layout__286_item56_v0d00fg10000d7cst4nog65mjt2mlvsg__clean_0000_000011000_000016000,vlm_multitype,non_bottom_layout,286,synthetic,landscape,960,540,81,25.0,3.24,1,zh,车门开启，两人现身。,True,False,clean
non_bottom_layout__287_item63_v0300fg10000d5ae7knog65ulmjgpuf0__clean_0000_000052000_000062000,vlm_multitype,non_bottom_layout,287,synthetic,landscape,1280,720,81,25.0,3.24,1,zh,光门开启，她踏步而来。,True,False,clean
non_bottom_layout__288_item9_v0200fg10000d68pienog65r2n4jtge0__clean_0000_000004000_000013000,vlm_multitype,non_bottom_layout,288,synthetic,landscape,1280,720,81,24.0,3.375,1,en,"Laser hits target, battle begins.",True,False,clean
non_bottom_layout__289_item7_v0300fg10000d621mtvog65tejdo2220__clean_0000_000008000_000016000,vlm_multitype,non_bottom_layout,289,synthetic,landscape,1280,720,81,24.0,3.375,1,en,"He pauses, tasting the earth's grit.",True,False,clean
non_bottom_layout__290_001__clean_0000_000066000_000073000,vlm_multitype,non_bottom_layout,290,synthetic,portrait,404,720,81,25.0,3.24,1,en,"She turns, her hair adorned with blossoms.",True,False,clean
non_bottom_layout__295_item88_v0d00fg10000d5mpdjfog65i583epqj0__clean_0001_000044000_000050000,vlm_multitype,non_bottom_layout,295,synthetic,landscape,960,540,81,25.0,3.24,1,ja,黄金竜が空を舞う。,True,False,clean
non_bottom_layout__296_item75_v0d00fg10000d7a6m4nog65uugjhklqg__clean_0000_000073000_000078267,vlm_multitype,non_bottom_layout,296,synthetic,portrait,540,960,81,25.0,3.24,1,ko,검은 옷을 입은 남자들이 서 있다,True,False,clean
non_bottom_layout__297_item24_v0300fg10000d7evntnog65jfqfgnerg__clean_0000_000049000_000054000,vlm_multitype,non_bottom_layout,297,synthetic,portrait,720,1280,81,25.0,3.24,1,ko,물 속에서 손을 흔들며,True,False,clean
non_bottom_layout__298_007__clean_0000_000018000_000024000,vlm_multitype,non_bottom_layout,298,synthetic,portrait,720,1280,81,25.0,3.24,1,ko,사진을 들고 차에 들어감,True,False,clean
non_bottom_layout__299_item19_v0200fg10000d2invjfog65mr3b1f7dg__clean_0000_000138000_000144000,vlm_multitype,non_bottom_layout,299,synthetic,landscape,1280,720,81,25.0,3.24,1,th,คนหนึ่งกำลังจัดการอาหารให้เพื่อน,True,False,clean
multi_region__000_item75_v0d00fg10000d7r1e9vog65rdci5mca0__clean_0001_000124000_000129000,vlm_multitype,multi_region,0,synthetic,portrait,404,720,81,25.0,3.24,3,zh,星河浩瀚，他独自仰望。 | 夜路静谧，警服剪影。 | 小巷尽头，星轨如幕。,True,False,clean
multi_region__001_item19_v0300fg10000d5ae54vog65vhvinqpog__clean_0000_000047000_000061000,vlm_multitype,multi_region,1,synthetic,landscape,720,406,81,25.0,3.24,2,zh,他步履从容，目光如炬。 | 都市通勤，西装革履。,True,False,clean
multi_region__002_item33_v0300fg10000d4vcbjnog65lplgmejog__clean_0000_000055000_000060000,vlm_multitype,multi_region,2,synthetic,landscape,720,404,81,25.0,3.24,2,zh,大臣怒斥皇帝哭笑不得 | 陛下这话说得可真够绝的！” 龙庭惊变,True,False,clean
multi_region__003_item15_v0d00fg10000d4o51ufog65maecpulbg__clean_0001_000090000_000104000,vlm_multitype,multi_region,3,synthetic,landscape,960,540,81,25.0,3.24,3,zh,前方有车，小心驶过 | 夜色中，火光冲天 | 两人对峙，气氛紧张,True,False,clean
multi_region__004_item65_v0300fg10000d2b5eqvog65gvc36s9o0__clean_0000_000030000_000036000,vlm_multitype,multi_region,4,synthetic,landscape,960,540,81,25.0,3.24,2,zh,她立于火海，静待天雷 | 截教废墟，圣人陨落,True,False,clean
multi_region__006_item77_v0300fg10000d6se1kfog65va9o6i8t0__clean_0002_000071000_000076000,vlm_multitype,multi_region,6,synthetic,landscape,960,540,81,25.0,3.24,3,zh,她轻握他的手，目光坚定 | 空中飞鸟载着两人远去 | 山巅之上，二人静坐凝望,True,False,clean
multi_region__009_item10_v0d00fg10000d7ti19fog65mp2erfgu0__clean_0000_000000000_000007000,vlm_multitype,multi_region,9,synthetic,portrait,720,1280,81,25.0,3.24,3,en,"She gathers papers, her expression tense. | Office chaos | Woman cleaning up scattered documents",True,False,clean
multi_region__010_item22_v0200fg10000d66nuanog65g3vak4kn0__clean_0001_000130000_000138000,vlm_multitype,multi_region,10,synthetic,landscape,720,404,81,25.0,3.24,2,en,The giant hand looms over the village. | Woman washes clothes by stream.,True,False,clean
multi_region__014_item10_v0300fg10000d77svdfog65hs3qd523g__clean_0002_000086000_000091000,vlm_multitype,multi_region,14,synthetic,portrait,540,960,81,24.0,3.375,2,mixed,雪原に集まった人々の足音 | 赤ボタンを押す手の動き,True,False,clean
multi_region__015_062__clean_0002_000039000_000045000,vlm_multitype,multi_region,15,synthetic,portrait,540,960,81,25.0,3.24,3,ja,あなたを待つ | 親密な瞬間 | 寝室で,True,False,clean
multi_region__016_item20_v0300fg10000d7f0k97og65s0ugnjc7g__clean_0000_000000000_000005000,vlm_multitype,multi_region,16,synthetic,portrait,540,960,81,24.0,3.375,2,ko,"가수, 마이크를 들고 노래한다 | 연기자, 귀를 막고 놀라움",True,False,clean
multi_region__017_item39_v0300fg10000d7kub8fog65t9idmn92g__clean_0001_000018000_000024000,vlm_multitype,multi_region,17,synthetic,portrait,720,1280,81,24.0,3.375,2,ko,그가 손을 펴며 권력의 흐름을 펼친다. | 장비 착용한 병사들이 무릎을 꿇는다.,True,False,clean
multi_region__019_item18_v0300fg10000d7u9q07og65n1u9i2l60__clean_0000_000023000_000028000,vlm_multitype,multi_region,19,synthetic,portrait,720,1280,81,25.0,3.24,2,th,เธอพูดเบาๆ ขณะยืนอยู่ในห้องประชุม | ผู้หญิงวิ่งเข้ามาในห้องประชุม,True,False,clean
multi_region__022_item59_v0300fg10000d6se0o7og65pkejfr770__clean_0000_000056000_000062000,vlm_multitype,multi_region,22,synthetic,landscape,720,404,81,25.0,3.24,2,zh,云海之上，携手同行。 | 云巅启程。,True,False,clean
multi_region__023_item71_v0200fg10000d7h3gcnog65khohr6jk0__clean_0000_000027000_000042000,vlm_multitype,multi_region,23,synthetic,portrait,540,960,81,25.0,3.24,2,zh,手紧握，是无声的陪伴 | 毕业季，欢笑与告别,True,False,clean
multi_region__024_001__clean_0000_000037000_000044000,vlm_multitype,multi_region,24,synthetic,portrait,540,960,81,25.0,3.24,3,zh,脚步声在走廊回响 | 西装男步入办公室 | 女职员凝视前方,True,False,clean
multi_region__025_item11_v0300fg10000d7h21tnog65pn0g3mfg0__clean_0000_000048000_000053000,vlm_multitype,multi_region,25,synthetic,portrait,540,960,81,24.0,3.375,2,zh,修车人专注拧紧螺丝 | 高原夜修车,True,False,clean
multi_region__026_item92_v0300fg10000d62cdqnog65lerok2o4g__clean_0000_000021000_000027000,vlm_multitype,multi_region,26,synthetic,landscape,960,540,81,24.0,3.375,2,zh,雪地里，她准备出发。 | 雪中卡车旁，她起身。,True,False,clean
multi_region__027_item2_v0300fg10000d7hlv27og65vue2plvug__clean_0000_000000000_000005000,vlm_multitype,multi_region,27,synthetic,portrait,720,1280,81,25.0,3.24,3,zh,他凝视前方，神情专注。 | 她侧身望向远方，若有所思。 | 车内与路边，情绪静默。,True,False,clean
multi_region__028_003__clean_0001_000065000_000070000,vlm_multitype,multi_region,28,synthetic,portrait,720,1280,81,25.0,3.24,2,en,"She looks down, thoughtful. | Office meeting, formal attire",True,False,clean
multi_region__030_item39_v0d00fg10000d7k76bvog65mjt54ikr0__clean_0000_000009000_000015000,vlm_multitype,multi_region,30,synthetic,portrait,404,720,81,24.0,3.375,3,en,"She looks down, her expression soft and thoughtful. | Formal gathering, tense atmosphere. | Luxury interior, two figures facing each other.",True,False,clean
multi_region__032_item10_v0d00fg10000d7k74v7og65g2jrb4dc0__clean_0001_000098000_000103750,vlm_multitype,multi_region,32,synthetic,portrait,404,720,81,24.0,3.375,2,en,"He looks at her with quiet intensity. | Office scene, calm tension",True,False,clean
multi_region__033_item65_v0200fg10000d7eu71fog65kh8etn6lg__clean_0002_000074000_000079000,vlm_multitype,multi_region,33,synthetic,portrait,540,960,81,25.0,3.24,3,ja,彼は電動自転車を手に取る。 | 会社の前で待機中。 | 男性が黒い車の前で立つ。,True,False,clean
multi_region__034_item64_v0200fg10000d1uus6fog65npd7n94cg__clean_0000_000046000_000051000,vlm_multitype,multi_region,34,synthetic,landscape,960,540,81,25.0,3.24,2,zh,月明夜，书阁静谧 | 女帝伏案读书,True,False,clean
multi_region__035_item51_v0300fg10000d7tm7cnog65o3l7rtbc0__clean_0000_000037000_000045000,vlm_multitype,multi_region,35,synthetic,portrait,540,960,81,24.0,3.375,2,ja,「待ってて、待ってて」 | 驚きの手の動き,True,False,clean
multi_region__036_item28_v0d00fg10000d7a6jq7og65mae8kgcug__clean_0001_000014000_000019000,vlm_multitype,multi_region,36,synthetic,portrait,540,960,81,25.0,3.24,3,ko,눈물이 흘러내리는 그녀의 눈 | 바닥에 흘러내리는 혈액 | 비가 내리는 도시의 흙길,True,False,clean
multi_region__037_item49_v0d00fg10000d7a6ks7og65g0n4p8dmg__clean_0000_000054000_000061000,vlm_multitype,multi_region,37,synthetic,portrait,720,1280,81,25.0,3.24,2,ko,그녀는 나뭇잎 사이로 바라보았다. | 한옥길에서의 고요한 순간,True,False,clean
multi_region__040_item8_v0d00fg10000d776ajnog65t4lbfkflg__clean_0000_000103000_000109000,vlm_multitype,multi_region,40,synthetic,portrait,404,720,81,25.0,3.24,2,zh,分两百万我拿十万 | 递钱现场,True,False,clean
multi_region__041_item32_v0300fg10000d7hi1ifog65t9i8416p0__clean_0000_000018000_000024000,vlm_multitype,multi_region,41,synthetic,portrait,404,720,81,25.0,3.24,2,zh,水里捞鱼，风浪越大越值钱 | 跳海救人，浪花翻涌,True,False,clean
multi_region__042_item57_v0300fg10000d7g9l37og65un01ioo8g__clean_0001_000028000_000034000,vlm_multitype,multi_region,42,synthetic,portrait,404,720,81,25.0,3.24,3,zh,男士正整理桌上的物品 | 室内明亮，绿植环绕 | 女士望向男士方向,True,False,clean
multi_region__045_item24_v0200fg10000d7stcuvog65p10ftctug__clean_0000_000010000_000024000,vlm_multitype,multi_region,45,synthetic,portrait,540,960,81,25.0,3.24,3,zh,快拉住绳子！ | 巨蟒潜伏水下 | 山涧对峙,True,False,clean
multi_region__046_item34_v0d00fg10000d79ja77og65uugjc09a0__clean_0001_000043000_000050000,vlm_multitype,multi_region,46,synthetic,portrait,540,960,81,24.0,3.375,2,zh,黑衣人拖拽白衣女子 | 女子凝视远方,True,False,clean
multi_region__047_item78_v0200fg10000d7f0n8fog65updim8plg__clean_0002_000098000_000103917,vlm_multitype,multi_region,47,synthetic,portrait,720,1280,81,24.0,3.375,2,zh,老人转身望向年轻男子 | 年轻男子微笑注视,True,False,clean
multi_region__048_item38_v0300fg10000d7h1pb7og65k1lame4f0__clean_0000_000045000_000052000,vlm_multitype,multi_region,48,synthetic,portrait,720,1280,81,25.0,3.24,3,en,"She collapses to the ground, blood staining the stone. | Bloodied gown, kneeling woman, shocked onlookers. | Courtyard scene, ancient attire, dramatic fall.",True,False,clean
multi_region__049_002__clean_0001_000077000_000083000,vlm_multitype,multi_region,49,synthetic,portrait,720,1280,81,25.0,3.24,2,en,"He leans close, eyes half-lidded in quiet intimacy. | Close embrace, soft lighting, tender moment",True,False,clean
multi_region__051_item22_v0200fg10000d7u7t2fog65qnolo9b90__clean_0000_000057000_000063000,vlm_multitype,multi_region,51,synthetic,portrait,404,720,81,24.0,3.375,3,en,"The path ahead is lit by the setting sun. | Forest path, autumn leaves, silent approach. | Ninja in conical hat, masked, walking forward.",True,False,clean
multi_region__052_item31_v0300fg10000d7h3e5fog65p3mb0ie60__clean_0000_000041000_000047000,vlm_multitype,multi_region,52,synthetic,portrait,404,720,81,25.0,3.24,2,en,"She wipes her eye, looking down with quiet sadness. | Schoolgirl in white jacket, tearful moment",True,False,clean
multi_region__053_item7_v0d00fg10000d7st267og65lc1ch2no0__clean_0001_000065000_000072000,vlm_multitype,multi_region,53,synthetic,portrait,540,960,81,25.0,3.24,2,ja,「何だそれは？」 | 漁船の甲板,True,False,clean
multi_region__054_item24_v0d00fg10000d5d7havog65t9udlcdt0__clean_0000_000015000_000020000,vlm_multitype,multi_region,54,synthetic,portrait,540,960,81,25.0,3.24,3,zh,不可不罰 | 神罰降临 | 官員跪地,True,False,clean
multi_region__055_item2_v0d00fg10000d7dkd7fog65uugknaudg__clean_0000_000064000_000072000,vlm_multitype,multi_region,55,synthetic,landscape,960,540,81,25.0,3.24,2,ja,緑の玉を手で触れる | 鑑定中,True,False,clean
multi_region__056_item22_v0200fg10000d7q68ffog65kljpaid6g__clean_0004_000110000_000115458,vlm_multitype,multi_region,56,synthetic,portrait,540,960,81,24.0,3.375,2,ko,그의 눈빛은 차가웠다. | 검은 갑옷을 입은 남자,True,False,clean
multi_region__057_item25_v0200fg10000d6sg5uvog65n7ghtl08g__clean_0001_000061000_000067000,vlm_multitype,multi_region,57,synthetic,landscape,1280,548,81,25.0,3.24,3,ko,궁극의 화살이 날아가고 있다 | 폭발로 도시가 파괴된다 | 금빛 인물이 무너진다,True,False,clean
multi_region__058_003_v0d00fg10000d0lejlvog65vn8mapnvg__clean_0000_000008000_000013000,vlm_multitype,multi_region,58,synthetic,portrait,720,1280,81,25.0,3.24,2,ko,그녀의 손을 쥐고 있다 | 피가 묻은 손을 보며,True,False,clean
multi_region__059_item43_v0200fg10000d7taou7og65nlp6e928g__clean_0001_000038000_000044000,vlm_multitype,multi_region,59,synthetic,portrait,720,1280,81,24.0,3.375,2,th,เธอพูดเบาๆ ชื่อเธอ | เธอเดินไปข้างหน้าเขาดูตาม,True,False,clean
multi_region__060_item31_v0300fg10000d7gdjhfog65s0uj7n4ag__clean_0000_000032000_000039000,vlm_multitype,multi_region,60,synthetic,portrait,404,720,81,24.0,3.375,3,zh,女子低头，神情凝重 | 男子凝视，神色警惕 | 老者吐血，面露凶相,True,False,clean
multi_region__062_item27_v0300fg10000d7hm097og65l0a3koicg__clean_0001_000063000_000068000,vlm_multitype,multi_region,62,synthetic,portrait,404,720,81,25.0,3.24,2,zh,电话那头传来急促的呼吸 | 职场女性专注通话,True,False,clean
multi_region__063_item47_v0300fg10000d679cevog65unlgokf5g__clean_0001_000089000_000094000,vlm_multitype,multi_region,63,synthetic,landscape,960,540,81,25.0,3.24,3,zh,她微微侧头，眼神专注。 | 校服少女静立台前。 | 观众席聚焦舞台中央。,True,False,clean
multi_region__064_item45_v0200fg10000d7s9prfog65vpli8n7c0__clean_0000_000055000_000060000,vlm_multitype,multi_region,64,synthetic,portrait,540,960,81,25.0,3.24,2,zh,女子跪地惊恐，老者凝视 | 庙堂内惊惧对峙,True,False,clean
multi_region__066_item76_v0200fg10000d7jnka7og65hmdgvlggg__clean_0000_000094000_000101458,vlm_multitype,multi_region,66,synthetic,portrait,540,960,81,24.0,3.375,3,zh,她闭眼微笑，享受这一刻 | 温柔相拥的亲密瞬间 | 室内暖光下的静谧时刻,True,False,clean
multi_region__067_item17_v0d00fg10000d73b4m7og65kl21cpi3g__clean_0000_000067000_000072000,vlm_multitype,multi_region,67,synthetic,portrait,720,1280,81,25.0,3.24,2,zh,你别动，我动手了 | 杀手对峙,True,False,clean
multi_region__069_item29_v0300fg10000d7o84ifog65gvfmiqaqg__clean_0000_000007000_000012000,vlm_multitype,multi_region,69,synthetic,portrait,720,1280,81,25.0,3.24,3,en,"He smokes quietly, eyes fixed on something distant. | Man smoking in worn white shirt | Dusty alleyway, brick wall, open doorway",True,False,clean
multi_region__071_item22_v0300fg10000d5do4bnog65ordhr024g__clean_0000_000044000_000069720,vlm_multitype,multi_region,71,synthetic,landscape,720,404,81,25.0,3.24,2,en,The fox warrior strikes with fiery energy. | Battle in infernal flames unfolds.,True,False,clean
multi_region__072_item27_v0200fg10000d7u4asnog65p10bf3km0__clean_0000_000085000_000090000,vlm_multitype,multi_region,72,synthetic,portrait,404,720,81,25.0,3.24,3,en,The man in chains kneels as the others approach. | Bound prisoner faces approaching figures. | Courtyard path under red-leafed tree.,True,False,clean
multi_region__073_item5_v0200fg10000d753fnfog65khojbadd0__clean_0000_000024000_000030000,vlm_multitype,multi_region,73,synthetic,landscape,960,540,81,25.0,3.24,2,ja,光の剣を放つ | 爆発の光,True,False,clean
multi_region__074_0011_v0300fg10000cqkf4h7og65v13ucb1qg__clean_0000_000003000_000010000,vlm_multitype,multi_region,74,synthetic,portrait,540,960,81,25.0,3.24,2,ja,テストを頑張ってね | 勉強中,True,False,clean
multi_region__075_022__clean_0000_000081000_000087000,vlm_multitype,multi_region,75,synthetic,portrait,540,960,81,25.0,3.24,3,ja,料理の技を披露する | 料理人、白い帽子を被る | 豪華な会場で、料理人、女性と対話,True,False,clean
multi_region__076_item37_v0200fg10000d4o53bvog65hoss6a740__clean_0000_000039000_000044000,vlm_multitype,multi_region,76,synthetic,landscape,960,540,81,25.0,3.24,2,ko,칼을 휘두르며 외친다 | 공중에 떠 있는 인물,True,False,clean
multi_region__078_item10_v0d00fg10000d7obhtfog65su1f0fgsg__clean_0000_000016000_000023000,vlm_multitype,multi_region,78,synthetic,portrait,720,1280,81,25.0,3.24,3,ko,그녀가 그를 들어 올린다 | 지옥의 땅에서 벗어나기 | 농가의 흙길 위에서,True,False,clean
multi_region__080_item45_v0d00fg10000d7cfvsfog65mae9f39i0__clean_0000_000033000_000038000,vlm_multitype,multi_region,80,synthetic,portrait,404,720,81,25.0,3.24,2,zh,刀光剑影，暗夜潜行 | 刺客伏击，血战在即,True,False,clean
multi_region__081_item18_v0d00fg10000d776qknog65t4lbfuhk0__clean_0001_000057000_000065000,vlm_multitype,multi_region,81,synthetic,portrait,404,720,81,25.0,3.24,3,zh,他凝视着抽屉里的东西 | 沉思中 | 书房内,True,False,clean
multi_region__082_item3_v0d00fg10000d8barm7og65hmij9sijg__clean_0002_000060000_000066000,vlm_multitype,multi_region,82,synthetic,landscape,720,404,81,25.0,3.24,2,zh,将军凝视士兵列阵 | 军营门前肃立,True,False,clean
multi_region__083_item21_v0300fg10000d7riconog65hc218gf3g__clean_0000_000017000_000024000,vlm_multitype,multi_region,83,synthetic,portrait,540,960,81,25.0,3.24,2,zh,光柱穿透废墟，她静立其中 | 神光降临，破茧重生,True,False,clean
multi_region__084_item10_v0300fg10000d3s82anog65k31l4hdug__clean_0000_000057000_000067000,vlm_multitype,multi_region,84,synthetic,landscape,960,540,81,25.0,3.24,3,zh,她轻抚婴儿，神情温柔 | 室内烛光，母子相依 | 街巷晨光，女子与童并肩,True,False,clean
multi_region__085_item58_v0300fg10000d3s831nog65j41mlom60__clean_0000_000013000_000029000,vlm_multitype,multi_region,85,synthetic,landscape,960,540,81,25.0,3.24,2,zh,天道法则，唯我独尊 | 云海之上，神殿启封,True,False,clean
multi_region__086_item56_v0200fg10000d76tt4vog65nn8hq4keg__clean_0000_000000000_000005000,vlm_multitype,multi_region,86,synthetic,portrait,540,960,81,25.0,3.24,2,zh,她轻抚玉佩，神情凝重 | 古宅客厅·对坐静思,True,False,clean
multi_region__089_024__clean_0000_000053000_000062000,vlm_multitype,multi_region,89,synthetic,portrait,720,1280,81,25.0,3.24,2,en,He smiles softly while looking away. | Man in black suit on phone call,True,False,clean
multi_region__090_027__clean_0000_000092000_000097000,vlm_multitype,multi_region,90,synthetic,portrait,404,720,81,25.0,3.24,3,en,"She looks at him with a quiet, thoughtful gaze. | Dinner conversation at an upscale restaurant. | Man and woman seated, engaged in a moment of stillness.",True,False,clean
multi_region__092_item27_v0300fg10000d71t2bfog65kgo63g1c0__clean_0000_000000000_000009000,vlm_multitype,multi_region,92,synthetic,landscape,720,404,81,25.0,3.24,2,en,She looks up with wide eyes at the man. | Mother and father with baby in courtyard.,True,False,clean
multi_region__093_item54_v0d00fg10000d733kinog65maee8soog__clean_0001_000029000_000037000,vlm_multitype,multi_region,93,synthetic,landscape,960,540,81,25.0,3.24,3,ja,黒衣の男が白髪の男を見つめる | 雲海の上に立つ二人 | 戦いの前夜,True,False,clean
multi_region__094_055__clean_0000_000032000_000039000,vlm_multitype,multi_region,94,synthetic,portrait,540,960,81,25.0,3.24,2,ja,手をつなぐ二人の姿 | 赤いバラが落ちる,True,False,clean
multi_region__096_item67_v0200fg10000d559hjnog65uv2bdq7u0__clean_0000_000028000_000034000,vlm_multitype,multi_region,96,synthetic,landscape,960,540,81,25.0,3.24,3,ko,나는 좀 더 빠르게 달려야 해요 | 공격이 빨라지면 적도 더 빨리 피할 거야 | 적의 방향을 예측해서 공격해야겠어,True,False,clean
multi_region__099_064__clean_0001_000104000_000111000,vlm_multitype,multi_region,99,synthetic,portrait,720,1280,81,25.0,3.24,3,th,เธอจ้องมองเขาด้วยสายตาที่เต็มไปด้วยความรู้สึก | เธอเข้ามาใกล้เขาอย่างช้าๆ | ห้องพักที่มีแสงสว่างอ่อนๆ,True,False,clean
multi_region__100_item6_v0200fg10000d7hk2pvog65vkqp70pv0__clean_0000_000014000_000019000,vlm_multitype,multi_region,100,synthetic,portrait,404,720,81,25.0,3.24,2,zh,他站在桌前，她低头不语 | 餐桌旁的沉默对峙,True,False,clean
multi_region__103_025__clean_0000_000109000_000125000,vlm_multitype,multi_region,103,synthetic,portrait,540,960,81,25.0,3.24,2,zh,小手捧着花，静静凝视 | 室内，女孩蹲坐玩饰物,True,False,clean
multi_region__104_item84_v0300fg10000d7d7jb7og65l0a4erff0__clean_0002_000040000_000046000,vlm_multitype,multi_region,104,synthetic,landscape,960,412,81,25.0,3.24,2,zh,坛中灵物现世 | 雪林古坛阵,True,False,clean
multi_region__105_item25_v0300fg10000d7jkdpfog65k38gtd3qg__clean_0000_000035000_000042000,vlm_multitype,multi_region,105,synthetic,portrait,540,960,81,25.0,3.24,3,zh,轻啜春茶，静享闲时光 | 闺房品茗 | 身着粉裳，发髻华饰,True,False,clean
multi_region__106_item18_v0200fg10000d7aag0nog65hp1cm2obg__clean_0000_000044000_000051000,vlm_multitype,multi_region,106,synthetic,landscape,960,540,81,25.0,3.24,2,zh,婴儿挥棒破冰而出 | 冰窟中婴儿觉醒,True,False,clean
multi_region__107_item21_v0d00fg10000d7uainvog65p575gc7cg__clean_0000_000066000_000071000,vlm_multitype,multi_region,107,synthetic,portrait,720,1280,81,25.0,3.24,2,zh,别动，我来帮你 | 紧急干预中,True,False,clean
multi_region__108_015__clean_0000_000012000_000017000,vlm_multitype,multi_region,108,synthetic,portrait,720,1280,81,25.0,3.24,3,en,"She looks shocked as he raises the pan. | Argument in living room | Man in brown suit, woman in cream top",True,False,clean
multi_region__109_023__clean_0000_000087000_000103000,vlm_multitype,multi_region,109,synthetic,portrait,720,1280,81,25.0,3.24,2,en,"He sips his drink, eyes closed in quiet enjoyment. | Casual evening gathering with wine and conversation",True,False,clean
multi_region__110_item51_v0300fg10000d7qs13vog65uid7nokc0__clean_0000_000055000_000062000,vlm_multitype,multi_region,110,synthetic,portrait,404,720,81,25.0,3.24,2,en,Prince descends carriage with solemn grace. | Royal procession traverses mountain pass.,True,False,clean
multi_region__111_item18_v0200fg10000d7mvlh7og65hkak9ecl0__clean_0000_000047000_000052000,vlm_multitype,multi_region,111,synthetic,portrait,404,720,81,25.0,3.24,3,en,"He looks down, hands trembling with pain. | Wounded warrior in courtyard | Scene: Ancient street, tense moment",True,False,clean
multi_region__113_item4_v0300fg10000d7g5ik7og65jtl80k4g0__clean_0004_000098000_000103067,vlm_multitype,multi_region,113,synthetic,portrait,540,960,81,25.0,3.24,2,zh,燭光下凝視，心事重重。 | 古巷夜行，衣袂轻扬。,True,False,clean
multi_region__114_item56_v0300fg10000d0eds27og65n2gftlsa0__clean_0000_000060000_000073000,vlm_multitype,multi_region,114,synthetic,landscape,960,540,81,25.0,3.24,3,ja,神の力、手に収められた。 | 光の渦に舞う異形。 | 神王の前で戦う。,True,False,clean
multi_region__115_item17_v0300fg10000d5ae51nog65vmv756t90__clean_0000_000100000_000106000,vlm_multitype,multi_region,115,synthetic,landscape,960,540,81,25.0,3.24,2,ja,紅いドレスの女性がオフィスを歩く | 会社の廊下を歩く女性,True,False,clean
multi_region__116_item38_v0200fg10000d7m9k3nog65kfhu1nbb0__clean_0000_000001000_000007000,vlm_multitype,multi_region,116,synthetic,portrait,540,960,81,25.0,3.24,2,ko,의사가 아이의 귀를 살피고 있습니다 | 의사가 아이의 귀를 살피는 동안 아이가 조용히 눈을 감았다,True,False,clean
multi_region__117_001-龙神之怒__clean_0000_000021000_000026000,vlm_multitype,multi_region,117,synthetic,portrait,720,1280,81,25.0,3.24,3,ko,그들이 눈을 맞추며 기다림 | 그들의 숨결이 바다 위에 흩어져 있었다 | 바다의 숨결이 그들의 손끝에 닿았다,True,False,clean
multi_region__118_0001_v0300fg10000ct6mfgfog65g847cejc0__clean_0000_000062000_000067000,vlm_multitype,multi_region,118,synthetic,portrait,720,1280,81,25.0,3.24,2,ko,그녀가 손을 끊어내려는 순간 | 창문 너머로 눈치 채는 남자,True,False,clean
multi_region__119_051__clean_0000_000053000_000060167,vlm_multitype,multi_region,119,synthetic,portrait,720,1280,81,25.0,3.24,2,th,อย่าสัมผัสเธอ | เธอตกจากที่สูง,True,False,clean
multi_region__120_055__clean_0000_000041000_000046200,vlm_multitype,multi_region,120,synthetic,portrait,404,720,81,25.0,3.24,3,zh,她看着对方，神情凝重 | 职场对峙 | 白裙女子惊讶注视,True,False,clean
multi_region__122_item16_v0d00fg10000d7fq2ovog65ukkq99un0__clean_0000_000029000_000044000,vlm_multitype,multi_region,122,synthetic,portrait,404,720,81,25.0,3.24,2,zh,老汉跪地求收烂菇 | 村中老人跪求收菇,True,False,clean
multi_region__123_item25_v0300fg10000d7fkos7og65ouqme44fg__clean_0002_000114000_000121000,vlm_multitype,multi_region,123,synthetic,landscape,960,412,81,25.0,3.24,3,zh,黑烟滚滚，城中惊变 | 古建屋顶，雪中焚毁 | 风水天师，危机降临,True,False,clean
multi_region__126_item11_v0d00fg10000d7ah9lfog65g2jo447bg__clean_0000_000087000_000093000,vlm_multitype,multi_region,126,synthetic,landscape,960,540,81,25.0,3.24,3,zh,楼梯间 | 丛林 | 别动！背后有动静！” 紧急撤离中 三人紧贴墙角喘息,True,False,clean
multi_region__127_item39_v0d00fg10000d7mn9dnog65n8rp3fpj0__clean_0000_000055000_000062367,vlm_multitype,multi_region,127,synthetic,portrait,720,1280,81,25.0,3.24,2,zh,她轻笑，福气自现 | 书阁静待佳人来,True,False,clean
multi_region__128_item16_v0d00fg10000d7uof9fog65hmilrprug__clean_0000_000029000_000034000,vlm_multitype,multi_region,128,synthetic,portrait,720,1280,81,25.0,3.24,2,en,The man kneels as officers inspect his ID. | Arrest on wet street at night,True,False,clean
multi_region__129_item45_v0200fg10000d849s5nog65ho56a3mi0__clean_0000_000000000_000007000,vlm_multitype,multi_region,129,synthetic,portrait,720,1280,81,25.0,3.24,3,en,"He looks up, eyes tired, face streaked with dirt. | Man in worn jacket, checking phone in dim room. | Bedside table: water bottles, instant noodles, phone.",True,False,clean
multi_region__130_item63_v0300fg10000d2b5epvog65ojtskf8og__clean_0000_000054000_000059000,vlm_multitype,multi_region,130,synthetic,landscape,720,404,81,25.0,3.24,2,en,The elder radiates power as he stands alone. | Firebound realm: elder confronts cosmic force,True,False,clean
multi_region__131_item23_v0200fg10000d7aut1nog65ukovqfgsg__clean_0002_000056000_000064000,vlm_multitype,multi_region,131,synthetic,portrait,404,720,81,25.0,3.24,2,en,Man fires machine gun at giant monster. | Giant monster attacked by truck crew.,True,False,clean
multi_region__132_item55_v0d00fg10000d7o2tbvog65maedd7k10__clean_0000_000023022_000033034,vlm_multitype,multi_region,132,synthetic,landscape,720,404,81,23.976,3.3783783783783785,3,en,She holds the doll with glowing red eyes. | Red-eyed doll in alleyway. | Girl with red eyes stares intensely.,True,False,clean
multi_region__134_item1_v0200fg10000d4r9e37og65qaasovb80__clean_0001_000019000_000024000,vlm_multitype,multi_region,134,synthetic,landscape,960,544,81,25.0,3.24,2,ja,水がこぼれ落ちる | 水たまりに光が散る,True,False,clean
multi_region__135_item81_v0300fg10000d7g9ntfog65gu7jc3gtg__clean_0000_000016000_000022000,vlm_multitype,multi_region,135,synthetic,portrait,540,960,81,25.0,3.24,3,ja,彼女はキーボードを打つ | オフィスで集中している | 白いブラウスの女性,True,False,clean
multi_region__136_001__clean_0001_000033000_000038000,vlm_multitype,multi_region,136,synthetic,portrait,540,960,81,25.0,3.24,2,ko,그녀가 손을 잡아보는 중 | 운동실에서의 진지한 대화,True,False,clean
multi_region__138_020__clean_0000_000018000_000025000,vlm_multitype,multi_region,138,synthetic,portrait,720,1280,81,25.0,3.24,3,ko,손이 술잔을 들고 있다 | 장면: 술잔을 내려놓는다 | 장소: 고전식 식탁,True,False,clean
multi_region__139_item61_v0300fg10000d5mpao7og65jtedc05g0__clean_0000_000000000_000007000,vlm_multitype,multi_region,139,synthetic,landscape,1280,720,81,25.0,3.24,2,th,พลังมหัศจรรย์แตกออกเป็นรังสีสีม่วงและชมพู | ชายทหารมองหน้าทีมรักษาความปลอดภัย,True,False,clean
multi_region__140_item56_v0200fg10000d77s937og65grbok1ll0__clean_0000_000095000_000100000,vlm_multitype,multi_region,140,synthetic,landscape,720,404,81,25.0,3.24,2,zh,球速惊人，门将措手不及 | 球员怒吼着冲向球门，球已飞入死角 射门爆发时刻,True,False,clean
multi_region__141_018__clean_0000_000054964_000070233,vlm_multitype,multi_region,141,synthetic,portrait,404,720,81,25.0,3.24,3,zh,医护人员紧急赶往现场 | 马场急救准备中 | 白衣人专注检查伤者,True,False,clean
multi_region__143_item72_v0200fg10000d6cjav7og65nuotipcgg__clean_0001_000017000_000022000,vlm_multitype,multi_region,143,synthetic,portrait,540,960,81,25.0,3.24,2,zh,特工持枪警戒，少女被缚 | 武装人员包围少女,True,False,clean
multi_region__145_item35_v0d00fg10000d7ahb0nog65ph0fgvn80__clean_0001_000046000_000052000,vlm_multitype,multi_region,145,synthetic,landscape,960,540,81,25.0,3.24,2,zh,巨人们踏过废墟尘土 | 末日城市中前行,True,False,clean
multi_region__146_046__clean_0000_000062000_000070760,vlm_multitype,multi_region,146,synthetic,portrait,540,960,81,25.0,3.24,2,zh,他凝视前方，神情复杂 | 月夜终幕,True,False,clean
multi_region__147_item6_v0d00fg10000d7sbbq7og65s79u9c4k0__clean_0000_000013000_000019000,vlm_multitype,multi_region,147,synthetic,portrait,720,1280,81,25.0,3.24,3,zh,手握刀具，准备处理活物 | 滴入液体，观察虫体反应 | 荧光显现，线索浮现,True,False,clean
multi_region__148_009__clean_0001_000033000_000039000,vlm_multitype,multi_region,148,synthetic,portrait,720,1280,81,25.0,3.24,2,en,She adjusts the feathered headdress with care. | Attendant styling young girl's hair,True,False,clean
multi_region__149_0021_v0300fg10000culgsjfog65l15766etg__clean_0001_000023000_000028000,vlm_multitype,multi_region,149,synthetic,portrait,720,1280,81,25.0,3.24,2,en,"She watches the soup being poured with quiet attention. | Dinner table, contemplative moment",True,False,clean
multi_region__150_0008_v0300fg10000cqm4q7nog65n4msj68ig__clean_0001_000079000_000084000,vlm_multitype,multi_region,150,synthetic,portrait,404,720,81,25.0,3.24,3,en,"She adjusts her bag with a calm demeanor. | Office interior, woman in purple jacket. | Standing near glass partition, holding handbag.",True,False,clean
multi_region__153_item38_v0300fg10000d3s82nvog65g8agri8l0__clean_0000_000000000_000005000,vlm_multitype,multi_region,153,synthetic,landscape,960,540,81,25.0,3.24,3,zh,紫眸凝视，星芒浮现 | 冥想中，龟载仙人 | 卷轴悬浮，冰海之上,True,False,clean
multi_region__154_item27_v0300fg10000d7itk47og65l0a54nu10__clean_0000_000031000_000037000,vlm_multitype,multi_region,154,synthetic,portrait,540,960,81,25.0,3.24,2,ja,蛇が首を巻きつけて逃げ出す | 蛇の巻きつきに驚く,True,False,clean
multi_region__155_item25_v0d00fg10000d7gaevvog65qkgqosbt0__clean_0000_000004000_000010000,vlm_multitype,multi_region,155,synthetic,portrait,540,960,81,25.0,3.24,2,ja,ありがとう | 港で見つめた,True,False,clean
multi_region__156_item3_v0300fg10000d2b5duvog65j41l4uuvg__clean_0000_000127000_000132000,vlm_multitype,multi_region,156,synthetic,landscape,960,540,81,25.0,3.24,3,ko,빛이 내려오고 있다 | 하늘에서 빛이 내려옴 | 신성한 공간에서 빛이 흐르고 있다,True,False,clean
multi_region__157_item16_v0300fg10000d7u6n37og65jirb1pbm0__clean_0000_000059000_000066200,vlm_multitype,multi_region,157,synthetic,portrait,720,1280,81,25.0,3.24,2,ko,남편이 여자에게 손을 뻗는다 | 그녀의 눈빛에 그는 멈춰 서 있다,True,False,clean
multi_region__158_058__clean_0000_000053000_000062000,vlm_multitype,multi_region,158,synthetic,portrait,720,1280,81,25.0,3.24,2,ko,전기 충격을 받는다 | 몸이 떨어지는 느낌이 들었어,True,False,clean
multi_region__159_item4_v0300fg10000d7a7ugnog65icqs0jkog__clean_0000_000007000_000016000,vlm_multitype,multi_region,159,synthetic,landscape,1280,720,81,25.0,3.24,3,th,เขาพยักหน้าอย่างจริงจัง | ผู้ชายหน้าตาดูดี | ภูมิทัศน์ธรรมชาติภายใต้แสงแดด,True,False,clean
multi_region__160_item76_v0d00fg10000d7d3ih7og65g0n5prc90__clean_0000_000004000_000018000,vlm_multitype,multi_region,160,synthetic,portrait,404,720,81,24.0,3.375,2,zh,仙帝携女登殿，气宇轩昂 | 三界重铸，仙庭启程,True,False,clean
multi_region__161_item11_v0300fg10000d7rvqhnog65uid1s000g__clean_0000_000002000_000010000,vlm_multitype,multi_region,161,synthetic,portrait,404,720,81,25.0,3.24,2,zh,她凝视着柱子，神情专注 | 华丽大厅内烟雾弥漫,True,False,clean
multi_region__164_022__clean_0002_000040000_000045000,vlm_multitype,multi_region,164,synthetic,portrait,540,960,81,25.0,3.24,2,zh,拎着购物袋走出店门 | 轻快步履踏过碎石路,True,False,clean
multi_region__165_item58_v0300fg10000d7jkfe7og65tv2b28bbg__clean_0000_000014000_000028000,vlm_multitype,multi_region,165,synthetic,portrait,540,960,81,25.0,3.24,3,zh,殿下怒斥朝臣不敬 | 殿内剑拔弩张 | 君臣对峙于金殿,True,False,clean
multi_region__166_008-游龙帝尊__clean_0000_000075000_000080000,vlm_multitype,multi_region,166,synthetic,portrait,540,960,81,25.0,3.24,2,zh,他低头看着手中的书 | 教堂前的红车旁,True,False,clean
multi_region__167_item38_v0300fg10000d621of7og65mhh27sdpg__clean_0000_000059058_000064065,vlm_multitype,multi_region,167,synthetic,landscape,1280,720,81,23.976,3.3783783783783785,2,zh,手握红色布料，仰望星空 | 夜色中静立,True,False,clean
multi_region__168_item61_v0d00fg10000d72b0u7og65qe6m13dp0__clean_0002_000081000_000086000,vlm_multitype,multi_region,168,synthetic,portrait,720,1280,81,25.0,3.24,3,en,"Moonlit mountain path, young man in robes | Silent vigil under starry sky | He gazes at the vessel, whispering a name to the wind.",True,False,clean
multi_region__169_006__clean_0002_000125000_000131000,vlm_multitype,multi_region,169,synthetic,portrait,720,1280,81,25.0,3.24,2,en,The procession moves through the palace gates. | Courtiers in formal robes walk in solemn order.,True,False,clean
multi_region__170_item15_v0300fg10000d3uv1rfog65p2j7n0ja0__clean_0000_000000000_000005000,vlm_multitype,multi_region,170,synthetic,landscape,720,404,81,24.0,3.375,2,en,"Old man reads cursed book, eyes glow red. | Smoke and fire fill ruined city street.",True,False,clean
multi_region__171_item27_v0d00fg10000d75oohfog65maef419mg__clean_0001_000035000_000042000,vlm_multitype,multi_region,171,synthetic,landscape,720,404,81,25.0,3.24,3,en,"The commander grips her sword, eyes fixed ahead. | Tactical formation, disciplined soldiers. | Court courtyard, formal assembly",True,False,clean
multi_region__172_044__clean_0000_000060000_000067720,vlm_multitype,multi_region,172,synthetic,portrait,404,720,81,25.0,3.24,2,en,He reviews documents with focused attention. | Design sketch held open on desk.,True,False,clean
multi_region__173_item1_v0d00fg10000d4o50ufog65sn0hagp0g__clean_0000_000055000_000060000,vlm_multitype,multi_region,173,synthetic,landscape,960,540,81,25.0,3.24,2,ja,血の跡が背中を伝う | 戦いの後,True,False,clean
multi_region__174_item79_v0d00fg10000d4f7dgfog65maeaalorg__clean_0000_000010000_000018000,vlm_multitype,multi_region,174,synthetic,landscape,960,542,81,25.0,3.24,3,ja,戦場で死んだ兵士たち | 戦場の残骸 | 白髪の男が光を放つ,True,False,clean
multi_region__175_item44_v0200fg10000cpsicmvog65jfqd839d0__clean_0000_000015000_000020000,vlm_multitype,multi_region,175,synthetic,landscape,960,540,81,25.0,3.24,2,ja,「頑張る！」 | 都市ドライブ,True,False,clean
multi_region__176_005__clean_0000_000000000_000005000,vlm_multitype,multi_region,176,synthetic,portrait,540,960,81,25.0,3.24,2,ko,그녀는 아기를 안고 있다 | 고개를 숙인 남자가 있다,True,False,clean
multi_region__177_009__clean_0002_000083992_000089992,vlm_multitype,multi_region,177,synthetic,portrait,720,1280,81,25.0,3.24,3,ko,그가 피를 빼는 듯한 눈빛으로 바라보는다 | 흰 셔츠 남자가 담배를 피우고 있다 | 어두운 옷을 입은 남자가 옆에 서 있다,True,False,clean
multi_region__179_item50_v0d00fg10000d733kcfog65kl219jo2g__clean_0000_000003000_000011000,vlm_multitype,multi_region,179,synthetic,landscape,1280,720,81,25.0,3.24,2,th,ผู้ชายในชุดดำต่อสู้กับผู้หญิงในชุดขาว | การต่อสู้บนยอดเขา,True,False,clean
multi_region__180_item54_v0200fg10000d7h3fifog65khohr5450__clean_0001_000011000_000017000,vlm_multitype,multi_region,180,synthetic,portrait,404,720,81,25.0,3.24,3,zh,先生，文件请签收。 | 商务洽谈中 | 高层客厅,True,False,clean
multi_region__182_000025__clean_0000_000062000_000070000,vlm_multitype,multi_region,182,synthetic,portrait,404,720,81,25.0,3.24,2,zh,他伸腿，她微笑 | 卧室·暧昧对视,True,False,clean
multi_region__186_046__clean_0004_000095000_000103400,vlm_multitype,multi_region,186,synthetic,portrait,540,960,81,25.0,3.24,3,zh,他轻抚她的发丝，眼神温柔 | 亲密对视，氛围暧昧 | 室内暖光下，两人相拥,True,False,clean
multi_region__187_item36_v0d00fg10000d7i8i37og65uugm982c0__clean_0000_000037000_000042000,vlm_multitype,multi_region,187,synthetic,portrait,720,1280,81,25.0,3.24,2,zh,笔尖轻落，墨香氤氲 | 静心临帖，古韵悠然,True,False,clean
multi_region__188_item56_v0300fg10000d679csvog65s7mk9lp7g__clean_0000_000049000_000054000,vlm_multitype,multi_region,188,synthetic,landscape,1280,720,81,25.0,3.24,2,en,The sky cracks as the phoenix descends. | Battle begins in the arena.,True,False,clean
multi_region__189_010__clean_0003_000084000_000089000,vlm_multitype,multi_region,189,synthetic,portrait,720,1280,81,25.0,3.24,3,en,"He gently adjusts the veil as she smiles. | Wedding car interior, bride and groom | Bride in gown, groom in formal attire",True,False,clean
multi_region__190_0058_v0d00fg10000cqjg5qfog65um4nf31ug__clean_0000_000088000_000101880,vlm_multitype,multi_region,190,synthetic,portrait,404,720,81,25.0,3.24,2,en,She looks at the photo with a quiet regret. | Room with framed photo and bamboo,True,False,clean
multi_region__191_item36_v0300fg10000d7quchvog65l383407fg__clean_0000_000039000_000049000,vlm_multitype,multi_region,191,synthetic,portrait,404,720,81,25.0,3.24,2,en,"He steps into the lobby, unnoticed by the crowd. | Underground parking lot at night",True,False,clean
multi_region__192_0008_v0d00fg10000cqkt7kvog65miq8j2p6g__clean_0000_000040000_000046000,vlm_multitype,multi_region,192,synthetic,portrait,404,720,81,25.0,3.24,3,en,"She looks thoughtful, dressed in a red feathered dress. | Office meeting in progress, man reviewing documents. | Woman seated, man standing by desk, both focused on work.",True,False,clean
multi_region__194_item10_v0200fg10000d7ob93nog65q2jmat960__clean_0001_000052000_000059000,vlm_multitype,multi_region,194,synthetic,portrait,540,960,81,25.0,3.24,2,zh,老者凝视，神情沉重 | 庭院中，老者与少女对视,True,False,clean
multi_region__195_005__clean_0001_000036000_000041000,vlm_multitype,multi_region,195,synthetic,portrait,540,960,81,25.0,3.24,3,ja,書を読む | 宮廷の座 | 茶を捧げる,True,False,clean
multi_region__197_item53_v0200fg10000d3bk8fnog65h0gjl9egg__clean_0000_000023000_000030000,vlm_multitype,multi_region,197,synthetic,landscape,1280,720,81,25.0,3.24,2,ko,빛나는 검이 공중에 떠 있다 | 검의 끝에서 빛이 흘러나와 있다,True,False,clean
multi_region__199_016__clean_0000_000061000_000066000,vlm_multitype,multi_region,199,synthetic,portrait,720,1280,81,25.0,3.24,2,th,เธอสังเกตเห็นคนที่กำลังเดินผ่านห้อง | ห้องรับแขกที่มีแสงสว่างอบอุ่น,True,False,clean
multi_region__201_item31_v0300fg10000d7fkp6vog65gk7ssq6d0__clean_0000_000021000_000026000,vlm_multitype,multi_region,201,synthetic,landscape,720,308,81,25.0,3.24,3,zh,绿雾弥漫街巷 | 手戴珠串发光 | 雪中女子凝视,True,False,clean
multi_region__202_009_v0300fg10000crhr807og65lbcp2u6b0__clean_0000_000144000_000150000,vlm_multitype,multi_region,202,synthetic,portrait,404,720,81,25.0,3.24,2,zh,他突然停下脚步，表情凝重 | 西装男慌张奔跑，砖块散落,True,False,clean
multi_region__204_item43_v0300fg10000d3uv28nog65klmvf1m7g__clean_0001_000077000_000086000,vlm_multitype,multi_region,204,synthetic,landscape,960,540,81,25.0,3.24,3,zh,门扉开启，幽光流转 | 神秘人物步入空站 | 站台静默，命纹浮现,True,False,clean
multi_region__205_item67_v0d00fg10000d7cstlnog65mae9ie32g__clean_0000_000018000_000023000,vlm_multitype,multi_region,205,synthetic,landscape,960,540,81,25.0,3.24,2,zh,她凝视前方，神情专注 | 山巅冰晶闪烁红光,True,False,clean
multi_region__206_item24_v0d00fg10000d7o9aq7og65lc1a0k070__clean_0000_000022000_000027000,vlm_multitype,multi_region,206,synthetic,portrait,540,960,81,25.0,3.24,2,zh,女子轻抚布袋，神情专注 | 柴房内整理行囊,True,False,clean
multi_region__208_item47_v0d00fg10000d79jarfog65g0n4jkqo0__clean_0000_000061000_000071000,vlm_multitype,multi_region,208,synthetic,portrait,720,1280,81,24.0,3.375,2,en,"She gasps in shock as the arrow flies toward her. | Woman in floral qipao, mid-air, startled",True,False,clean
multi_region__209_item108_v0300fg10000d8aoqbnog65l2s8vcmag__clean_0000_000058000_000065000,vlm_multitype,multi_region,209,synthetic,landscape,1280,720,81,25.0,3.24,2,en,The villagers walk along the dirt path to the fields. | Rural village path with thatched huts and mountains.,True,False,clean
multi_region__211_item81_v0200fg10000d7o874fog65p10be1vig__clean_0001_000021000_000026000,vlm_multitype,multi_region,211,synthetic,portrait,404,720,81,25.0,3.24,2,en,He looks at the children with a heavy heart. | Dinner in rustic kitchen,True,False,clean
multi_region__212_042__clean_0000_000083000_000090500,vlm_multitype,multi_region,212,synthetic,portrait,404,720,81,25.0,3.24,2,en,The dealer reveals the ace of hearts. | Casino table with three aces laid out.,True,False,clean
multi_region__215_item35_v0300fg10000d71t347og65jfqbulcng__clean_0000_000014000_000019000,vlm_multitype,multi_region,215,synthetic,landscape,960,540,81,25.0,3.24,2,ja,馬上に敵が迫る | 城下に立つ,True,False,clean
multi_region__216_item36_v0300fg10000d7ebdnfog65jh01kgpm0__clean_0000_000051000_000060600,vlm_multitype,multi_region,216,synthetic,portrait,540,960,81,25.0,3.24,3,ko,그들은 문을 통과해 들어갔다. | 인원이 많은 집단이 문 앞에 모여 있다. | 먼저 들어가는 사람의 눈빛이 긴장감을 드러낸다.,True,False,clean
multi_region__217_item20_v0200fg10000d7jheqnog65jhh3j3agg__clean_0001_000128000_000133000,vlm_multitype,multi_region,217,synthetic,portrait,720,1280,81,25.0,3.24,2,ko,그의 눈에 빛나는 진정한 웃음 | 왕좌에 앉은 왕,True,False,clean
multi_region__218_item25_v0200fg10000d7g7v5nog65n0fne3iu0__clean_0000_000098000_000104700,vlm_multitype,multi_region,218,synthetic,portrait,720,1280,81,25.0,3.24,2,ko,손끝에 불이 났다 | 사무실에서 휴식,True,False,clean
multi_region__219_item59_v0d00fg10000d72b0qvog65pmc0cluk0__clean_0001_000091000_000097000,vlm_multitype,multi_region,219,synthetic,portrait,720,1280,81,25.0,3.24,3,th,เลือกที่จะยืนอยู่ตรงนี้แม้จะมีเลือดไหลออก | ผู้ชายที่บาดเจ็บแต่ยังยิ้ม | ชายหนุ่มในชุดโบราณอยู่บนหินริมทะเล,True,False,clean
multi_region__220_item15_v0d00fg10000d4f7chfog65p6l5hsgug__clean_0000_000010000_000016000,vlm_multitype,multi_region,220,synthetic,landscape,720,404,81,25.0,3.24,2,zh,地图上标记着敌军动向 | 城门已陷落,True,False,clean
multi_region__222_039__clean_0000_000000000_000009000,vlm_multitype,multi_region,222,synthetic,portrait,404,720,81,25.0,3.24,3,zh,轿车驶过绿野山丘 | 豪华别墅前迎宾 | 宾客步入庭院,True,False,clean
multi_region__223_item38_v0300fg10000d5mp9jfog65k38hhf8g0__clean_0000_000000000_000005000,vlm_multitype,multi_region,223,synthetic,landscape,960,540,81,25.0,3.24,2,zh,盾牌闪耀，准备迎战 | 龙影降临，战士列阵,True,False,clean
multi_region__224_030__clean_0002_000100099_000105106,vlm_multitype,multi_region,224,synthetic,portrait,540,960,81,25.0,3.24,2,zh,掌心光芒流转，法力初成 | 古建前白衣人凝神,True,False,clean
multi_region__225_item25_v0300fg10000d621nqfog65mu0ip62gg__clean_0001_000027000_000035000,vlm_multitype,multi_region,225,synthetic,landscape,960,540,81,24.0,3.375,3,zh,枪口对准前方，警惕戒备 | 追逃中，三人奔跑 | 鬼影现身，街道笼罩阴霾,True,False,clean
multi_region__226_item7_v0d00fg10000d71pq27og65trqcqqjgg__clean_0000_000000000_000005000,vlm_multitype,multi_region,226,synthetic,portrait,540,960,81,25.0,3.24,2,zh,他转身，她却没回头。 | 走廊尽头，阳光斜照。,True,False,clean
multi_region__227_item39_v0d00fg10000d7c5u7fog65mjt2eobng__clean_0000_000049000_000055000,vlm_multitype,multi_region,227,synthetic,landscape,1280,548,81,25.0,3.24,2,zh,他凝神注视着地上的阵法 | 静立于古宅内,True,False,clean
multi_region__228_item50_v0300fg10000d7h1punog65jfqb8t0jg__clean_0001_000082000_000091000,vlm_multitype,multi_region,228,synthetic,portrait,720,1280,81,24.0,3.375,3,en,"She reads the scroll with focused attention. | Courtly gathering, formal attire. | Imperial court, solemn atmosphere.",True,False,clean
multi_region__230_011__clean_0000_000178000_000184000,vlm_multitype,multi_region,230,synthetic,portrait,404,720,81,25.0,3.24,2,en,She checks her phone while walking down the street. | She glances at the screen as pedestrians hurry past.,True,False,clean
multi_region__231_0006_v0200fg10000ct9i62fog65gosuopmdg__clean_0000_000100000_000108000,vlm_multitype,multi_region,231,synthetic,portrait,404,720,81,25.0,3.24,3,en,"The young girl looks up with curious eyes. | Live dating event, child's presence reveals status. | Dressy woman stands beside child, calm demeanor.",True,False,clean
multi_region__233_item74_v0200fg10000d7jnk6vog65kfhv6cpmg__clean_0000_000000000_000006000,vlm_multitype,multi_region,233,synthetic,portrait,540,960,81,24.0,3.375,2,ja,彼女に手を差し伸べる | 車から降りる,True,False,clean
multi_region__235_072__clean_0001_000033000_000041000,vlm_multitype,multi_region,235,synthetic,portrait,540,960,81,25.0,3.24,2,ja,眠る少女の姿 | 寝室で眠る,True,False,clean
multi_region__237_000_v0300fg10000crsiievog65t447309j0__clean_0000_000121000_000136000,vlm_multitype,multi_region,237,synthetic,portrait,720,1280,81,25.0,3.24,3,ko,그가 긴장해 보인다. | 호텔 복도에 서 있다. | 복도를 따라 걷는다.,True,False,clean
multi_region__238_073__clean_0002_000098000_000105000,vlm_multitype,multi_region,238,synthetic,portrait,720,1280,81,25.0,3.24,2,ko,그녀는 옷을 꼭 쥐고 있다 | 침실에서 누워 있는 그녀,True,False,clean
multi_region__239_item7_v0300fg10000d7rvqbfog65s0sr5lejg__clean_0001_000020000_000029000,vlm_multitype,multi_region,239,synthetic,portrait,720,1280,81,25.0,3.24,2,th,เธอจิบข้าวอย่างเงียบๆ ขณะมองลงที่จาน | โรงอาหาร นักเรียนกำลังรับประทานอาหาร,True,False,clean
multi_region__240_item53_v0300fg10000d2b5elfog65oap93n1ng__clean_0000_000053000_000059000,vlm_multitype,multi_region,240,synthetic,landscape,720,404,81,25.0,3.24,3,zh,将军，此弓可助你一臂之力 | 城门前对峙 | 少女试弓,True,False,clean
multi_region__241_item10_v0300fg10000d6jcg7fog65qnv7ghmo0__clean_0002_000048000_000054000,vlm_multitype,multi_region,241,synthetic,landscape,720,404,81,25.0,3.24,2,zh,我命由我不由天 | 天界对峙,True,False,clean
multi_region__242_item42_v0300fg10000d5do61nog65qd8jimong__clean_0000_000004000_000011000,vlm_multitype,multi_region,242,synthetic,landscape,720,404,81,25.0,3.24,2,zh,观众席静默等待开场 | 擂台中央神将亮相,True,False,clean
multi_region__244_028__clean_0000_000051000_000058000,vlm_multitype,multi_region,244,synthetic,portrait,540,960,81,25.0,3.24,2,zh,他轻声问：你可还饿？ | 递饼人,True,False,clean
multi_region__245_006__clean_0000_000068000_000074000,vlm_multitype,multi_region,245,synthetic,portrait,540,960,81,25.0,3.24,2,zh,姑娘轻抚发间珠饰 | 古风庭院·静谧对视,True,False,clean
multi_region__246_item48_v0200fg10000cpsicpvog65vbtdejmt0__clean_0000_000061000_000071000,vlm_multitype,multi_region,246,synthetic,landscape,960,540,81,25.0,3.24,3,zh,士兵怒吼着抓住对方衣领 | 激烈搏斗现场 | 砖墙角落冲突,True,False,clean
multi_region__248_024__clean_0000_000014000_000032000,vlm_multitype,multi_region,248,synthetic,portrait,720,1280,81,25.0,3.24,2,en,"She walks along the path toward the water. | Near the riverbank, a woman walks away.",True,False,clean
multi_region__249_064__clean_0001_000081000_000088840,vlm_multitype,multi_region,249,synthetic,portrait,720,1280,81,25.0,3.24,3,en,"He gently holds her hand, smiling softly. | Formal attire, tender moment | Indoor, seated, intimate interaction",True,False,clean
multi_region__251_item52_v0300fg10000d6tvo4fog65hv7fll0pg__clean_0000_000094000_000101000,vlm_multitype,multi_region,251,synthetic,portrait,404,720,81,24.0,3.375,2,en,She peeks from the carriage with a curious gaze. | A woman in ancient attire observes from a carriage.,True,False,clean
multi_region__252_item25_v0300fg10000d5ae5e7og65taljhiv90__clean_0000_000020000_000029000,vlm_multitype,multi_region,252,synthetic,landscape,720,404,81,25.0,3.24,3,en,"He claps his hands in a formal gesture. | Office interior, modern glass window. | Glass shatters as he stands by the window.",True,False,clean
multi_region__253_034__clean_0000_000095000_000104000,vlm_multitype,multi_region,253,synthetic,portrait,540,960,81,25.0,3.24,2,ja,掃除員が廊下を歩く | 制服の女性が真剣に見つめる,True,False,clean
multi_region__254_item28_v0300fg10000d87vvqfog65i9os2h1sg__clean_0000_000038000_000046000,vlm_multitype,multi_region,254,synthetic,portrait,540,960,81,25.0,3.24,2,ja,夜の豪邸でパーティーが開かれる | プールサイドで笑い合う群衆,True,False,clean
multi_region__258_item12_v0d00fg10000d6sb8g7og65sn0ghkr4g__clean_0002_000051000_000056000,vlm_multitype,multi_region,258,synthetic,portrait,720,1280,81,24.0,3.375,3,ko,목재를 싣고 있는 트럭 앞에 서 있다 | 먼지 날리는 땅 위에 트럭이 정지 | 흰머리 남자가 담배를 피우고 있다,True,False,clean
multi_region__260_item35_v0300fg10000d7935e7og65pkempb0j0__clean_0002_000060000_000066000,vlm_multitype,multi_region,260,synthetic,portrait,404,720,81,25.0,3.24,2,zh,光柱倾泻，涅槃之门开启 | 火纹石门，孤影迎光,True,False,clean
multi_region__261_item48_v0d00fg10000d4f7d0vog65maeaalk40__clean_0000_000006000_000011000,vlm_multitype,multi_region,261,synthetic,landscape,720,404,81,25.0,3.24,3,zh,狼群围攻，月光下杀意汹涌 | 月夜对峙，白衣人持剑 | 血色月光，狼群扑杀,True,False,clean
multi_region__262_item35_v0300fg10000d3s82mfog65hmobc9cg0__clean_0000_000102000_000114733,vlm_multitype,multi_region,262,synthetic,landscape,720,404,81,25.0,3.24,2,zh,她闭目凝神，莲花绽放 | 天穹雷电交加,True,False,clean
multi_region__263_010__clean_0002_000083000_000088000,vlm_multitype,multi_region,263,synthetic,portrait,540,960,81,25.0,3.24,2,zh,她轻抚袖口，似在沉思 | 庭院中静立的贵妇,True,False,clean
multi_region__264_item58_v0300fg10000d5mpajfog65l0a71dcf0__clean_0000_000009000_000017000,vlm_multitype,multi_region,264,synthetic,landscape,960,540,81,25.0,3.24,3,zh,龙王降临，吞噬进化 | 龙与猛犸象对峙 | 未来都市街道,True,False,clean
multi_region__265_item32_v0200fg10000d7mvm6fog65ng6oviko0__clean_0000_000110000_000119000,vlm_multitype,multi_region,265,synthetic,portrait,540,960,81,25.0,3.24,2,zh,老者凝视远方，神情肃穆 | 剑指天穹，众目睽睽,True,False,clean
multi_region__266_008__clean_0000_000038000_000043000,vlm_multitype,multi_region,266,synthetic,portrait,540,960,81,25.0,3.24,2,zh,女士们正在查看红色文件夹 | 室内优雅社交场合,True,False,clean
multi_region__267_item43_v0300fg10000d621omvog65t0lqgdt40__clean_0001_000064000_000070000,vlm_multitype,multi_region,267,synthetic,landscape,1280,720,81,24.0,3.375,3,zh,她笑着看向同伴 | 沙漠黄昏三人行 | 肌肉男握紧绳索,True,False,clean
multi_region__268_item2_v0300fg10000d5mp5cnog65vs5s18qb0__clean_0000_000078000_000085000,vlm_multitype,multi_region,268,synthetic,landscape,1280,720,81,25.0,3.24,2,en,The snake glows with blue energy as it transforms. | Forest path at twilight,True,False,clean
multi_region__269_item53_v0d00fg10000d7jogpvog65g2jr77jj0__clean_0001_000079000_000085000,vlm_multitype,multi_region,269,synthetic,portrait,720,1280,81,25.0,3.24,2,en,"The team stands alert, weapons ready. | Night guard at luxury car entrance.",True,False,clean
multi_region__271_item68_v0200fg10000d8050nfog65mc5o2s9r0__clean_0000_000010000_000017000,vlm_multitype,multi_region,271,synthetic,portrait,404,720,81,25.0,3.24,2,en,"The man looks at his phone, then at the others. | Office meeting with three men in work uniforms.",True,False,clean
multi_region__272_item3_v0d00fg10000d753o6fog65iud1k7fh0__clean_0001_000034000_000040000,vlm_multitype,multi_region,272,synthetic,landscape,720,404,81,25.0,3.24,2,en,Eagle flies through mist with snake in talons. | Misty forest encounter,True,False,clean
multi_region__273_item22_v0d00fg10000d794ajfog65g2jvm1b30__clean_0000_000035000_000048000,vlm_multitype,multi_region,273,synthetic,landscape,960,540,81,25.0,3.24,3,ja,馬に手を伸ばす男 | 戦士が驚く | 石庭で馬と対峙,True,False,clean
multi_region__275_item27_v0300fg10000d7llbc7og65va9vqum8g__clean_0000_000059000_000068000,vlm_multitype,multi_region,275,synthetic,portrait,540,960,81,24.0,3.375,2,ja,奏摂を捧げた | 朝中が静寂に,True,False,clean
multi_region__276_item91_v0d00fg10000d5mpdo7og65vk01665l0__clean_0000_000030000_000036000,vlm_multitype,multi_region,276,synthetic,landscape,960,540,81,25.0,3.24,3,ko,무기와 대포가 빛나는 군사대 | 전투 준비 중 | 도시 방어선 위,True,False,clean
multi_region__277_item29_v0300fg10000d7hi1dnog65s0ul37l8g__clean_0000_000054000_000060000,vlm_multitype,multi_region,277,synthetic,portrait,720,1280,81,25.0,3.24,2,ko,어선 해상에서 어업 중 | 바다 표면에 물결이 생김,True,False,clean
multi_region__278_item28_v0300fg10000d701ku7og65hs3tv8kbg__clean_0000_000036000_000049000,vlm_multitype,multi_region,278,synthetic,portrait,720,1280,81,25.0,3.24,2,ko,그녀의 눈물이 그를 보았다 | 그녀의 손끝이 그의 옐로우를 만지며 말했다,True,False,clean
multi_region__279_item60_v0300fg10000d7nflr7og65l0a5rvhlg__clean_0000_000000000_000005000,vlm_multitype,multi_region,279,synthetic,portrait,720,1280,81,25.0,3.24,3,th,เขาต้องระวังตัวเพราะมีศัตรูอยู่ใกล้ | ทหารสองคนหลบซ่อนในถ้ำ | ภูเขาหินสูงใหญ่และมีลมพัดแรง,True,False,clean
multi_region__280_034__clean_0000_000010000_000017000,vlm_multitype,multi_region,280,synthetic,portrait,404,720,81,25.0,3.24,2,zh,她递出礼盒，神情凝重。 | 卧室里，他静读文件。,True,False,clean
multi_region__281_011__clean_0001_000045000_000054000,vlm_multitype,multi_region,281,synthetic,portrait,404,720,81,25.0,3.24,2,zh,新娘轻掩面庞，微笑含羞 | 户外婚礼现场,True,False,clean
multi_region__283_item64_v0200fg10000d6ukl6nog65hp18enf50__clean_0000_000019000_000026000,vlm_multitype,multi_region,283,synthetic,landscape,960,540,81,25.0,3.24,2,zh,黑衣人护送伤者穿门而入 | 血染废殿火光映面,True,False,clean
multi_region__284_005__clean_0002_000058000_000063000,vlm_multitype,multi_region,284,synthetic,portrait,540,960,81,25.0,3.24,2,zh,你的眼神让我无法移开 | 亲密对视,True,False,clean
multi_region__286_item36_v0300fg10000d710k47og65kgo4h80g0__clean_0002_000051000_000059000,vlm_multitype,multi_region,286,synthetic,portrait,540,960,81,25.0,3.24,2,zh,她轻抬眸，似有心事 | 茶香袅袅，静待倾诉,True,False,clean
multi_region__287_item3_v0300fg10000d7jqu0nog65gk7rfmrb0__clean_0000_000004000_000012000,vlm_multitype,multi_region,287,synthetic,landscape,1280,720,81,25.0,3.24,2,zh,她盯着手机，心跳加速。 | 机甲蓄势待发。,True,False,clean
multi_region__288_item19_v0d00fg10000d4o528nog65maecpuppg__clean_0000_000059000_000064000,vlm_multitype,multi_region,288,synthetic,landscape,1280,720,81,25.0,3.24,3,en,The monster leaps through the ruined town. | Skull-faced creature looms over victim. | Girl cries as shadowy figure approaches.,True,False,clean
multi_region__289_044__clean_0000_000045000_000050000,vlm_multitype,multi_region,289,synthetic,portrait,720,1280,81,25.0,3.24,2,en,"He leans in, eyes soft with affection. | Intimate moment in modern office",True,False,clean
multi_region__290_item55_v0300fg10000d85vhvnog65l386u8t90__clean_0000_000063000_000071000,vlm_multitype,multi_region,290,synthetic,landscape,720,404,81,25.0,3.24,2,en,"The team stands ready, weapons drawn. | Arena: Tactical showdown",True,False,clean
multi_region__292_item6_v0d00fg10000d75mknnog65t4lasrek0__clean_0002_000088000_000094767,vlm_multitype,multi_region,292,synthetic,portrait,404,720,81,25.0,3.24,2,en,"She adjusts her robe, gazing thoughtfully at the room. | Court chamber, evening",True,False,clean
multi_region__294_0044_v0300fg10000cq7jua7og65moohc1qg0__clean_0000_000038000_000043000,vlm_multitype,multi_region,294,synthetic,portrait,540,960,81,25.0,3.24,3,zh,大伯 | 汚れた服の男 | 華麗なドレスの女,True,False,clean
multi_region__295_item27_v0d00fg10000d7ku9v7og65ukkrvasag__clean_0000_000019000_000025000,vlm_multitype,multi_region,295,synthetic,portrait,540,960,81,25.0,3.24,2,ja,「これ、どうする？」 | 緊張した顔,True,False,clean
multi_region__296_item7_v0300fg10000d79saqnog65p3mfh3fs0__clean_0000_000080000_000085000,vlm_multitype,multi_region,296,synthetic,portrait,540,960,81,25.0,3.24,2,ko,그녀가 빨간 빵을 내려준다 | 외부에서의 만남,True,False,clean
multi_region__298_item35_v0300fg10000d6sdvinog65n9u18v0a0__clean_0000_000037000_000043000,vlm_multitype,multi_region,298,synthetic,landscape,1280,720,81,25.0,3.24,2,ko,신선들이 무릎을 꿇고 기도한다 | 하늘의 은총을 받으라,True,False,clean
multi_region__299_002__clean_0003_000068000_000073000,vlm_multitype,multi_region,299,synthetic,portrait,720,1280,81,25.0,3.24,2,th,เธอจ้องมองเขาอย่างมีความหมาย | เขาจับเข็มขัดเสื้ออย่างช้าๆ,True,False,clean
persistent_watermark__001_item15_v0d00fg10000cuum2vfog65jeia826cg__clean_0000_000054000_000061000,vlm_multitype,persistent_watermark,1,synthetic,landscape,720,404,81,24.0,3.375,1,zh,献祭证道我为神王,True,False,clean
persistent_watermark__002_078__clean_0000_000017000_000022000,vlm_multitype,persistent_watermark,2,synthetic,portrait,404,720,81,25.0,3.24,1,en,Night Drive,True,False,clean
persistent_watermark__004_item38_v0300fg10000d7iaf37og65ouqin6c1g__clean_0000_000062000_000068120,vlm_multitype,persistent_watermark,4,synthetic,portrait,540,960,81,25.0,3.24,1,zh,报告！新夫人是香软小蛋糕,True,False,clean
persistent_watermark__006_item129_v0200fg10000d08gv27og65sc471b4p0__clean_0000_000043000_000048000,vlm_multitype,persistent_watermark,6,synthetic,landscape,960,540,81,25.0,3.24,2,zh,献祭证道我为神王 | 神王降临众神跪拜,True,False,clean
persistent_watermark__007_015__clean_0001_000056000_000061000,vlm_multitype,persistent_watermark,7,synthetic,portrait,720,1280,81,25.0,3.24,1,en,Survival in the Wild,True,False,clean
persistent_watermark__008_069__clean_0000_000043000_000048000,vlm_multitype,persistent_watermark,8,synthetic,portrait,720,1280,81,25.0,3.24,1,zh,温馨时光,True,False,clean
persistent_watermark__010_item41_v0d00fg10000d7mbqlnog65uugnl1ek0__clean_0002_000143000_000149000,vlm_multitype,persistent_watermark,10,synthetic,portrait,404,720,81,25.0,3.24,1,en,Apocalypse Drift,True,False,clean
persistent_watermark__012_item35_v0d00fg10000d7i8i1nog65qe6jdno4g__clean_0000_000020000_000041000,vlm_multitype,persistent_watermark,12,synthetic,portrait,404,720,81,25.0,3.24,2,en,Time flows gently | Quiet night sleep,True,False,clean
persistent_watermark__013_item11_v0d00fg10000d5do0unog65sn0j9ge0g__clean_0000_000035000_000040000,vlm_multitype,persistent_watermark,13,synthetic,landscape,960,540,81,25.0,3.24,1,zh,气运擂台,True,False,clean
persistent_watermark__014_item82_v0d00fg10000d7a6mfnog65g0n4p8uj0__clean_0000_000012000_000027000,vlm_multitype,persistent_watermark,14,synthetic,portrait,540,960,81,25.0,3.24,1,zh,嫡女惊华：侯门姐弟不好惹,True,False,clean
persistent_watermark__015_item13_v0200fg10000d716sv7og65qd2qvlhvg__clean_0000_000003000_000008000,vlm_multitype,persistent_watermark,15,synthetic,portrait,540,960,81,24.0,3.375,2,en,Devilish Life | CHANNEL,True,False,clean
persistent_watermark__016_item31_v0200fg10000d8aok07og65j87v3fgtg__clean_0000_000021000_000027000,vlm_multitype,persistent_watermark,16,synthetic,landscape,960,540,81,25.0,3.24,1,zh,荒年农家有商城,True,False,clean
persistent_watermark__017_item1_v0300fg10000d859qc7og65juj072eq0__clean_0001_000053000_000058000,vlm_multitype,persistent_watermark,17,synthetic,portrait,720,1280,81,25.0,3.24,1,en,"Reborn 80, Warm Bed",True,False,clean
persistent_watermark__018_017__clean_0000_000089000_000102867,vlm_multitype,persistent_watermark,18,synthetic,portrait,720,1280,81,25.0,3.24,2,zh,优雅绅士 | 精致穿搭,True,False,clean
persistent_watermark__021_004__clean_0000_000051000_000056000,vlm_multitype,persistent_watermark,21,synthetic,portrait,404,720,81,25.0,3.24,2,zh,紫藤花下骑马 | 哥哥好看吗,True,False,clean
persistent_watermark__022_item61_v0200fg10000d7kucavog65rcbvfatc0__clean_0000_000068000_000075000,vlm_multitype,persistent_watermark,22,synthetic,portrait,404,720,81,24.0,3.375,1,en,Divine War God Husband,True,False,clean
persistent_watermark__023_031__clean_0000_000053052_000067068,vlm_multitype,persistent_watermark,23,synthetic,portrait,540,960,81,25.0,3.24,1,zh,烛影摇红,True,False,clean
persistent_watermark__025_item75_v0200fg10000d6sbccvog65qaarlp2qg__clean_0003_000080000_000086500,vlm_multitype,persistent_watermark,25,synthetic,portrait,540,960,81,24.0,3.375,1,en,Tree-Cutting Legend,True,False,clean
persistent_watermark__028_item23_v0300fg10000d6jcgrnog65hmobvimqg__clean_0000_000025000_000030000,vlm_multitype,persistent_watermark,28,synthetic,landscape,1280,720,81,25.0,3.24,1,zh,斩仙台我命由我不由天,True,False,clean
persistent_watermark__029_item77_v0300fg10000d70mp7vog65rrs9t0gt0__clean_0000_000000000_000023000,vlm_multitype,persistent_watermark,29,synthetic,portrait,720,1280,81,25.0,3.24,1,zh,凤还巢：世子妃权倾天下,True,False,clean
persistent_watermark__031_item11_v0200fg10000d7oac7nog65pbk74fpag__clean_0000_000058000_000063000,vlm_multitype,persistent_watermark,31,synthetic,portrait,404,720,81,25.0,3.24,1,zh,至尊出山,True,False,clean
persistent_watermark__032_048__clean_0000_000086000_000092000,vlm_multitype,persistent_watermark,32,synthetic,portrait,404,720,81,25.0,3.24,1,en,Dinner Date,True,False,clean
persistent_watermark__033_item4_v0d00fg10000d7dkda7og65qe6hrqg90__clean_0000_000006000_000012000,vlm_multitype,persistent_watermark,33,synthetic,landscape,960,540,81,25.0,3.24,2,zh,超市通异界修真倒卖 | 异界倒卖超市日常,True,False,clean
persistent_watermark__035_item21_v0300fg10000d2b5e6vog65t9s4pvjeg__clean_0000_000026000_000055000,vlm_multitype,persistent_watermark,35,synthetic,landscape,960,540,81,25.0,3.24,1,en,Golden Aura Over City,True,False,clean
persistent_watermark__036_item54_v0300fg10000d5mpad7og65hb26ili1g__clean_0000_000049000_000055000,vlm_multitype,persistent_watermark,36,synthetic,landscape,960,540,81,25.0,3.24,2,zh,从赖皮蛇开始吞噬进化 | 门后暗影悄然逼近,True,False,clean
persistent_watermark__037_item60_v0300fg10000d3uv2gnog65i2rnv2f40__clean_0000_000022000_000027000,vlm_multitype,persistent_watermark,37,synthetic,landscape,1280,720,81,25.0,3.24,1,en,Strange Fate,True,False,clean
persistent_watermark__038_item63_v0200fg10000d6ukl57og65kfhp7b2vg__clean_0000_000039000_000053733,vlm_multitype,persistent_watermark,38,synthetic,landscape,1280,720,81,25.0,3.24,1,zh,莲骨焚心,True,False,clean
persistent_watermark__039_item5_v0300fg10000d7gtg97og65hmoeth740__clean_0002_000030000_000035000,vlm_multitype,persistent_watermark,39,synthetic,portrait,720,1280,81,25.0,3.24,2,zh,拾得一城暖阳 | 暖阳诊疗室,True,False,clean
persistent_watermark__042_item67_v0300fg10000d7d6jvvog65l0a4d9qfg__clean_0000_000077000_000088000,vlm_multitype,persistent_watermark,42,synthetic,landscape,720,308,81,25.0,3.24,2,en,Feng Shui Master S2 | Riders through snow,True,False,clean
persistent_watermark__043_item34_v0300fg10000d775fuvog65u5m5klmmg__clean_0000_000000000_000006000,vlm_multitype,persistent_watermark,43,synthetic,portrait,540,960,81,25.0,3.24,1,zh,说好对半分两百万分我十万,True,False,clean
persistent_watermark__045_0008_v0d00fg10000cql1bl7og65j1nvqdf4g__clean_0000_000114000_000121000,vlm_multitype,persistent_watermark,45,synthetic,portrait,540,960,81,25.0,3.24,2,en,Broken Bones | Dress Code: Silver,True,False,clean
persistent_watermark__046_007__clean_0001_000069000_000074000,vlm_multitype,persistent_watermark,46,synthetic,portrait,540,960,81,25.0,3.24,1,zh,牌局进行中,True,False,clean
persistent_watermark__050_item40_v0d00fg10000d6u11vnog65mmbt10rf0__clean_0001_000027000_000033000,vlm_multitype,persistent_watermark,50,synthetic,landscape,720,404,81,25.0,3.24,1,en,Sinful Wife's Iron Bond,True,False,clean
persistent_watermark__051_item16_v0300fg10000d5do3rfog65t05l83n60__clean_0000_000000000_000019000,vlm_multitype,persistent_watermark,51,synthetic,landscape,720,404,81,25.0,3.24,2,zh,气运擂台·神力觉醒 | 华夏神威震撼全球,True,False,clean
persistent_watermark__052_item40_v0300fg10000d7f06jnog65t9ibn3ij0__clean_0000_000020000_000025000,vlm_multitype,persistent_watermark,52,synthetic,portrait,404,720,81,25.0,3.24,1,en,Cold Path to New Life,True,False,clean
persistent_watermark__053_item7_v0300fg10000d7g6tpfog65l0a11pv3g__clean_0001_000065000_000071000,vlm_multitype,persistent_watermark,53,synthetic,portrait,540,960,81,25.0,3.24,1,zh,嫁傻不嫁渣,True,False,clean
persistent_watermark__054_073__clean_0000_000018000_000023000,vlm_multitype,persistent_watermark,54,synthetic,portrait,540,960,81,25.0,3.24,2,zh,小厨娘的日常 | 味蕾探索记,True,False,clean
persistent_watermark__055_item28_v0300fg10000d838b17og65i9oq1pk30__clean_0000_000041000_000046000,vlm_multitype,persistent_watermark,55,synthetic,portrait,540,960,81,24.0,3.375,1,en,From Prison to Crown,True,False,clean
persistent_watermark__056_0005_v0300fg10000ct8pcifog65jg3ghej4g__clean_0002_000113000_000119000,vlm_multitype,persistent_watermark,56,synthetic,portrait,540,960,81,25.0,3.24,1,zh,从此山水不相逢,True,False,clean
persistent_watermark__059_item6_v0300fg10000d824cvnog65juj0odjc0__clean_0000_000032000_000037000,vlm_multitype,persistent_watermark,59,synthetic,portrait,720,1280,81,25.0,3.24,1,zh,无声的偏爱,True,False,clean
persistent_watermark__060_item85_v0d00fg10000d7l4mlvog65qe6kcq5v0__clean_0001_000029000_000035000,vlm_multitype,persistent_watermark,60,synthetic,portrait,404,720,81,25.0,3.24,2,en,White Lotus Daughter | Royal Court Drama,True,False,clean
persistent_watermark__063_0008_v0d00fg10000ct6pcffog65s2d70oudg__clean_0000_000096000_000102000,vlm_multitype,persistent_watermark,63,synthetic,portrait,540,960,81,25.0,3.24,2,zh,诀别当天高冷女神 | 后悔惨了,True,False,clean
persistent_watermark__064_item20_v0200fg10000d72asqnog65kh888gfl0__clean_0003_000060000_000065000,vlm_multitype,persistent_watermark,64,synthetic,portrait,540,960,81,25.0,3.24,1,zh,诡鼎道仙,True,False,clean
persistent_watermark__068_item14_v0300fg10000d5ae4svog65g6f4k94ig__clean_0000_000003000_000015000,vlm_multitype,persistent_watermark,68,synthetic,landscape,1280,720,81,25.0,3.24,1,zh,全民氪命同寿,True,False,clean
persistent_watermark__069_item44_v0300fg10000d621oofog65k2tdq5ve0__clean_0001_000087000_000093333,vlm_multitype,persistent_watermark,69,synthetic,landscape,1280,720,81,24.0,3.375,2,zh,公路求生：三轮车升级 | 有诡来了,True,False,clean
persistent_watermark__070_054__clean_0001_000055000_000065467,vlm_multitype,persistent_watermark,70,synthetic,portrait,404,720,81,25.0,3.24,1,en,Elegant Arrival,True,False,clean
persistent_watermark__071_item34_v0300fg10000d3ota9nog65u5la6ntv0__clean_0000_000024000_000029000,vlm_multitype,persistent_watermark,71,synthetic,landscape,720,404,81,25.0,3.24,1,zh,地狱模式第几关,True,False,clean
persistent_watermark__072_item35_v0200fg10000d7s9pbvog65s7t60ufig__clean_0001_000050000_000055000,vlm_multitype,persistent_watermark,72,synthetic,portrait,404,720,81,25.0,3.24,2,en,First Divine Oracle | Traditional Ceremony,True,False,clean
persistent_watermark__073_item39_v0300fg10000d6r6evfog65vue0r5ofg__clean_0000_000000000_000006000,vlm_multitype,persistent_watermark,73,synthetic,portrait,540,960,81,25.0,3.24,1,zh,安居一隅如月昭昭,True,False,clean
persistent_watermark__074_item3_v0300fg10000d7ccds7og65gk7vrjr60__clean_0000_000052000_000059000,vlm_multitype,persistent_watermark,74,synthetic,portrait,540,960,81,25.0,3.24,1,zh,说好开店五五分,True,False,clean
persistent_watermark__076_item27_v0200fg10000d8ap617og65ob1n5ugk0__clean_0001_000081000_000086000,vlm_multitype,persistent_watermark,76,synthetic,landscape,960,540,81,25.0,3.24,1,zh,荒年农家兑换商城,True,False,clean
persistent_watermark__077_item39_v0d00fg10000d32i69vog65hlscs11k0__clean_0001_000055000_000060000,vlm_multitype,persistent_watermark,77,synthetic,landscape,1280,720,81,25.0,3.24,1,en,Titan Era: I Awakened,True,False,clean
persistent_watermark__078_009__clean_0000_000002000_000007000,vlm_multitype,persistent_watermark,78,synthetic,portrait,720,1280,81,25.0,3.24,2,zh,病房静候 | 呼吸辅助,True,False,clean
persistent_watermark__079_item4_v0300fg10000d8ann7fog65l383h1co0__clean_0001_000101000_000106400,vlm_multitype,persistent_watermark,79,synthetic,landscape,1280,720,81,25.0,3.24,1,zh,荒年农家兑换商城,True,False,clean
persistent_watermark__080_item44_v0d00fg10000d776ruvog65mjt0qg540__clean_0000_000015000_000025000,vlm_multitype,persistent_watermark,80,synthetic,portrait,404,720,81,25.0,3.24,1,en,Mature Awakening,True,False,clean
persistent_watermark__082_item59_v0d00fg10000d6sg82vog65sn0gjlht0__clean_0002_000049000_000055000,vlm_multitype,persistent_watermark,82,synthetic,landscape,720,308,81,25.0,3.24,1,en,Feng Shui Master,True,False,clean
persistent_watermark__083_008__clean_0002_000102000_000107000,vlm_multitype,persistent_watermark,83,synthetic,portrait,540,960,81,25.0,3.24,1,zh,什么,True,False,clean
persistent_watermark__084_item30_v0300fg10000d7vhalfog65jird3dojg__clean_0001_000042000_000047000,vlm_multitype,persistent_watermark,84,synthetic,portrait,552,960,81,25.0,3.24,2,zh,1975追妻真人AI版 | 老屋门前迎新岁,True,False,clean
persistent_watermark__085_066__clean_0001_000059000_000065920,vlm_multitype,persistent_watermark,85,synthetic,portrait,540,960,81,25.0,3.24,1,en,Driver in car,True,False,clean
persistent_watermark__086_033__clean_0002_000079000_000085000,vlm_multitype,persistent_watermark,86,synthetic,portrait,540,960,81,25.0,3.24,1,zh,疲惫的午后,True,False,clean
persistent_watermark__088_item53_v0d00fg10000d7teitnog65rdciu2ch0__clean_0000_000069000_000074080,vlm_multitype,persistent_watermark,88,synthetic,portrait,720,1280,81,25.0,3.24,1,zh,上海滩风云,True,False,clean
persistent_watermark__089_item33_v0300fg10000d7g9jtfog65gu7jbp19g__clean_0000_000030000_000035000,vlm_multitype,persistent_watermark,89,synthetic,portrait,720,1280,81,25.0,3.24,1,zh,剩女闪婚契约老公,True,False,clean
persistent_watermark__090_072__clean_0000_000031000_000036000,vlm_multitype,persistent_watermark,90,synthetic,portrait,404,720,81,25.0,3.24,2,en,Clothing Shop Try-On | Style Selection Corner,True,False,clean
persistent_watermark__091_047__clean_0000_000008000_000014000,vlm_multitype,persistent_watermark,91,synthetic,portrait,404,720,81,25.0,3.24,1,zh,手铐血迹现场,True,False,clean
persistent_watermark__093_item45_v0300fg10000d621opvog65rrs9g0760__clean_0000_000003000_000010000,vlm_multitype,persistent_watermark,93,synthetic,landscape,960,540,81,24.0,3.375,2,zh,公路求生：三轮车升级 | 沙漠求生：蝎子危机,True,False,clean
persistent_watermark__094_item75_v0300fg10000d712cnfog65kgo4kqig0__clean_0002_000096000_000101750,vlm_multitype,persistent_watermark,94,synthetic,portrait,540,960,81,24.0,3.375,1,zh,凤云传奇之醒掌天下权,True,False,clean
persistent_watermark__097_item48_v0300fg10000d7ncb3fog65k1ldkdpp0__clean_0000_000054000_000063375,vlm_multitype,persistent_watermark,97,synthetic,portrait,720,1280,81,24.0,3.375,1,en,Green Hairpin Secrets,True,False,clean
persistent_watermark__098_item17_v0d00fg10000d791a4fog65g0n4elfa0__clean_0000_000010000_000022000,vlm_multitype,persistent_watermark,98,synthetic,portrait,720,1280,81,25.0,3.24,1,zh,嫡女惊华杀手覆侯门,True,False,clean
persistent_watermark__100_item43_v0200fg10000d4r9g47og65lp2fjkpq0__clean_0000_000027000_000032000,vlm_multitype,persistent_watermark,100,synthetic,landscape,720,404,81,25.0,3.24,1,en,My Antique Husband,True,False,clean
persistent_watermark__101_item50_v0200fg10000ctp12tvog65gvs6ptuv0__clean_0000_000044000_000050000,vlm_multitype,persistent_watermark,101,synthetic,landscape,720,404,81,24.0,3.375,1,zh,我在末日当僵尸,True,False,clean
persistent_watermark__102_item2_v0300fg10000d7gdrvfog65pn0mu2af0__clean_0000_000027000_000032000,vlm_multitype,persistent_watermark,102,synthetic,portrait,404,720,81,25.0,3.24,2,en,Six Palms Break Old Dust | Gentle Hands,True,False,clean
persistent_watermark__105_item11_v0200fg10000d7u7shnog65j87pop6s0__clean_0000_000035000_000043000,vlm_multitype,persistent_watermark,105,synthetic,portrait,540,960,81,24.0,3.375,2,en,From Prison to Legend | Healing Touch,True,False,clean
persistent_watermark__107_002__clean_0002_000146000_000152000,vlm_multitype,persistent_watermark,107,synthetic,portrait,720,1280,81,25.0,3.24,1,en,Sales Consultation,True,False,clean
persistent_watermark__108_item44_v0d00fg10000d79ubjfog65qe6gkk7o0__clean_0000_000003000_000008000,vlm_multitype,persistent_watermark,108,synthetic,landscape,1280,720,81,25.0,3.24,2,zh,不疯不活 | 雪村烟火,True,False,clean
persistent_watermark__109_003__clean_0000_000006000_000011000,vlm_multitype,persistent_watermark,109,synthetic,portrait,720,1280,81,25.0,3.24,1,zh,云裳仙缘,True,False,clean
persistent_watermark__110_056__clean_0000_000072000_000077000,vlm_multitype,persistent_watermark,110,synthetic,portrait,404,720,81,25.0,3.24,1,en,Court Lady,True,False,clean
persistent_watermark__111_item55_v0300fg10000d3uv2efog65n3m8pcb00__clean_0000_000058000_000063000,vlm_multitype,persistent_watermark,111,synthetic,landscape,720,404,81,25.0,3.24,2,zh,诡异命纹：开局铭刻十大阎罗 | 直升机夜航,True,False,clean
persistent_watermark__114_item52_v0200fg10000d6sbbafog65jks302nvg__clean_0000_000028000_000033000,vlm_multitype,persistent_watermark,114,synthetic,portrait,540,960,81,24.0,3.375,2,zh,砍树成神 | 狼语者,True,False,clean
persistent_watermark__115_item31_v0d00fg10000d7nnhhnog65uugg7d260__clean_0000_000050000_000055000,vlm_multitype,persistent_watermark,115,synthetic,portrait,540,960,81,25.0,3.24,1,en,Five Thousand Rent,True,False,clean
persistent_watermark__116_item15_v0300fg10000d7hhnrvog65hmofvqvc0__clean_0000_000000000_000005000,vlm_multitype,persistent_watermark,116,synthetic,portrait,540,960,81,25.0,3.24,1,zh,窥心不负君,True,False,clean
persistent_watermark__117_item2_v0300fg10000d7fknunog65jh03r7dkg__clean_0003_000137000_000142000,vlm_multitype,persistent_watermark,117,synthetic,landscape,1280,548,81,25.0,3.24,2,en,Feng Shui Master S2 | Forest Deer Encounter,True,False,clean
persistent_watermark__118_item29_v0300fg10000d3s82jnog65rqv8f77q0__clean_0000_000000000_000006000,vlm_multitype,persistent_watermark,118,synthetic,landscape,1280,720,81,25.0,3.24,1,zh,离婚分修为，我成大帝你哭什么,True,False,clean
persistent_watermark__119_038__clean_0000_000018000_000031000,vlm_multitype,persistent_watermark,119,synthetic,portrait,720,1280,81,25.0,3.24,1,zh,轻食时光,True,False,clean
persistent_watermark__120_item69_v0200fg10000d7nfmonog65j7mkhak4g__clean_0000_000007000_000012000,vlm_multitype,persistent_watermark,120,synthetic,portrait,404,720,81,25.0,3.24,2,en,Rebirth Hunt | STREAM,True,False,clean
persistent_watermark__121_item14_v0300fg10000d72fspnog65k2hu70as0__clean_0000_000000000_000013000,vlm_multitype,persistent_watermark,121,synthetic,portrait,404,720,81,25.0,3.24,1,zh,嫡女惊华契约夫君不好惹,True,False,clean
persistent_watermark__122_item15_v0d00fg10000d7ngf0nog65tndvnead0__clean_0000_000020000_000025000,vlm_multitype,persistent_watermark,122,synthetic,portrait,404,720,81,24.0,3.375,1,en,Dragon Kiss,True,False,clean
persistent_watermark__123_item38_v0d00fg10000d7css8vog65i33kh5gbg__clean_0000_000018000_000023000,vlm_multitype,persistent_watermark,123,synthetic,landscape,960,540,81,25.0,3.24,2,zh,超市通异界 | 修真倒卖记,True,False,clean
persistent_watermark__125_003_v0d00fg10000csm6a8fog65s3ese3b0g__clean_0001_000101000_000106000,vlm_multitype,persistent_watermark,125,synthetic,portrait,540,960,81,25.0,3.24,1,en,STREAM,True,False,clean
persistent_watermark__126_item23_v0200fg10000d7nh9bnog65hkal8eo20__clean_0000_000000000_000006000,vlm_multitype,persistent_watermark,126,synthetic,portrait,540,960,81,25.0,3.24,2,zh,月薪十万的杀猪婆 | 反派的妈,True,False,clean
persistent_watermark__127_item36_v0300fg10000d7vhaunog65jmm5s2e00__clean_0000_000071000_000079333,vlm_multitype,persistent_watermark,127,synthetic,portrait,736,1280,81,25.0,3.24,1,en,1975: AI,True,False,clean
persistent_watermark__128_item37_v0300fg10000d7hi1pvog65t9i841ki0__clean_0001_000065000_000070900,vlm_multitype,persistent_watermark,128,synthetic,portrait,720,1280,81,25.0,3.24,1,zh,渔王狂飙,True,False,clean
persistent_watermark__129_item34_v0200fg10000d76uiivog65kh896e1rg__clean_0001_000050000_000055533,vlm_multitype,persistent_watermark,129,synthetic,portrait,720,1280,81,25.0,3.24,2,zh,外卖箱里的王座 | 职场暗流涌动,True,False,clean
persistent_watermark__130_item24_v0300fg10000d5do4gvog65hbrs0nh40__clean_0001_000046000_000051000,vlm_multitype,persistent_watermark,130,synthetic,landscape,720,404,81,25.0,3.24,1,en,Gods Shocked by Fate,True,False,clean
persistent_watermark__135_item3_v0d00fg10000d7919enog65mae89tahg__clean_0000_000048000_000053000,vlm_multitype,persistent_watermark,135,synthetic,portrait,540,960,81,25.0,3.24,2,en,Duchess Shock | Silent Drama,True,False,clean
persistent_watermark__138_item70_v0d00fg10000d7cstqfog65g2jot932g__clean_0002_000090000_000095000,vlm_multitype,persistent_watermark,138,synthetic,landscape,1280,720,81,25.0,3.24,2,zh,超市通异界 | 倒卖修真界,True,False,clean
persistent_watermark__139_item18_v0d00fg10000d7o9agnog65k1ml5f5l0__clean_0000_000035000_000043000,vlm_multitype,persistent_watermark,139,synthetic,portrait,720,1280,81,25.0,3.24,1,zh,怪力丫鬟俏侯爷,True,False,clean
persistent_watermark__140_item44_v0200fg10000d7kto1vog65jhh58moc0__clean_0000_000072000_000084000,vlm_multitype,persistent_watermark,140,synthetic,portrait,404,720,81,24.0,3.375,1,en,Swap Arranged Marriage,True,False,clean
persistent_watermark__141_item78_v0300fg10000d7frsvvog65gi3lrnmvg__clean_0000_000042000_000047000,vlm_multitype,persistent_watermark,141,synthetic,portrait,404,720,81,25.0,3.24,2,zh,后妈驾到 | 继子们没招了,True,False,clean
persistent_watermark__142_item16_v0200fg10000d7stcivog65nvrj2h0qg__clean_0000_000015000_000022000,vlm_multitype,persistent_watermark,142,synthetic,portrait,404,720,81,25.0,3.24,1,en,Survival in Wild,True,False,clean
persistent_watermark__143_002__clean_0000_000212000_000219000,vlm_multitype,persistent_watermark,143,synthetic,portrait,540,960,81,25.0,3.24,1,zh,车内静思,True,False,clean
persistent_watermark__144_038__clean_0000_000000000_000005000,vlm_multitype,persistent_watermark,144,synthetic,portrait,540,960,81,25.0,3.24,2,zh,静夜思 | 小憩时光,True,False,clean
persistent_watermark__145_item59_v0300fg10000d7d6jjfog65v0av85cng__clean_0001_000024000_000029000,vlm_multitype,persistent_watermark,145,synthetic,landscape,960,412,81,25.0,3.24,1,en,Feng Shui Master S2,True,False,clean
persistent_watermark__146_item14_v0d00fg10000d83jmifog65lc180nd4g__clean_0000_000002000_000013000,vlm_multitype,persistent_watermark,146,synthetic,landscape,960,540,81,25.0,3.24,1,zh,婉弈传,True,False,clean
persistent_watermark__147_item38_v0300fg10000d7h3egnog65ouqh3q5dg__clean_0001_000052000_000057000,vlm_multitype,persistent_watermark,147,synthetic,portrait,720,1280,81,25.0,3.24,2,en,Cracks in the Starlight | Evening Routine,True,False,clean
persistent_watermark__149_item61_v0300fg10000d7i7qn7og65k38ms3nj0__clean_0000_000000000_000008000,vlm_multitype,persistent_watermark,149,synthetic,portrait,720,1280,81,24.0,3.375,1,zh,长白山兽医,True,False,clean
persistent_watermark__150_item8_v0d00fg10000d32i5rfog65ntf8f2mvg__clean_0000_000069000_000078000,vlm_multitype,persistent_watermark,150,synthetic,landscape,720,404,81,25.0,3.24,2,en,Titan Era: I Awakened | Ten Fates,True,False,clean
persistent_watermark__151_item39_v0d00fg10000d72aumnog65kl21062u0__clean_0002_000143000_000148000,vlm_multitype,persistent_watermark,151,synthetic,portrait,404,720,81,25.0,3.24,1,zh,诡鼎道仙,True,False,clean
persistent_watermark__152_item49_v0300fg10000d841t4vog65lhplrh5qg__clean_0000_000051000_000057000,vlm_multitype,persistent_watermark,152,synthetic,landscape,720,404,81,25.0,3.24,1,en,Fen Shan,True,False,clean
persistent_watermark__153_000_v0300fg10000d0jdv37og65ohuugags0__clean_0001_000034000_000039000,vlm_multitype,persistent_watermark,153,synthetic,portrait,540,960,81,25.0,3.24,2,zh,惊吓瞬间 | 情绪风暴,True,False,clean
persistent_watermark__154_item13_v0d00fg10000d7csr27og65i33kh50fg__clean_0000_000035000_000044000,vlm_multitype,persistent_watermark,154,synthetic,landscape,960,540,81,25.0,3.24,1,zh,超市通异界，我在修真各界搞倒卖,True,False,clean
persistent_watermark__155_item48_v0d00fg10000d7g8497og65maeam23g0__clean_0000_000000000_000005000,vlm_multitype,persistent_watermark,155,synthetic,portrait,540,960,81,25.0,3.24,1,en,Back to 1985,True,False,clean
persistent_watermark__156_item33_v0300fg10000d7d6iafog65t9i9474tg__clean_0000_000006000_000011000,vlm_multitype,persistent_watermark,156,synthetic,landscape,960,412,81,25.0,3.24,2,zh,风水天师第二季 | 军装军官读信,True,False,clean
persistent_watermark__157_item52_v0d00fg10000d32i6g7og65uq66v41f0__clean_0000_000065000_000076000,vlm_multitype,persistent_watermark,157,synthetic,landscape,1280,720,81,25.0,3.24,1,en,Titan Era: I Awakened,True,False,clean
persistent_watermark__158_item33_v0d00fg10000d82nb8fog65lc1ffo46g__clean_0000_000000000_000006000,vlm_multitype,persistent_watermark,158,synthetic,portrait,720,1280,81,25.0,3.24,1,zh,重生70我当家,True,False,clean
persistent_watermark__159_003__clean_0000_000032000_000038000,vlm_multitype,persistent_watermark,159,synthetic,portrait,720,1280,81,25.0,3.24,2,zh,茶香时光 | 暖意相伴,True,False,clean
persistent_watermark__160_item35_v0200fg10000d7bl18nog65t38nml4h0__clean_0000_000041000_000047000,vlm_multitype,persistent_watermark,160,synthetic,portrait,404,720,81,24.0,3.375,1,en,After divorce,True,False,clean
persistent_watermark__161_item6_v0200fg10000d4r9eavog65stkpgr0b0__clean_0000_000092000_000098000,vlm_multitype,persistent_watermark,161,synthetic,landscape,720,408,81,25.0,3.24,1,zh,我的古董夫君,True,False,clean
persistent_watermark__162_item47_v0300fg10000d7g5km7og65gi3m8cjs0__clean_0001_000052000_000058000,vlm_multitype,persistent_watermark,162,synthetic,portrait,404,720,81,25.0,3.24,2,en,Cooking Together | LIVE,True,False,clean
persistent_watermark__164_item16_v0200fg10000d7s9of7og65vpli8l750__clean_0000_000044000_000059000,vlm_multitype,persistent_watermark,164,synthetic,portrait,540,960,81,25.0,3.24,1,zh,第一神相,True,False,clean
persistent_watermark__166_item7_v0300fg10000d7h1nnvog65un02a97ag__clean_0001_000055000_000062000,vlm_multitype,persistent_watermark,166,synthetic,portrait,540,960,81,24.0,3.375,1,zh,神医不营业女帝硬上门,True,False,clean
persistent_watermark__167_item46_v0300fg10000d7gdk8vog65l0a1hi9j0__clean_0001_000062000_000068000,vlm_multitype,persistent_watermark,167,synthetic,portrait,720,1280,81,24.0,3.375,1,en,My Dad is the Emperor,True,False,clean
persistent_watermark__168_item21_v0300fg10000d7fkomvog65k38imuae0__clean_0000_000083000_000093000,vlm_multitype,persistent_watermark,168,synthetic,landscape,1280,548,81,25.0,3.24,2,zh,风水天师第二季 | 城市夜景,True,False,clean
persistent_watermark__169_item24_v0200fg10000d3or1qnog65ksd7ast1g__clean_0000_000008000_000013000,vlm_multitype,persistent_watermark,169,synthetic,landscape,1280,720,81,25.0,3.24,1,zh,开局卖妻？我靠现代知识统一天下,True,False,clean
persistent_watermark__170_item13_v0300fg10000d7jp497og65t9ibbqts0__clean_0000_000032000_000042000,vlm_multitype,persistent_watermark,170,synthetic,portrait,404,720,81,24.0,3.375,1,en,Mom's Quiet Strength,True,False,clean
persistent_watermark__172_item11_v0200fg10000d7q8gufog65nlp5kvsj0__clean_0000_000042000_000047000,vlm_multitype,persistent_watermark,172,synthetic,portrait,404,720,81,25.0,3.24,1,en,Chef in countryside,True,False,clean
persistent_watermark__173_item15_v0d00fg10000d7l0l6fog65n8roiaa0g__clean_0000_000000000_000006000,vlm_multitype,persistent_watermark,173,synthetic,portrait,540,960,81,25.0,3.24,1,zh,私车公用被举报,True,False,clean
persistent_watermark__174_item17_v0d00fg10000d7i6nrfog65maebbfmn0__clean_0002_000027000_000035000,vlm_multitype,persistent_watermark,174,synthetic,portrait,540,960,81,25.0,3.24,2,zh,捞个皇上得个太子 | 剧名：捞个皇上得个太子,True,False,clean
persistent_watermark__175_item4_v0d00fg10000d7k5ue7og65g2jrakvvg__clean_0001_000014000_000020000,vlm_multitype,persistent_watermark,175,synthetic,landscape,960,540,81,25.0,3.24,1,en,Servant Disciple,True,False,clean
persistent_watermark__176_item13_v0300fg10000d7f058vog65kgo1mr0bg__clean_0000_000038000_000048800,vlm_multitype,persistent_watermark,176,synthetic,portrait,540,960,81,25.0,3.24,1,zh,寒途向新生,True,False,clean
persistent_watermark__177_065__clean_0000_000015000_000021000,vlm_multitype,persistent_watermark,177,synthetic,portrait,720,1280,81,25.0,3.24,2,en,Nighttime Embrace | Blue Light Moment,True,False,clean
persistent_watermark__178_item28_v0300fg10000d7gdt7vog65vue0n09k0__clean_0000_000000000_000010000,vlm_multitype,persistent_watermark,178,synthetic,portrait,720,1280,81,25.0,3.24,1,zh,六掌断旧尘,True,False,clean
persistent_watermark__179_002_v0d00fg10000d0l91onog65ge6vbbu9g__clean_0002_000086000_000091000,vlm_multitype,persistent_watermark,179,synthetic,portrait,720,1280,81,25.0,3.24,1,zh,家有好戏,True,False,clean
persistent_watermark__180_0004_v0300fg10000ct8knf7og65jg3gbrp60__clean_0006_000190000_000195400,vlm_multitype,persistent_watermark,180,synthetic,portrait,404,720,81,25.0,3.24,2,en,Love Gone | Still Standing,True,False,clean
persistent_watermark__181_item88_v0d00fg10000d7a6mp7og65g0n4p91ug__clean_0000_000025000_000034000,vlm_multitype,persistent_watermark,181,synthetic,portrait,404,720,81,25.0,3.24,1,zh,嫡女惊华,True,False,clean
persistent_watermark__182_item54_v0300fg10000d7f0lunog65v0apse6qg__clean_0001_000041000_000047000,vlm_multitype,persistent_watermark,182,synthetic,portrait,404,720,81,24.0,3.375,1,en,Blow-up System Start,True,False,clean
persistent_watermark__183_item78_v0d00fg10000d7d3ik7og65uugki75q0__clean_0002_000070000_000075000,vlm_multitype,persistent_watermark,183,synthetic,portrait,540,960,81,25.0,3.24,2,zh,捡闺女后废仙帝 | 重塑三界,True,False,clean
persistent_watermark__184_item20_v0300fg10000d7ccemnog65phqo5pfbg__clean_0000_000000000_000008000,vlm_multitype,persistent_watermark,184,synthetic,portrait,540,960,81,25.0,3.24,1,zh,说好开店五五分,True,False,clean
persistent_watermark__185_item23_v0200fg10000d7uul8vog65qnog6uqeg__clean_0000_000000000_000008000,vlm_multitype,persistent_watermark,185,synthetic,portrait,540,960,81,25.0,3.24,1,en,The Regretful Return,True,False,clean
persistent_watermark__186_item47_v0300fg10000d7kajn7og65vue6rkoh0__clean_0001_000027000_000032000,vlm_multitype,persistent_watermark,186,synthetic,portrait,540,960,81,25.0,3.24,2,zh,七零打猎 | 叼烟老汉,True,False,clean
persistent_watermark__188_item43_v0200fg10000d73bb0fog65uk4ib9dc0__clean_0000_000023000_000039000,vlm_multitype,persistent_watermark,188,synthetic,portrait,720,1280,81,25.0,3.24,1,zh,不败狂龙师姐别追了,True,False,clean
persistent_watermark__189_item21_v0300fg10000d7g9ja7og65s0uiu8010__clean_0000_000029000_000035000,vlm_multitype,persistent_watermark,189,synthetic,portrait,720,1280,81,25.0,3.24,2,zh,剩女闪婚豪门继承人 | 闪婚豪门住我家,True,False,clean
persistent_watermark__190_item56_v0200fg10000d68pklvog65lnt2fqod0__clean_0000_000000000_000005000,vlm_multitype,persistent_watermark,190,synthetic,landscape,720,404,81,24.0,3.375,1,en,Operation Delta,True,False,clean
persistent_watermark__191_item1_v0300fg10000d7rvq2fog65o3l5l02bg__clean_0000_000000000_000008000,vlm_multitype,persistent_watermark,191,synthetic,portrait,404,720,81,25.0,3.24,1,zh,观星少女,True,False,clean
persistent_watermark__192_item43_v0300fg10000d86gubnog65i9oom4en0__clean_0000_000000000_000006000,vlm_multitype,persistent_watermark,192,synthetic,portrait,404,720,81,25.0,3.24,2,en,"Wind Rises, Gate Opens | Men Walk Together",True,False,clean
persistent_watermark__193_item23_v0300fg10000d7gdt07og65gu7jllgtg__clean_0000_000000000_000011000,vlm_multitype,persistent_watermark,193,synthetic,portrait,540,960,81,25.0,3.24,1,zh,六掌断旧尘,True,False,clean
persistent_watermark__194_item14_v0d00fg10000d7a8gtfog65mae8lagb0__clean_0001_000094000_000099000,vlm_multitype,persistent_watermark,194,synthetic,portrait,540,960,81,25.0,3.24,1,zh,岁岁驾到,True,False,clean
persistent_watermark__197_0009__clean_0000_000008000_000013000,vlm_multitype,persistent_watermark,197,synthetic,portrait,720,1280,81,25.0,3.24,1,en,test7,True,False,clean
persistent_watermark__199_item76_v0d00fg10000d701imfog65has41077g__clean_0000_000036000_000054000,vlm_multitype,persistent_watermark,199,synthetic,landscape,1280,720,81,25.0,3.24,1,zh,月薪三千造母舰,True,False,clean
persistent_watermark__200_item44_v0200fg10000d7ku5afog65rhmdnm5tg__clean_0000_000059000_000070120,vlm_multitype,persistent_watermark,200,synthetic,portrait,404,720,81,25.0,3.24,1,en,Village Matriarch,True,False,clean
persistent_watermark__201_057__clean_0000_000004000_000020000,vlm_multitype,persistent_watermark,201,synthetic,portrait,404,720,81,25.0,3.24,2,zh,车窗旁的温柔凝视 | 车外的轻笑相伴,True,False,clean
persistent_watermark__202_item20_v0d00fg10000d7d3fq7og65qe6hml82g__clean_0000_000054000_000060000,vlm_multitype,persistent_watermark,202,synthetic,portrait,404,720,81,24.0,3.375,1,en,Reborn Emperor,True,False,clean
persistent_watermark__203_005__clean_0001_000032000_000041000,vlm_multitype,persistent_watermark,203,synthetic,portrait,540,960,81,25.0,3.24,1,zh,妈妈哄睡孩子,True,False,clean
persistent_watermark__204_item50_v0300fg10000d7snrpvog65n1ue2rbjg__clean_0001_000021000_000026000,vlm_multitype,persistent_watermark,204,synthetic,portrait,550,960,81,25.0,3.24,2,zh,拔了唢呐后全村哭瞎了 | 火光映泪痕,True,False,clean
persistent_watermark__205_0003__clean_0002_000034000_000039000,vlm_multitype,persistent_watermark,205,synthetic,portrait,540,960,81,25.0,3.24,1,en,test7,True,False,clean
persistent_watermark__206_item2_v0300fg10000d6knmtfog65n9u77t7fg__clean_0000_000035000_000041000,vlm_multitype,persistent_watermark,206,synthetic,landscape,960,540,81,24.0,3.375,1,zh,气运三角洲,True,False,clean
persistent_watermark__207_item27_v0200fg10000d7bl0snog65vkqtjdjfg__clean_0000_000055000_000067000,vlm_multitype,persistent_watermark,207,synthetic,portrait,720,1280,81,24.0,3.375,2,en,King's Rage | Dragon Lord,True,False,clean
persistent_watermark__208_006_v0d00fg10000d0lejnfog65ta74mjlug__clean_0001_000091000_000098000,vlm_multitype,persistent_watermark,208,synthetic,portrait,720,1280,81,25.0,3.24,1,zh,古筝雅韵,True,False,clean
persistent_watermark__209_item27_v0200fg10000d7aage7og65hkaid2n6g__clean_0000_000046000_000053000,vlm_multitype,persistent_watermark,209,synthetic,landscape,1280,720,81,25.0,3.24,1,zh,女帝妹妹早产了,True,False,clean
persistent_watermark__211_0001_v0200fg10000ct6lkn7og65non3g2lvg__clean_0000_000000000_000006000,vlm_multitype,persistent_watermark,211,synthetic,portrait,404,720,81,25.0,3.24,1,zh,八年错付一朝觉醒后,True,False,clean
persistent_watermark__212_item23_v0d00fg10000d5d7h9fog65r6vbilgq0__clean_0000_000061000_000066000,vlm_multitype,persistent_watermark,212,synthetic,portrait,404,720,81,25.0,3.24,1,en,Twin Serpents,True,False,clean
persistent_watermark__213_item89_v0200fg10000d7h3h8fog65khohr8kug__clean_0002_000053000_000059000,vlm_multitype,persistent_watermark,213,synthetic,portrait,540,960,81,25.0,3.24,2,zh,裂痕中的星光 | 病房静默时刻,True,False,clean
persistent_watermark__214_item39_v0d00fg10000d847hs7og65hur8n9bvg__clean_0001_000055000_000061000,vlm_multitype,persistent_watermark,214,synthetic,landscape,960,540,81,25.0,3.24,1,zh,SSS天骄卧底记,True,False,clean
persistent_watermark__215_item46_v0300fg10000d621orfog65u1ls45bc0__clean_0002_000080000_000085000,vlm_multitype,persistent_watermark,215,synthetic,landscape,960,540,81,24.0,3.375,1,en,Road Survival,True,False,clean
persistent_watermark__216_item30_v0200fg10000d804gl7og65ro38b0lp0__clean_0000_000056000_000069000,vlm_multitype,persistent_watermark,216,synthetic,portrait,540,960,81,25.0,3.24,2,zh,重生80热炕头 | 雪地劈柴声,True,False,clean
persistent_watermark__218_item34_v0200fg10000cuumo6vog65pnmn74m2g__clean_0000_000089000_000094000,vlm_multitype,persistent_watermark,218,synthetic,landscape,1280,718,81,24.0,3.375,1,zh,献祭证道我为神王,True,False,clean
persistent_watermark__219_item54_v0300fg10000d5ae6sfog65g7dulbic0__clean_0000_000026000_000032000,vlm_multitype,persistent_watermark,219,synthetic,landscape,1280,720,81,25.0,3.24,2,zh,全民氪命同寿 | 婚礼现场,True,False,clean
persistent_watermark__220_item88_v0200fg10000d7f0nnnog65vngd9vle0__clean_0000_000004000_000010000,vlm_multitype,persistent_watermark,220,synthetic,portrait,404,720,81,24.0,3.375,1,en,Blow-up System Start,True,False,clean
persistent_watermark__221_item33_v0300fg10000d621o77og65lerohi7og__clean_0001_000054053_000059060,vlm_multitype,persistent_watermark,221,synthetic,landscape,720,404,81,23.976,3.3783783783783785,1,zh,公路求生：从三轮车升级到移动城市,True,False,clean
persistent_watermark__222_item59_v0300fg10000d710l8fog65jfqacejl0__clean_0000_000000000_000006000,vlm_multitype,persistent_watermark,222,synthetic,portrait,404,720,81,25.0,3.24,2,en,Duchess Shock | Crying Woman,True,False,clean
persistent_watermark__223_item2_v0200fg10000d7hku9fog65n0fic56vg__clean_0001_000036000_000041000,vlm_multitype,persistent_watermark,223,synthetic,portrait,540,960,81,25.0,3.24,1,zh,钓个王爷我竟成了皇后,True,False,clean
persistent_watermark__224_item14_v0300fg10000d7gdsi7og65jh058cvog__clean_0000_000010000_000015000,vlm_multitype,persistent_watermark,224,synthetic,portrait,540,960,81,25.0,3.24,1,zh,六掌断旧尘,True,False,clean
persistent_watermark__227_item36_v0300fg10000d7jnhgfog65kgo19do30__clean_0000_000004000_000010000,vlm_multitype,persistent_watermark,227,synthetic,portrait,720,1280,81,25.0,3.24,1,en,Ten Pounds Pork,True,False,clean
persistent_watermark__231_item90_v0d00fg10000d5mpdmfog65m6o4ob2a0__clean_0000_000039000_000045000,vlm_multitype,persistent_watermark,231,synthetic,landscape,720,404,81,25.0,3.24,2,zh,从赖皮蛇开始吞噬进化 | 吞噬进化中,True,False,clean
persistent_watermark__232_item44_v0300fg10000d7u723vog65i6i8cj4k0__clean_0000_000007000_000012000,vlm_multitype,persistent_watermark,232,synthetic,portrait,404,720,81,25.0,3.24,1,en,Raging Dragon at Sea,True,False,clean
persistent_watermark__233_item38_v0200fg10000ctluh67og65mseq1ugpg__clean_0000_000000000_000006000,vlm_multitype,persistent_watermark,233,synthetic,landscape,960,540,81,24.0,3.375,1,zh,我在末日当僵尸,True,False,clean
persistent_watermark__234_item6_v0300fg10000d7mb2n7og65k38mq3d8g__clean_0002_000168000_000173700,vlm_multitype,persistent_watermark,234,synthetic,landscape,960,540,81,25.0,3.24,2,zh,我真不是大佬啊 | 水印测试,True,False,clean
persistent_watermark__236_item10_v0200fg10000d804fmvog65ro38askeg__clean_0000_000013000_000019000,vlm_multitype,persistent_watermark,236,synthetic,portrait,540,960,81,25.0,3.24,1,zh,重生80热炕头,True,False,clean
persistent_watermark__239_item35_v0300fg10000d7nhfjnog65pkem7pohg__clean_0000_000070000_000077000,vlm_multitype,persistent_watermark,239,synthetic,portrait,720,1280,81,24.0,3.375,1,zh,刚拿下百亿大单,True,False,clean
persistent_watermark__240_item15_v0d00fg10000d7u707fog65p575egpb0__clean_0000_000023000_000028000,vlm_multitype,persistent_watermark,240,synthetic,portrait,404,720,81,25.0,3.24,2,en,Angry Sea Dragon | Office Meeting,True,False,clean
persistent_watermark__242_item15_v0300fg10000d7nhejvog65surmgmtu0__clean_0000_000069000_000077000,vlm_multitype,persistent_watermark,242,synthetic,portrait,404,720,81,24.0,3.375,1,en,Billion-Dollar Deal,True,False,clean
persistent_watermark__246_item10_v0300fg10000d7qslsfog65t0sle96lg__clean_0000_000007000_000019000,vlm_multitype,persistent_watermark,246,synthetic,portrait,540,960,81,25.0,3.24,2,zh,之别与奶茶 | 街角等车,True,False,clean
persistent_watermark__247_028__clean_0000_000000000_000006000,vlm_multitype,persistent_watermark,247,synthetic,portrait,720,1280,81,25.0,3.24,1,en,Cooking Demo,True,False,clean
persistent_watermark__248_046__clean_0000_000036000_000041000,vlm_multitype,persistent_watermark,248,synthetic,portrait,720,1280,81,25.0,3.24,1,zh,车中相依,True,False,clean
persistent_watermark__250_0002_v0300fg10000ct7cr2vog65sgn6apv9g__clean_0000_000085000_000090000,vlm_multitype,persistent_watermark,250,synthetic,portrait,404,720,81,25.0,3.24,1,en,Marry me,True,False,clean
persistent_watermark__251_item12_v0300fg10000d7qrv7nog65t0slcrpm0__clean_0000_000067000_000074000,vlm_multitype,persistent_watermark,251,synthetic,portrait,404,720,81,25.0,3.24,1,zh,无敌皇子,True,False,clean
persistent_watermark__252_item15_v0300fg10000d7evs57og65kgo1lvrvg__clean_0002_000040000_000045033,vlm_multitype,persistent_watermark,252,synthetic,portrait,404,720,81,25.0,3.24,2,en,Awake groom | No alcohol under age,True,False,clean
persistent_watermark__253_item3_v0300fg10000d71svqnog65t9i83fa4g__clean_0000_000010000_000016000,vlm_multitype,persistent_watermark,253,synthetic,landscape,960,540,81,25.0,3.24,1,zh,重生奶娃,True,False,clean
persistent_watermark__254_038__clean_0002_000021000_000026000,vlm_multitype,persistent_watermark,254,synthetic,portrait,540,960,81,25.0,3.24,1,zh,心碎时刻,True,False,clean
persistent_watermark__256_item11_v0200fg10000d737d2fog65vkquutlf0__clean_0000_000021000_000034000,vlm_multitype,persistent_watermark,256,synthetic,portrait,540,960,81,25.0,3.24,1,zh,错嫁屠夫后我成首富,True,False,clean
persistent_watermark__257_item58_v0200fg10000d3efruvog65rcvm80jg0__clean_0000_000087000_000094000,vlm_multitype,persistent_watermark,257,synthetic,portrait,726,1280,81,24.0,3.375,1,en,I Sing to Defeat All,True,False,clean
persistent_watermark__258_item29_v0d00fg10000d7g90snog65g2jq18uhg__clean_0000_000029000_000036000,vlm_multitype,persistent_watermark,258,synthetic,portrait,720,1280,81,25.0,3.24,2,zh,破房的秘密 | 老屋烟雾,True,False,clean
persistent_watermark__259_item39_v0d00fg10000d733jrnog65pmc0m2810__clean_0000_000008000_000017000,vlm_multitype,persistent_watermark,259,synthetic,landscape,1280,720,81,25.0,3.24,1,zh,我在下届战苍穹,True,False,clean
persistent_watermark__260_item36_v0300fg10000d7msh1nog65gk7ppcu90__clean_0000_000032000_000052000,vlm_multitype,persistent_watermark,260,synthetic,landscape,720,404,81,25.0,3.24,1,en,Servant Disciple,True,False,clean
persistent_watermark__261_item46_v0300fg10000d85doefog65jq62738n0__clean_0000_000028000_000034000,vlm_multitype,persistent_watermark,261,synthetic,portrait,404,720,81,25.0,3.24,2,zh,透视：我的双眼能鉴定万物 | 鉴宝现场,True,False,clean
persistent_watermark__262_item31_v0300fg10000d7u9qkvog65jq66do82g__clean_0000_000011000_000018000,vlm_multitype,persistent_watermark,262,synthetic,portrait,404,720,81,25.0,3.24,1,en,Factory closed,True,False,clean
persistent_watermark__264_item55_v0200fg10000d753gcvog65koeufq5j0__clean_0000_000018000_000025000,vlm_multitype,persistent_watermark,264,synthetic,landscape,960,540,81,25.0,3.24,2,zh,我在下届战苍穹 | 战苍穹,True,False,clean
persistent_watermark__267_item34_v0d00fg10000d7mdn9vog65maecolpm0__clean_0000_000040000_000046000,vlm_multitype,persistent_watermark,267,synthetic,portrait,720,1280,81,25.0,3.24,2,en,"Two Lives, One Lifetime | Red Hallway Ceremony",True,False,clean
persistent_watermark__268_item13_v0300fg10000d71t15vog65rrsbqj250__clean_0000_000016000_000026000,vlm_multitype,persistent_watermark,268,synthetic,landscape,1280,720,81,25.0,3.24,1,zh,重生奶娃,True,False,clean
persistent_watermark__270_item21_v0d00fg10000d70m3n7og65ontfbbuvg__clean_0000_000054000_000061000,vlm_multitype,persistent_watermark,270,synthetic,landscape,720,404,81,25.0,3.24,2,en,Poly Treasure Pot | Spirit Root Boss,True,False,clean
persistent_watermark__271_item95_v0200fg10000d08gujfog65mp6gvpvtg__clean_0000_000004000_000009000,vlm_multitype,persistent_watermark,271,synthetic,landscape,720,404,81,25.0,3.24,1,zh,献祭证道我为神王,True,False,clean
persistent_watermark__272_item48_v0200fg10000d6jcke7og65sjr1tt7kg__clean_0000_000007000_000019000,vlm_multitype,persistent_watermark,272,synthetic,landscape,720,404,81,25.0,3.24,1,en,Zhan Xian Tai,True,False,clean
persistent_watermark__274_item43_v0d00fg10000d79ubgnog65mae8j12dg__clean_0000_000000000_000007000,vlm_multitype,persistent_watermark,274,synthetic,landscape,960,540,81,25.0,3.24,1,zh,不疯不活,True,False,clean
persistent_watermark__276_item45_v0d00fg10000d7cssjnog65uugkfh4cg__clean_0000_000019000_000025000,vlm_multitype,persistent_watermark,276,synthetic,landscape,960,540,81,25.0,3.24,2,zh,超市通异界修真倒卖 | 修真界倒卖日常,True,False,clean
persistent_watermark__277_item22_v0200fg10000d7ad4cfog65updi6bigg__clean_0000_000092000_000097000,vlm_multitype,persistent_watermark,277,synthetic,portrait,720,1280,81,25.0,3.24,1,en,A Better Rebirth,True,False,clean
persistent_watermark__280_item33_v0200fg10000d731sovog65q6dbs1v10__clean_0001_000030000_000036000,vlm_multitype,persistent_watermark,280,synthetic,portrait,404,720,81,25.0,3.24,1,en,Ninja Squad,True,False,clean
persistent_watermark__281_item79_v0d00fg10000d701ir7og65sn0houevg__clean_0000_000054000_000062533,vlm_multitype,persistent_watermark,281,synthetic,landscape,720,404,81,25.0,3.24,1,zh,月薪三千造母舰,True,False,clean
persistent_watermark__282_item81_v0300fg10000d6se1qnog65va9o6ikpg__clean_0004_000055000_000060000,vlm_multitype,persistent_watermark,282,synthetic,landscape,720,404,81,25.0,3.24,2,en,Poly Treasure Pot | Ancient Scroll,True,False,clean
persistent_watermark__283_item8_v0300fg10000d7ku9onog65jfq9hhcm0__clean_0000_000004000_000011000,vlm_multitype,persistent_watermark,283,synthetic,portrait,540,960,81,24.0,3.375,1,zh,绝世战神老公,True,False,clean
persistent_watermark__284_006__clean_0000_000032000_000037000,vlm_multitype,persistent_watermark,284,synthetic,portrait,540,960,81,25.0,3.24,1,zh,车旁掌声响起,True,False,clean
persistent_watermark__285_item32_v0300fg10000d7gcifnog65kgo468cl0__clean_0000_000060000_000069000,vlm_multitype,persistent_watermark,285,synthetic,portrait,540,960,81,25.0,3.24,2,en,Broken Fingers | TV,True,False,clean
persistent_watermark__289_item2_v0d00fg10000d7g7q2vog65g2jq0oil0__clean_0000_000134000_000140000,vlm_multitype,persistent_watermark,289,synthetic,portrait,720,1280,81,25.0,3.24,1,zh,重回1985家宴,True,False,clean
persistent_watermark__290_item44_v0200fg10000d7s6qafog65kljutv9lg__clean_0000_000017000_000023000,vlm_multitype,persistent_watermark,290,synthetic,portrait,404,720,81,24.0,3.375,1,en,Knots Cut to God,True,False,clean
persistent_watermark__291_item57_v0300fg10000d7nflmfog65pkem3bfp0__clean_0003_000081000_000087000,vlm_multitype,persistent_watermark,291,synthetic,portrait,404,720,81,25.0,3.24,2,zh,重生打猎：我携妻女逆袭人生 | 食堂里吃饭,True,False,clean
persistent_watermark__293_item53_v0d00fg10000d6sc19vog65mmbsf7sg0__clean_0000_000008000_000018000,vlm_multitype,persistent_watermark,293,synthetic,portrait,540,960,81,24.0,3.375,1,zh,天降废婿竟是满级大佬,True,False,clean
persistent_watermark__294_item6_v0d00fg10000d7i8glvog65uugm97h3g__clean_0000_000073000_000082000,vlm_multitype,persistent_watermark,294,synthetic,portrait,540,960,81,24.0,3.375,2,zh,财神天降上青云 | 优雅绽放,True,False,clean
persistent_watermark__296_007__clean_0000_000012000_000017000,vlm_multitype,persistent_watermark,296,synthetic,portrait,720,960,81,25.0,3.24,1,zh,温柔守护,True,False,clean
persistent_watermark__297_item50_v0300fg10000d7gduavog65k1l9hk0hg__clean_0000_000000000_000007000,vlm_multitype,persistent_watermark,297,synthetic,portrait,720,1280,81,25.0,3.24,2,en,Six Palms Break Old Dust | Schoolgirl in Thought,True,False,clean
persistent_watermark__298_015__clean_0003_000101000_000106233,vlm_multitype,persistent_watermark,298,synthetic,portrait,720,1280,81,25.0,3.24,1,zh,生活日常,True,False,clean
asr_subtitle__001_bc31b17809e581da1fe94a7bf7cba21f,asr_preview_seen,asr_subtitle,1,preview_seen,landscape,1280,720,107,23.976,4.462796129462796,2,en,and she's strapping on the feed bag at Ibiza. But then an angel from heaven saved her.,True,True,clean
asr_subtitle__002_02d596724f721034d6cdd7a58715197c,asr_preview_seen,asr_subtitle,2,preview_seen,landscape,1280,720,112,24.0,4.666666666666667,2,it,Mi rimandi un attimo l'indirizzo così per sicurezza eh?,True,True,clean
asr_subtitle__003_d2846b94ec0e56cfb943ad8c0377a092,asr_preview_seen,asr_subtitle,3,preview_seen,landscape,920,518,122,25.0,4.88,2,zh,交还两旗事关重大既然未有定论不如留在豫王府多住几天,True,True,clean
asr_subtitle__004_47e95d7d5cede3ec44bd1be60e10f5ed,asr_preview_seen,asr_subtitle,4,preview_seen,landscape,1280,718,225,23.976023976023978,9.384374999999999,2,es,"Ella cambió mucho después del trasplante, Braulio. Estaba muy inestable.",True,True,clean
asr_subtitle__009_ac4ef0cc54ca8c3035cd9c80dc0aee93,asr_preview_seen,asr_subtitle,9,preview_seen,landscape,1280,720,147,25.0,5.88,2,zh,我不管你是通过什么途径得到的消息目前这个案子处在保密阶段不允许任何人,True,True,clean
asr_subtitle__012_23c64977165820dea64bb2a90a069396,asr_preview_seen,asr_subtitle,12,preview_seen,landscape,1280,720,125,29.97002997002997,4.170833333333333,1,ko,아 대표님 출발하실 시간이십니다.,True,True,clean
asr_subtitle__013_032fe7dcaaaafa0a30523bca2a81cf49,asr_preview_seen,asr_subtitle,13,preview_seen,landscape,1280,720,116,23.976023976023978,4.838166666666666,2,en,"In any case, he's not here now, and he's got to come back.",True,True,clean
asr_subtitle__015_6cabc6643fbc2452453107163975c331,asr_preview_seen,asr_subtitle,15,preview_seen,landscape,1280,720,113,23.97598627787307,4.713049077121191,2,en,"It's called unlawful imprisonment and human smuggling. Joe, those are very bad things.",True,True,clean
asr_subtitle__017_f021a03ff3b060c4e7bc2e6e99300e99,asr_preview_seen,asr_subtitle,17,preview_seen,landscape,876,492,123,23.976023976023978,5.130125,3,en,Look around you. Does this look like the typical apartment of a hardcore heroin user?,True,True,clean
asr_subtitle__018_f4b91bd9a0856f182b29aae0ae38e33e,asr_preview_seen,asr_subtitle,18,preview_seen,landscape,990,556,90,25.0,3.6,1,ko,그럼 지금 오면 두르고 다니던 건 대체 뭔데?,True,True,clean
asr_subtitle__019_962755e30cc30602bacd6e3fb4a3e8ca,asr_preview_seen,asr_subtitle,19,preview_seen,landscape,1280,720,177,23.976023976023978,7.382375,2,ja,戦争が終わって間もない頃だって黒人の兵隊が親子連れで温泉に来たって言ってました,True,True,clean
asr_subtitle__021_084c1ee8402e516a0efcd12855b32642,asr_preview_seen,asr_subtitle,21,preview_seen,landscape,1280,720,82,23.976023976023978,3.420083333333333,2,en,Even the doctors won't go near them for fear of being infected.,True,True,clean
asr_subtitle__022_8852b9cc9736789c7502f2fba3f0729b,asr_preview_seen,asr_subtitle,22,preview_seen,landscape,960,720,94,25.0,3.76,2,en,Or perhaps you've gained an ally in protecting her.,True,True,clean
asr_subtitle__025_be806cabc823dbe20ae643fc12419996,asr_preview_seen,asr_subtitle,25,preview_seen,landscape,1280,720,106,23.976023976023978,4.421083333333333,2,en,"Secondly then, priorly, firstly, I will be having me compass back.",True,True,clean
asr_subtitle__026_76b9685be5f834d9469308acdccc2108,asr_preview_seen,asr_subtitle,26,preview_seen,landscape,1280,720,234,25.0,9.36,3,zh,没让你不想他你不跟我在一块的时候你爱怎么想怎么想真正忘记一个人不是逼着自己不去想他,True,True,clean
asr_subtitle__027_1a09a50b5134bd9abdffb279463831f8,asr_preview_seen,asr_subtitle,27,preview_seen,landscape,1060,596,136,24.0,5.666666666666667,1,zh,是你朋友 無緣無故出來給我撿,True,True,clean
asr_subtitle__028_12682946e442672251e4fdc012216013,asr_preview_seen,asr_subtitle,28,preview_seen,landscape,850,638,84,25.0,3.36,1,zh,"沒氣, 小奶奶, 不關我的事我沒偷喝",True,True,clean
asr_subtitle__029_1b7707d8dd7fbcea28040d8394efc707,asr_preview_seen,asr_subtitle,29,preview_seen,landscape,1280,718,105,25.0,4.2,2,zh,好不容易露一次面你我看你是急着白脸想把你姐夫给气死,True,True,clean
asr_subtitle__030_eeaaacf5a6f234832a9f506ebe3aa1eb,asr_preview_seen,asr_subtitle,30,preview_seen,landscape,1280,720,155,23.976023976023978,6.464791666666666,4,pt,"Sabe o que o povo, sabe o freak que faz nas suas casas? Dá o porra de um guardanapo pra gente se embulhar. Ah, foi dormir na casa dos outros?",True,True,clean
asr_subtitle__032_08bbb25c3d5c61ca6efe72a67270f695,asr_preview_seen,asr_subtitle,32,preview_seen,landscape,1016,572,171,29.971,5.7055153314871045,2,ja,全部乗せちゃおう俺の笑顔も乗せちゃおうかななんつった,True,True,clean
asr_subtitle__033_95b702df7c9d042b3402e7159ac0a8d0,asr_preview_seen,asr_subtitle,33,preview_seen,landscape,986,554,110,25.0,4.4,2,zh,"神造世人,人人平等所以沒說公不公平的事不言遲",True,True,clean
asr_subtitle__034_54add750e8a0ba5b41cd950232e6c15c,asr_preview_seen,asr_subtitle,34,preview_seen,landscape,704,528,259,29.970031545741325,8.641966212304615,2,zh,说得好 了如神不过你这番话到底是为我为烟藏风还是为你自己,True,True,clean
asr_subtitle__035_2f842b949cb111139668611c9c899c11,asr_preview_seen,asr_subtitle,35,preview_seen,landscape,1280,718,123,25.0,4.92,1,th,จะมีแม่ตาเลี้ยงพวกเราอยู่ทอบเรา,True,True,clean
asr_subtitle__036_cc6f81b272f1bbcc8f93e084cea3ceef,asr_preview_seen,asr_subtitle,36,preview_seen,landscape,876,492,83,23.976023976023978,3.4617916666666666,2,en,"Todd, could you come over to my place? I need some help with that thing.",True,True,clean
asr_subtitle__038_85a036ba18889bf261dde0584c43083c,asr_preview_seen,asr_subtitle,38,preview_seen,landscape,1280,720,84,25.0,3.36,1,zh,齊人?還有其他人的嗎?,True,True,clean
asr_subtitle__039_6a9cd1666e7ab34f5a2f0be9adb68475,asr_preview_seen,asr_subtitle,39,preview_seen,landscape,1280,718,159,25.0,6.36,2,th,คือปกติผมจะไม่ค่อยพลาดอะไรที่เกี่ยวกับวงนี้หรอกนะครับ,True,True,clean
asr_subtitle__041_f9d1375a0e3ee2cc2cc66c6a8f878e22,asr_preview_seen,asr_subtitle,41,preview_seen,landscape,1280,720,125,25.0,5.0,1,zh,范黎投身月庭至今还是截然以身吧,True,True,clean
asr_subtitle__042_60bb7df6cbf4c3880abc729fc1138f3a,asr_preview_seen,asr_subtitle,42,preview_seen,landscape,1280,718,217,23.976023976023978,9.050708333333333,3,en,"V has interests. It's just... Yeah. No, I mean, she works a lot, so... Two babies, no help?",True,True,clean
asr_subtitle__044_24848d19b116d2b7eb36a5508671e91b,asr_preview_seen,asr_subtitle,44,preview_seen,landscape,996,560,116,25.0,4.64,1,zh,巧儿去把家里的人都叫来,True,True,clean
asr_subtitle__045_2583ae03235770237ec952b5a82ad448,asr_preview_seen,asr_subtitle,45,preview_seen,landscape,1280,718,244,29.97002997002997,8.141466666666666,1,ko,뭐든지 다 받으시겠다고요?,True,True,clean
asr_subtitle__047_9015aa57ce1c8d8171f10148d123e770,asr_preview_seen,asr_subtitle,47,preview_seen,landscape,808,454,90,25.0,3.6,1,zh,肯定的输整不好还得哭,True,True,clean
asr_subtitle__049_26e9c33a39c7a45cbd18ed3cd7faf9f5,asr_preview_seen,asr_subtitle,49,preview_seen,landscape,1280,720,146,23.976023976023978,6.089416666666666,1,ko,그래 마 저 건너 건너 방앗간지 봐도?,True,True,clean
asr_subtitle__050_337d89719c144c9a0b21dd57c3aab76a,asr_preview_seen,asr_subtitle,50,preview_seen,landscape,1280,718,111,25.0,4.44,2,th,แล้วถ้าให้อิฮิวมันรับแคลร์กัน ใครจะเป็นดีเจกับเอิงซีร้านน่ะ,True,True,clean
asr_subtitle__051_e51986d9b7ebf46c5b6fcfb67376fae1,asr_preview_seen,asr_subtitle,51,preview_seen,landscape,1280,720,161,24.0,6.708333333333333,1,pl,Jak tam? Wczorajsza lekcja się przydała?,True,True,clean
asr_subtitle__052_60bb5ef05d9fa95eda285839b0a7daa0,asr_preview_seen,asr_subtitle,52,preview_seen,landscape,1280,720,142,25.0,5.68,2,zh,我知道可是在我们国家的立法没有对应的罪名以缴手信就办不下来,True,True,clean
asr_subtitle__053_43db7e8db846b71005d6b14d8da29daa,asr_preview_seen,asr_subtitle,53,preview_seen,landscape,874,492,96,25.0,3.84,1,zh,我本可以把他和你一起接近崔府,True,True,clean
asr_subtitle__055_c367e717b9a5ac792ba8a8e6efb95e6c,asr_preview_seen,asr_subtitle,55,preview_seen,landscape,1280,720,197,25.0,7.88,2,zh,这雅雅人对你多好啊我到大营来这儿的乡亲们和同志们对我都像亲人一样,True,True,clean
asr_subtitle__056_fec45deb2fa073f7df88ee64451d81ca,asr_preview_seen,asr_subtitle,56,preview_seen,landscape,1204,452,192,23.976023976023978,8.008,2,ja,この先いつまた別の外星人が攻めてこないとも限りません備えあれば憂いなし,True,True,clean
asr_subtitle__058_5c5329509df04339301b14a9d831945d,asr_preview_seen,asr_subtitle,58,preview_seen,landscape,1280,720,108,23.976023976023978,4.504499999999999,2,ko,내가 휘영이 엄마한테 간도 쓸개도 다 빼다 바치면서 옆에서 한유노릇하는 거 뻔히 쳐다보고도,True,True,clean
asr_subtitle__060_695ea475ae61db13c8068a67bd47d8e1,asr_preview_seen,asr_subtitle,60,preview_seen,landscape,1280,718,294,25.0,11.76,2,zh,好 特别好我跟风喆每天都在帮助村民今天这家的猪下崽了,True,True,clean
asr_subtitle__062_4205f94887fa002c4eed897fcfd9abd1,asr_preview_seen,asr_subtitle,62,preview_seen,landscape,1138,640,128,23.975985652770184,5.3386752,2,en,"Like, I mean, this is just one example, but they mentioned Sprite.",True,True,clean
asr_subtitle__064_ae58f78b0d1a4b4dae66142a7ac29796,asr_preview_seen,asr_subtitle,64,preview_seen,landscape,1280,720,124,25.0,4.96,2,zh,我再说一句啊现在公司里面的人际关系非常复杂牵手很多,True,True,clean
asr_subtitle__065_db47a274b4872cdb8b85a0a30957585b,asr_preview_seen,asr_subtitle,65,preview_seen,landscape,1280,720,233,25.0,9.32,2,zh,我还是要谢谢你的起码你带来一个好消息赵舒诚回来了,True,True,clean
asr_subtitle__066_d70f945542db271eaad91bc653c13f20,asr_preview_seen,asr_subtitle,66,preview_seen,landscape,1078,606,195,25.0,7.8,3,it,io non è che sto qua a parlare di questa roba perché mo cioè voglio dire c'ho il mio speciale siamo qua tutti insieme,True,True,clean
asr_subtitle__067_e7f1287e369fa7574cb5c9b1003747d1,asr_preview_seen,asr_subtitle,67,preview_seen,landscape,912,512,124,29.970031545741325,4.137466449134256,1,ko,아 진짜 어이없어 무슨 이런 경우없는,True,True,clean
asr_subtitle__068_0ae5f74198eddf1153936087a398b681,asr_preview_seen,asr_subtitle,68,preview_seen,landscape,640,480,114,29.97002997002997,3.8038,3,en,It was a reflex. I saw the gun and then I just hit the accelerator.,True,True,clean
asr_subtitle__069_cfcc47094ba5169df83855db9ede2b12,asr_preview_seen,asr_subtitle,69,preview_seen,landscape,1280,720,91,23.976023976023978,3.795458333333333,1,cy,Mae'r ffugiau yn rhaid eu deall.,True,True,clean
asr_subtitle__070_b34a9b6236424253404269069247a399,asr_preview_seen,asr_subtitle,70,preview_seen,landscape,1280,720,103,23.976023976023978,4.295958333333333,1,en,Let's see what you can do for me and Grace.,True,True,clean
asr_subtitle__071_06ba3ef4ee92b8da5396be6a2ab4f4f7,asr_preview_seen,asr_subtitle,71,preview_seen,landscape,1280,720,127,23.976023976023978,5.2969583333333325,1,ko,매번 네가 나를 정신이 번쩍 들게 해주는 것 같아.,True,True,clean
asr_subtitle__072_f47b2ebce855980b8a256f0bd41a88c8,asr_preview_seen,asr_subtitle,72,preview_seen,landscape,1280,720,205,23.976023976023978,8.550208333333332,4,en,"You're right. Trudeau didn't do the right thing. He didn't, but you... you can. Okay? You can let this innocent man go.",True,True,clean
asr_subtitle__074_144d2643478ceb94844f0fd05c0a11ca,asr_preview_seen,asr_subtitle,74,preview_seen,landscape,1280,718,130,25.0,5.2,1,zh,你这酒量也太厉害了还能装醉,True,True,clean
asr_subtitle__075_d732f0fa4fce02166fd11146c599c897,asr_preview_seen,asr_subtitle,75,preview_seen,landscape,1280,480,88,25.0,3.52,1,zh,小七金叔已经申请笔名自杀了,True,True,clean
asr_subtitle__078_ff443d5286c35acb6e9d7e60c43ae5dd,asr_preview_seen,asr_subtitle,78,preview_seen,landscape,756,426,157,24.998334998334997,6.280418276275476,2,en,we should be responsible for ourselves. Show others the way. You're right.,True,True,clean
asr_subtitle__079_b0614576dbb60c2c05c1916dbeee2a89,asr_preview_seen,asr_subtitle,79,preview_seen,landscape,1280,718,123,29.97002997002997,4.1041,2,ja,ごちそうさまでしたお母さんの料理マジうまかったっす,True,True,clean
asr_subtitle__081_2a73e48a4af065c9e38d775619df4e9c,asr_preview_seen,asr_subtitle,81,preview_seen,landscape,1280,718,116,23.976023976023978,4.838166666666666,2,en,"Guys, nobody wants this. We're supposed to be fucking professionals.",True,True,clean
asr_subtitle__082_b3adf1a57ded4acb4da1a4998f6a16be,asr_preview_seen,asr_subtitle,82,preview_seen,landscape,1080,720,167,25.0,6.68,2,zh,王丞相你是不是瞒着大家和王世充谈判以洛阳换取萧妃,True,True,clean
asr_subtitle__083_aef434c70d489a991c80b0deca1376ef,asr_preview_seen,asr_subtitle,83,preview_seen,landscape,1280,720,122,25.0,4.88,2,zh,且无论哪一方伤了归根究底伤的都是大清的根本,True,True,clean
asr_subtitle__084_a66fae518b7df49cf7841c4545b03ce0,asr_preview_seen,asr_subtitle,84,preview_seen,landscape,1280,720,120,25.0,4.8,2,zh,总统委派白云先生到南京组建成立经济督察大队,True,True,clean
asr_subtitle__086_594eb7e6e9d110e87f05c05248c8e61c,asr_preview_seen,asr_subtitle,86,preview_seen,landscape,996,560,146,25.0,5.84,2,zh,"不過凡事都有證據, 最壞的我沒有他做這件事害我, 動機是什麼",True,True,clean
asr_subtitle__087_9a7c5967d2e6e20e86905df3dd7d5003,asr_preview_seen,asr_subtitle,87,preview_seen,landscape,1280,720,105,29.97002997002997,3.5035000000000003,1,ko,앞으로 좀.,True,True,clean
asr_subtitle__089_514104ef43044e50d7c84c70bf7cc6a9,asr_preview_seen,asr_subtitle,89,preview_seen,landscape,1280,720,121,23.976023976023978,5.046708333333333,2,en,"Ex-NFL star, activist, Jim Brown without the weekends at the Playboy Mansion.",True,True,clean
asr_subtitle__091_7c18234c685c09db8fe7f46eb85b8d21,asr_preview_seen,asr_subtitle,91,preview_seen,landscape,972,546,101,29.97002997002997,3.370033333333333,1,ko,오늘 오후에 어머니가 혼서 가지고 가실 거예요.,True,True,clean
asr_subtitle__092_1966b0e72f7e7631589297115404891d,asr_preview_seen,asr_subtitle,92,preview_seen,landscape,1280,720,134,23.976,5.588922255588923,1,en,Friend. I was told she might have been more.,True,True,clean
asr_subtitle__094_596cc7dafbd5eac3a816940a215ac0f5,asr_preview_seen,asr_subtitle,94,preview_seen,landscape,1280,720,216,29.97002997002997,7.2072,1,ja,その気持ち私にも分かります,True,True,clean
asr_subtitle__095_274776e95fc9ddcb8bb533a1f4bcc6da,asr_preview_seen,asr_subtitle,95,preview_seen,landscape,1280,720,84,25.0,3.36,1,zh,不行我还得再试试,True,True,clean
asr_subtitle__097_ebd542ab52c9a9ea7ad776ad5a3cb6bb,asr_preview_seen,asr_subtitle,97,preview_seen,landscape,1280,720,208,24.0,8.666666666666666,1,zh,一个人说三兄弟出责事也就活该,True,True,clean
asr_subtitle__098_8152716a11228ddae973904722bc336b,asr_preview_seen,asr_subtitle,98,preview_seen,landscape,982,552,131,25.0,5.24,1,zh,"我在摸你不用摸, 廁所沒有廁紙不過你摸一下",True,True,clean
asr_subtitle__099_8112066d7eab0d6f456a9659579cdf06,asr_preview_seen,asr_subtitle,99,preview_seen,landscape,1042,586,93,25.0,3.72,1,zh,会累到你晚上只要闭上眼睛就不想再睁开,True,True,clean
